تاریخ,کد کالا,نام کالا,واحد,تعداد,قیمت واحد,بهای واحد,مبلغ کل,مشتری
1404/07/07,SKU00001,برنج ایرانی هاشمی ۱۰ کیلویی,کارتن,2,3461538,2923077,6923076,فروشگاه امید
1404/07/07,SKU00027,برنج پاکستانی باسماتی ۱۰ کیلویی,کارتن,3,2038462,1615385,6115386,هایپر ستاره شهر
1404/07/07,SKU00028,روغن آفتابگردان ۱.۸ لیتری,عدد,15,142308,115385,2134620,فروشگاه سپیدار
1404/07/07,SKU00029,روغن سرخ‌کردنی ۴.۵ لیتری,عدد,8,350000,292308,2800000,فروشگاه گلستان
1404/07/07,SKU00030,شکر سفید ۹۰۰ گرمی,عدد,20,32308,26923,646160,بقالی برادران احمدی
1404/07/07,SKU00031,چای کیسه‌ای ۱۰۰ عددی,عدد,12,188462,150000,2261544,فروشگاه رفاه محلی
1404/07/07,SKU00032,قهوه فوری ۲۰۰ گرمی,عدد,2,400000,323077,800000,فروشگاه گلستان
1404/07/07,SKU00033,نوشابه خانواده ۱.۵ لیتری,عدد,42,36923,29231,1550766,مینی‌مارکت شبانه
1404/07/07,SKU00034,آب معدنی ۱.۵ لیتری بسته ۶ عددی,بسته,9,73846,60000,664614,سوپرمارکت آفتاب
1404/07/07,SKU00035,ماکارونی ۷۰۰ گرمی,عدد,14,40000,32308,560000,فروشگاه سپیدار
1404/07/07,SKU00036,رب گوجه ۸۰۰ گرمی,عدد,18,83077,67692,1495386,فروشگاه زنجیره‌ای مهر
1404/07/07,SKU00037,تن ماهی ۱۸۰ گرمی,عدد,21,129231,103846,2713851,فروشگاه امید
1404/07/07,SKU00038,لوبیا چیتی ۹۰۰ گرمی,عدد,12,109231,88462,1310772,سوپرمارکت آفتاب
1404/07/07,SKU00039,عدس ۹۰۰ گرمی,عدد,8,93846,75385,750768,سوپرمارکت پارسیان
1404/07/07,SKU00040,نخود ۹۰۰ گرمی,عدد,7,100000,80769,700000,مینی‌مارکت شبانه
1404/07/07,SKU00041,پنیر سفید ۴۰۰ گرمی,عدد,20,84615,67692,1692300,فروشگاه امید
1404/07/07,SKU00042,شیر کم‌چرب ۱ لیتری,عدد,7,40000,32308,280000,فروشگاه زنجیره‌ای مهر
1404/07/07,SKU00043,ماست دبه ۲ کیلویی,عدد,12,157692,126923,1892304,فروشگاه سپیدار
1404/07/07,SKU00044,کره حیوانی ۱۰۰ گرمی,عدد,8,90769,73077,726152,فروشگاه یاس
1404/07/07,SKU00045,مایع ظرفشویی ۳.۷۵ لیتری,عدد,7,169231,134615,1184617,سوپر پروتئین سبز
1404/07/07,SKU00046,پودر لباسشویی ۵ کیلویی,عدد,4,361538,296154,1446152,فروشگاه سپیدار
1404/07/07,SKU00047,دستمال کاغذی ۳۰۰ برگ,بسته,14,65385,52308,915390,فروشگاه رفاه محلی
1404/07/07,SKU00048,شامپو ۹۰۰ میلی‌لیتری,عدد,2,206154,165385,412308,بوفه دانشگاه
1404/07/07,SKU00049,خمیر دندان ۱۰۰ گرمی,عدد,10,70769,55385,707690,کافه رستوران ونک
1404/07/07,SKU00050,صابون بسته ۶ عددی,بسته,10,92308,73846,923080,مینی‌مارکت نسیم
1404/07/08,SKU00001,برنج ایرانی هاشمی ۱۰ کیلویی,کارتن,5,3465000,2926000,17325000,فروشگاه زنجیره‌ای مهر
1404/07/08,SKU00027,برنج پاکستانی باسماتی ۱۰ کیلویی,کارتن,3,2040500,1617000,6121500,مینی‌مارکت نسیم
1404/07/08,SKU00028,روغن آفتابگردان ۱.۸ لیتری,عدد,22,142450,115500,3133900,هایپر نیک
1404/07/08,SKU00029,روغن سرخ‌کردنی ۴.۵ لیتری,عدد,5,350350,292600,1751750,سوپر مارکت البرز
1404/07/08,SKU00030,شکر سفید ۹۰۰ گرمی,عدد,19,32340,26950,614460,کافه رستوران ونک
1404/07/08,SKU00031,چای کیسه‌ای ۱۰۰ عددی,عدد,10,188650,150150,1886500,سوپر پروتئین سبز
1404/07/08,SKU00032,قهوه فوری ۲۰۰ گرمی,عدد,3,400400,323400,1201200,سوپرمارکت پارسیان
1404/07/08,SKU00033,نوشابه خانواده ۱.۵ لیتری,عدد,43,36960,29260,1589280,فروشگاه رفاه محلی
1404/07/08,SKU00034,آب معدنی ۱.۵ لیتری بسته ۶ عددی,بسته,14,73920,60060,1034880,فروشگاه امید
1404/07/08,SKU00035,ماکارونی ۷۰۰ گرمی,عدد,29,40040,32340,1161160,بوفه دانشگاه
1404/07/08,SKU00036,رب گوجه ۸۰۰ گرمی,عدد,19,83160,67760,1580040,فروشگاه گلستان
1404/07/08,SKU00037,تن ماهی ۱۸۰ گرمی,عدد,9,129360,103950,1164240,کافه رستوران ونک
1404/07/08,SKU00038,لوبیا چیتی ۹۰۰ گرمی,عدد,7,109340,88550,765380,کافه رستوران ونک
1404/07/08,SKU00039,عدس ۹۰۰ گرمی,عدد,9,93940,75460,845460,سوپر مارکت البرز
1404/07/08,SKU00040,نخود ۹۰۰ گرمی,عدد,7,100100,80850,700700,مینی‌مارکت نسیم
1404/07/08,SKU00041,پنیر سفید ۴۰۰ گرمی,عدد,35,84700,67760,2964500,فروشگاه سپیدار
1404/07/08,SKU00042,شیر کم‌چرب ۱ لیتری,عدد,27,40040,32340,1081080,هایپر ستاره شهر
1404/07/08,SKU00043,ماست دبه ۲ کیلویی,عدد,7,157850,127050,1104950,سوپرمارکت پارسیان
1404/07/08,SKU00044,کره حیوانی ۱۰۰ گرمی,عدد,10,90860,73150,908600,هایپر نیک
1404/07/08,SKU00045,مایع ظرفشویی ۳.۷۵ لیتری,عدد,4,169400,134750,677600,تعاونی مصرف کارکنان
1404/07/08,SKU00046,پودر لباسشویی ۵ کیلویی,عدد,5,361900,296450,1809500,سوپرمارکت پارسیان
1404/07/08,SKU00047,دستمال کاغذی ۳۰۰ برگ,بسته,27,65450,52360,1767150,سوپر مارکت البرز
1404/07/08,SKU00048,شامپو ۹۰۰ میلی‌لیتری,عدد,8,206360,165550,1650880,سوپرمارکت پارسیان
1404/07/08,SKU00049,خمیر دندان ۱۰۰ گرمی,عدد,14,70840,55440,991760,سوپر مارکت البرز
1404/07/08,SKU00050,صابون بسته ۶ عددی,بسته,5,92400,73920,462000,سوپر مارکت البرز
1404/07/09,SKU00001,برنج ایرانی هاشمی ۱۰ کیلویی,کارتن,2,3468462,2928923,6936924,بوفه دانشگاه
1404/07/09,SKU00027,برنج پاکستانی باسماتی ۱۰ کیلویی,کارتن,6,2042538,1618615,12255228,سوپر مارکت البرز
1404/07/09,SKU00028,روغن آفتابگردان ۱.۸ لیتری,عدد,23,142592,115615,3279616,کافه رستوران ونک
1404/07/09,SKU00029,روغن سرخ‌کردنی ۴.۵ لیتری,عدد,5,350700,292892,1753500,بوفه دانشگاه
1404/07/09,SKU00030,شکر سفید ۹۰۰ گرمی,عدد,18,32372,26977,582696,بقالی برادران احمدی
1404/07/09,SKU00031,چای کیسه‌ای ۱۰۰ عددی,عدد,10,188838,150300,1888380,بوفه دانشگاه
1404/07/09,SKU00032,قهوه فوری ۲۰۰ گرمی,عدد,6,400800,323723,2404800,سوپر پروتئین سبز
1404/07/09,SKU00033,نوشابه خانواده ۱.۵ لیتری,عدد,56,36997,29289,2071832,فروشگاه امید
1404/07/09,SKU00034,آب معدنی ۱.۵ لیتری بسته ۶ عددی,بسته,26,73994,60120,1923844,هایپر نیک
1404/07/09,SKU00035,ماکارونی ۷۰۰ گرمی,عدد,26,40080,32372,1042080,فروشگاه گلستان
1404/07/09,SKU00036,رب گوجه ۸۰۰ گرمی,عدد,20,83243,67828,1664860,سوپرمارکت آفتاب
1404/07/09,SKU00037,تن ماهی ۱۸۰ گرمی,عدد,14,129489,104054,1812846,فروشگاه رفاه محلی
1404/07/09,SKU00038,لوبیا چیتی ۹۰۰ گرمی,عدد,10,109449,88638,1094490,هایپر ستاره شهر
1404/07/09,SKU00039,عدس ۹۰۰ گرمی,عدد,9,94034,75535,846306,هایپر ستاره شهر
1404/07/09,SKU00040,نخود ۹۰۰ گرمی,عدد,5,100200,80931,501000,بقالی برادران احمدی
1404/07/09,SKU00041,پنیر سفید ۴۰۰ گرمی,عدد,16,84785,67828,1356560,مینی‌مارکت نسیم
1404/07/09,SKU00042,شیر کم‌چرب ۱ لیتری,عدد,15,40080,32372,601200,بقالی برادران احمدی
1404/07/09,SKU00043,ماست دبه ۲ کیلویی,عدد,10,158008,127177,1580080,فروشگاه سپیدار
1404/07/09,SKU00044,کره حیوانی ۱۰۰ گرمی,عدد,10,90951,73223,909510,هایپر نیک
1404/07/09,SKU00045,مایع ظرفشویی ۳.۷۵ لیتری,عدد,11,169569,134885,1865259,کافه رستوران ونک
1404/07/09,SKU00046,پودر لباسشویی ۵ کیلویی,عدد,6,362262,296746,2173572,بوفه دانشگاه
1404/07/09,SKU00047,دستمال کاغذی ۳۰۰ برگ,بسته,14,65515,52412,917210,سوپر مارکت البرز
1404/07/09,SKU00048,شامپو ۹۰۰ میلی‌لیتری,عدد,6,206566,165715,1239396,سوپر پروتئین سبز
1404/07/09,SKU00049,خمیر دندان ۱۰۰ گرمی,عدد,17,70911,55495,1205487,سوپرمارکت آفتاب
1404/07/09,SKU00050,صابون بسته ۶ عددی,بسته,8,92492,73994,739936,سوپر پروتئین سبز
1404/07/10,SKU00001,برنج ایرانی هاشمی ۱۰ کیلویی,کارتن,1,3471923,2931846,3471923,سوپر مارکت البرز
1404/07/10,SKU00027,برنج پاکستانی باسماتی ۱۰ کیلویی,کارتن,12,2044577,1620231,24534924,تعاونی مصرف کارکنان
1404/07/10,SKU00028,روغن آفتابگردان ۱.۸ لیتری,عدد,19,142735,115731,2711965,فروشگاه امید
1404/07/10,SKU00029,روغن سرخ‌کردنی ۴.۵ لیتری,عدد,5,351050,293185,1755250,بوفه دانشگاه
1404/07/10,SKU00030,شکر سفید ۹۰۰ گرمی,عدد,42,32405,27004,1361010,فروشگاه سپیدار
1404/07/10,SKU00031,چای کیسه‌ای ۱۰۰ عددی,عدد,11,189027,150450,2079297,سوپرمارکت آفتاب
1404/07/10,SKU00032,قهوه فوری ۲۰۰ گرمی,عدد,7,401200,324046,2808400,سوپر مارکت البرز
1404/07/10,SKU00033,نوشابه خانواده ۱.۵ لیتری,عدد,72,37034,29318,2666448,سوپر مارکت البرز
1404/07/10,SKU00034,آب معدنی ۱.۵ لیتری بسته ۶ عددی,بسته,18,74068,60180,1333224,فروشگاه امید
1404/07/10,SKU00035,ماکارونی ۷۰۰ گرمی,عدد,29,40120,32405,1163480,تعاونی مصرف کارکنان
1404/07/10,SKU00036,رب گوجه ۸۰۰ گرمی,عدد,19,83326,67895,1583194,هایپر ستاره شهر
1404/07/10,SKU00037,تن ماهی ۱۸۰ گرمی,عدد,26,129618,104158,3370068,سوپرمارکت پارسیان
1404/07/10,SKU00038,لوبیا چیتی ۹۰۰ گرمی,عدد,6,109558,88727,657348,فروشگاه رفاه محلی
1404/07/10,SKU00039,عدس ۹۰۰ گرمی,عدد,6,94128,75611,564768,فروشگاه گلستان
1404/07/10,SKU00040,نخود ۹۰۰ گرمی,عدد,6,100300,81012,601800,هایپر ستاره شهر
1404/07/10,SKU00041,پنیر سفید ۴۰۰ گرمی,عدد,35,84869,67895,2970415,بوفه دانشگاه
1404/07/10,SKU00042,شیر کم‌چرب ۱ لیتری,عدد,51,40120,32405,2046120,سوپرمارکت آفتاب
1404/07/10,SKU00043,ماست دبه ۲ کیلویی,عدد,20,158165,127304,3163300,سوپرمارکت پارسیان
1404/07/10,SKU00044,کره حیوانی ۱۰۰ گرمی,عدد,6,91042,73296,546252,سوپر مارکت البرز
1404/07/10,SKU00045,مایع ظرفشویی ۳.۷۵ لیتری,عدد,7,169738,135019,1188166,فروشگاه زنجیره‌ای مهر
1404/07/10,SKU00046,پودر لباسشویی ۵ کیلویی,عدد,4,362623,297042,1450492,فروشگاه امید
1404/07/10,SKU00047,دستمال کاغذی ۳۰۰ برگ,بسته,15,65581,52465,983715,هایپر ستاره شهر
1404/07/10,SKU00048,شامپو ۹۰۰ میلی‌لیتری,عدد,4,206772,165881,827088,فروشگاه زنجیره‌ای مهر
1404/07/10,SKU00049,خمیر دندان ۱۰۰ گرمی,عدد,18,70982,55551,1277676,کافه رستوران ونک
1404/07/10,SKU00050,صابون بسته ۶ عددی,بسته,10,92585,74068,925850,سوپرمارکت آفتاب
1404/07/11,SKU00001,برنج ایرانی هاشمی ۱۰ کیلویی,کارتن,2,3475385,2934769,6950770,بقالی برادران احمدی
1404/07/11,SKU00027,برنج پاکستانی باسماتی ۱۰ کیلویی,کارتن,2,2046615,1621846,4093230,فروشگاه سپیدار
1404/07/11,SKU00028,روغن آفتابگردان ۱.۸ لیتری,عدد,13,142877,115846,1857401,سوپرمارکت آفتاب
1404/07/11,SKU00029,روغن سرخ‌کردنی ۴.۵ لیتری,عدد,2,351400,293477,702800,فروشگاه رفاه محلی
1404/07/11,SKU00030,شکر سفید ۹۰۰ گرمی,عدد,21,32437,27031,681177,فروشگاه زنجیره‌ای مهر
1404/07/11,SKU00031,چای کیسه‌ای ۱۰۰ عددی,عدد,5,189215,150600,946075,فروشگاه امید
1404/07/11,SKU00032,قهوه فوری ۲۰۰ گرمی,عدد,3,401600,324369,1204800,بقالی برادران احمدی
1404/07/11,SKU00033,نوشابه خانواده ۱.۵ لیتری,عدد,23,37071,29348,852633,سوپرمارکت پارسیان
1404/07/11,SKU00034,آب معدنی ۱.۵ لیتری بسته ۶ عددی,بسته,10,74142,60240,741420,فروشگاه گلستان
1404/07/11,SKU00035,ماکارونی ۷۰۰ گرمی,عدد,17,40160,32437,682720,مینی‌مارکت شبانه
1404/07/11,SKU00036,رب گوجه ۸۰۰ گرمی,عدد,5,83409,67963,417045,فروشگاه سپیدار
1404/07/11,SKU00037,تن ماهی ۱۸۰ گرمی,عدد,8,129748,104262,1037984,تعاونی مصرف کارکنان
1404/07/11,SKU00038,لوبیا چیتی ۹۰۰ گرمی,عدد,3,109668,88815,329004,بوفه دانشگاه
1404/07/11,SKU00039,عدس ۹۰۰ گرمی,عدد,4,94222,75686,376888,سوپر پروتئین سبز
1404/07/11,SKU00040,نخود ۹۰۰ گرمی,عدد,5,100400,81092,502000,سوپرمارکت آفتاب
1404/07/11,SKU00041,پنیر سفید ۴۰۰ گرمی,عدد,10,84954,67963,849540,سوپرمارکت آفتاب
1404/07/11,SKU00042,شیر کم‌چرب ۱ لیتری,عدد,16,40160,32437,642560,مینی‌مارکت شبانه
1404/07/11,SKU00043,ماست دبه ۲ کیلویی,عدد,7,158323,127431,1108261,کافه رستوران ونک
1404/07/11,SKU00044,کره حیوانی ۱۰۰ گرمی,عدد,4,91132,73369,364528,فروشگاه امید
1404/07/11,SKU00045,مایع ظرفشویی ۳.۷۵ لیتری,عدد,8,169908,135154,1359264,فروشگاه یاس
1404/07/11,SKU00046,پودر لباسشویی ۵ کیلویی,عدد,3,362985,297338,1088955,فروشگاه رفاه محلی
1404/07/11,SKU00047,دستمال کاغذی ۳۰۰ برگ,بسته,7,65646,52517,459522,هایپر ستاره شهر
1404/07/11,SKU00048,شامپو ۹۰۰ میلی‌لیتری,عدد,3,206978,166046,620934,بوفه دانشگاه
1404/07/11,SKU00049,خمیر دندان ۱۰۰ گرمی,عدد,3,71052,55606,213156,هایپر نیک
1404/07/11,SKU00050,صابون بسته ۶ عددی,بسته,6,92677,74142,556062,فروشگاه رفاه محلی
1404/07/12,SKU00001,برنج ایرانی هاشمی ۱۰ کیلویی,کارتن,4,3478846,2937692,13915384,سوپر مارکت البرز
1404/07/12,SKU00027,برنج پاکستانی باسماتی ۱۰ کیلویی,کارتن,4,2048654,1623462,8194616,سوپرمارکت آفتاب
1404/07/12,SKU00028,روغن آفتابگردان ۱.۸ لیتری,عدد,8,143019,115962,1144152,سوپرمارکت پارسیان
1404/07/12,SKU00029,روغن سرخ‌کردنی ۴.۵ لیتری,عدد,7,351750,293769,2462250,تعاونی مصرف کارکنان
1404/07/12,SKU00030,شکر سفید ۹۰۰ گرمی,عدد,45,32469,27058,1461105,هایپر ستاره شهر
1404/07/12,SKU00031,چای کیسه‌ای ۱۰۰ عددی,عدد,11,189404,150750,2083444,فروشگاه سپیدار
1404/07/12,SKU00032,قهوه فوری ۲۰۰ گرمی,عدد,4,402000,324692,1608000,سوپرمارکت آفتاب
1404/07/12,SKU00033,نوشابه خانواده ۱.۵ لیتری,عدد,36,37108,29377,1335888,فروشگاه سپیدار
1404/07/12,SKU00034,آب معدنی ۱.۵ لیتری بسته ۶ عددی,بسته,20,74215,60300,1484300,سوپر پروتئین سبز
1404/07/12,SKU00035,ماکارونی ۷۰۰ گرمی,عدد,25,40200,32469,1005000,فروشگاه رفاه محلی
1404/07/12,SKU00036,رب گوجه ۸۰۰ گرمی,عدد,21,83492,68031,1753332,فروشگاه زنجیره‌ای مهر
1404/07/12,SKU00037,تن ماهی ۱۸۰ گرمی,عدد,25,129877,104365,3246925,فروشگاه سپیدار
1404/07/12,SKU00038,لوبیا چیتی ۹۰۰ گرمی,عدد,5,109777,88904,548885,فروشگاه رفاه محلی
1404/07/12,SKU00039,عدس ۹۰۰ گرمی,عدد,3,94315,75762,282945,فروشگاه سپیدار
1404/07/12,SKU00040,نخود ۹۰۰ گرمی,عدد,7,100500,81173,703500,سوپر مارکت البرز
1404/07/12,SKU00041,پنیر سفید ۴۰۰ گرمی,عدد,7,85038,68031,595266,فروشگاه سپیدار
1404/07/12,SKU00042,شیر کم‌چرب ۱ لیتری,عدد,27,40200,32469,1085400,مینی‌مارکت شبانه
1404/07/12,SKU00043,ماست دبه ۲ کیلویی,عدد,6,158481,127558,950886,فروشگاه گلستان
1404/07/12,SKU00044,کره حیوانی ۱۰۰ گرمی,عدد,11,91223,73442,1003453,هایپر ستاره شهر
1404/07/12,SKU00045,مایع ظرفشویی ۳.۷۵ لیتری,عدد,13,170077,135288,2211001,بقالی برادران احمدی
1404/07/12,SKU00046,پودر لباسشویی ۵ کیلویی,عدد,7,363346,297635,2543422,سوپر پروتئین سبز
1404/07/12,SKU00047,دستمال کاغذی ۳۰۰ برگ,بسته,19,65712,52569,1248528,فروشگاه زنجیره‌ای مهر
1404/07/12,SKU00048,شامپو ۹۰۰ میلی‌لیتری,عدد,4,207185,166212,828740,هایپر ستاره شهر
1404/07/12,SKU00049,خمیر دندان ۱۰۰ گرمی,عدد,11,71123,55662,782353,مینی‌مارکت نسیم
1404/07/12,SKU00050,صابون بسته ۶ عددی,بسته,10,92769,74215,927690,فروشگاه سپیدار
1404/07/13,SKU00001,برنج ایرانی هاشمی ۱۰ کیلویی,کارتن,3,3482308,2940615,10446924,سوپر پروتئین سبز
1404/07/13,SKU00027,برنج پاکستانی باسماتی ۱۰ کیلویی,کارتن,5,2050692,1625077,10253460,سوپر مارکت البرز
1404/07/13,SKU00028,روغن آفتابگردان ۱.۸ لیتری,عدد,16,143162,116077,2290592,مینی‌مارکت شبانه
1404/07/13,SKU00029,روغن سرخ‌کردنی ۴.۵ لیتری,عدد,4,352100,294062,1408400,بوفه دانشگاه
1404/07/13,SKU00030,شکر سفید ۹۰۰ گرمی,عدد,29,32502,27085,942558,مینی‌مارکت نسیم
1404/07/13,SKU00031,چای کیسه‌ای ۱۰۰ عددی,عدد,12,189592,150900,2275104,فروشگاه گلستان
1404/07/13,SKU00032,قهوه فوری ۲۰۰ گرمی,عدد,4,402400,325015,1609600,مینی‌مارکت نسیم
1404/07/13,SKU00033,نوشابه خانواده ۱.۵ لیتری,عدد,29,37145,29406,1077205,تعاونی مصرف کارکنان
1404/07/13,SKU00034,آب معدنی ۱.۵ لیتری بسته ۶ عددی,بسته,14,74289,60360,1040046,سوپرمارکت آفتاب
1404/07/13,SKU00035,ماکارونی ۷۰۰ گرمی,عدد,31,40240,32502,1247440,کافه رستوران ونک
1404/07/13,SKU00036,رب گوجه ۸۰۰ گرمی,عدد,17,83575,68098,1420775,کافه رستوران ونک
1404/07/13,SKU00037,تن ماهی ۱۸۰ گرمی,عدد,21,130006,104469,2730126,سوپر مارکت البرز
1404/07/13,SKU00038,لوبیا چیتی ۹۰۰ گرمی,عدد,4,109886,88992,439544,فروشگاه رفاه محلی
1404/07/13,SKU00039,عدس ۹۰۰ گرمی,عدد,9,94409,75837,849681,بقالی برادران احمدی
1404/07/13,SKU00040,نخود ۹۰۰ گرمی,عدد,1,100600,81254,100600,کافه رستوران ونک
1404/07/13,SKU00041,پنیر سفید ۴۰۰ گرمی,عدد,35,85123,68098,2979305,فروشگاه زنجیره‌ای مهر
1404/07/13,SKU00042,شیر کم‌چرب ۱ لیتری,عدد,19,40240,32502,764560,فروشگاه سپیدار
1404/07/13,SKU00043,ماست دبه ۲ کیلویی,عدد,17,158638,127685,2696846,فروشگاه یاس
1404/07/13,SKU00044,کره حیوانی ۱۰۰ گرمی,عدد,14,91314,73515,1278396,مینی‌مارکت شبانه
1404/07/13,SKU00045,مایع ظرفشویی ۳.۷۵ لیتری,عدد,9,170246,135423,1532214,فروشگاه سپیدار
1404/07/13,SKU00046,پودر لباسشویی ۵ کیلویی,عدد,7,363708,297931,2545956,کافه رستوران ونک
1404/07/13,SKU00047,دستمال کاغذی ۳۰۰ برگ,بسته,22,65777,52622,1447094,سوپرمارکت آفتاب
1404/07/13,SKU00048,شامپو ۹۰۰ میلی‌لیتری,عدد,6,207391,166377,1244346,کافه رستوران ونک
1404/07/13,SKU00049,خمیر دندان ۱۰۰ گرمی,عدد,12,71194,55717,854328,هایپر نیک
1404/07/13,SKU00050,صابون بسته ۶ عددی,بسته,14,92862,74289,1300068,فروشگاه سپیدار
1404/07/14,SKU00001,برنج ایرانی هاشمی ۱۰ کیلویی,کارتن,2,3485769,2943538,6971538,سوپر مارکت البرز
1404/07/14,SKU00027,برنج پاکستانی باسماتی ۱۰ کیلویی,کارتن,5,2052731,1626692,10263655,فروشگاه سپیدار
1404/07/14,SKU00028,روغن آفتابگردان ۱.۸ لیتری,عدد,27,143304,116192,3869208,سوپر پروتئین سبز
1404/07/14,SKU00029,روغن سرخ‌کردنی ۴.۵ لیتری,عدد,3,352450,294354,1057350,تعاونی مصرف کارکنان
1404/07/14,SKU00030,شکر سفید ۹۰۰ گرمی,عدد,21,32534,27112,683214,هایپر نیک
1404/07/14,SKU00031,چای کیسه‌ای ۱۰۰ عددی,عدد,9,189781,151050,1708029,تعاونی مصرف کارکنان
1404/07/14,SKU00032,قهوه فوری ۲۰۰ گرمی,عدد,4,402800,325338,1611200,هایپر نیک
1404/07/14,SKU00033,نوشابه خانواده ۱.۵ لیتری,عدد,40,37182,29435,1487280,فروشگاه زنجیره‌ای مهر
1404/07/14,SKU00034,آب معدنی ۱.۵ لیتری بسته ۶ عددی,بسته,5,74363,60420,371815,تعاونی مصرف کارکنان
1404/07/14,SKU00035,ماکارونی ۷۰۰ گرمی,عدد,24,40280,32534,966720,بوفه دانشگاه
1404/07/14,SKU00036,رب گوجه ۸۰۰ گرمی,عدد,8,83658,68166,669264,فروشگاه گلستان
1404/07/14,SKU00037,تن ماهی ۱۸۰ گرمی,عدد,23,130135,104573,2993105,فروشگاه یاس
1404/07/14,SKU00038,لوبیا چیتی ۹۰۰ گرمی,عدد,6,109995,89081,659970,سوپرمارکت آفتاب
1404/07/14,SKU00039,عدس ۹۰۰ گرمی,عدد,8,94503,75912,756024,فروشگاه زنجیره‌ای مهر
1404/07/14,SKU00040,نخود ۹۰۰ گرمی,عدد,6,100700,81335,604200,فروشگاه گلستان
1404/07/14,SKU00041,پنیر سفید ۴۰۰ گرمی,عدد,21,85208,68166,1789368,فروشگاه گلستان
1404/07/14,SKU00042,شیر کم‌چرب ۱ لیتری,عدد,37,40280,32534,1490360,بوفه دانشگاه
1404/07/14,SKU00043,ماست دبه ۲ کیلویی,عدد,10,158796,127812,1587960,تعاونی مصرف کارکنان
1404/07/14,SKU00044,کره حیوانی ۱۰۰ گرمی,عدد,9,91405,73588,822645,مینی‌مارکت شبانه
1404/07/14,SKU00045,مایع ظرفشویی ۳.۷۵ لیتری,عدد,11,170415,135558,1874565,سوپرمارکت پارسیان
1404/07/14,SKU00046,پودر لباسشویی ۵ کیلویی,عدد,4,364069,298227,1456276,فروشگاه یاس
1404/07/14,SKU00047,دستمال کاغذی ۳۰۰ برگ,بسته,13,65842,52674,855946,مینی‌مارکت شبانه
1404/07/14,SKU00048,شامپو ۹۰۰ میلی‌لیتری,عدد,6,207597,166542,1245582,سوپر پروتئین سبز
1404/07/14,SKU00049,خمیر دندان ۱۰۰ گرمی,عدد,7,71265,55772,498855,سوپرمارکت پارسیان
1404/07/14,SKU00050,صابون بسته ۶ عددی,بسته,13,92954,74363,1208402,فروشگاه رفاه محلی
1404/07/15,SKU00001,برنج ایرانی هاشمی ۱۰ کیلویی,کارتن,3,3489231,2946462,10467693,فروشگاه گلستان
1404/07/15,SKU00027,برنج پاکستانی باسماتی ۱۰ کیلویی,کارتن,6,2054769,1628308,12328614,فروشگاه امید
1404/07/15,SKU00028,روغن آفتابگردان ۱.۸ لیتری,عدد,19,143446,116308,2725474,سوپر پروتئین سبز
1404/07/15,SKU00029,روغن سرخ‌کردنی ۴.۵ لیتری,عدد,5,352800,294646,1764000,سوپرمارکت آفتاب
1404/07/15,SKU00030,شکر سفید ۹۰۰ گرمی,عدد,37,32566,27138,1204942,فروشگاه رفاه محلی
1404/07/15,SKU00031,چای کیسه‌ای ۱۰۰ عددی,عدد,12,189969,151200,2279628,فروشگاه رفاه محلی
1404/07/15,SKU00032,قهوه فوری ۲۰۰ گرمی,عدد,6,403200,325662,2419200,سوپرمارکت پارسیان
1404/07/15,SKU00033,نوشابه خانواده ۱.۵ لیتری,عدد,38,37218,29465,1414284,مینی‌مارکت شبانه
1404/07/15,SKU00034,آب معدنی ۱.۵ لیتری بسته ۶ عددی,بسته,21,74437,60480,1563177,فروشگاه سپیدار
1404/07/15,SKU00035,ماکارونی ۷۰۰ گرمی,عدد,36,40320,32566,1451520,سوپرمارکت آفتاب
1404/07/15,SKU00036,رب گوجه ۸۰۰ گرمی,عدد,20,83742,68234,1674840,مینی‌مارکت نسیم
1404/07/15,SKU00037,تن ماهی ۱۸۰ گرمی,عدد,6,130265,104677,781590,مینی‌مارکت شبانه
1404/07/15,SKU00038,لوبیا چیتی ۹۰۰ گرمی,عدد,9,110105,89169,990945,مینی‌مارکت شبانه
1404/07/15,SKU00039,عدس ۹۰۰ گرمی,عدد,8,94597,75988,756776,سوپرمارکت آفتاب
1404/07/15,SKU00040,نخود ۹۰۰ گرمی,عدد,5,100800,81415,504000,فروشگاه گلستان
1404/07/15,SKU00041,پنیر سفید ۴۰۰ گرمی,عدد,15,85292,68234,1279380,کافه رستوران ونک
1404/07/15,SKU00042,شیر کم‌چرب ۱ لیتری,عدد,40,40320,32566,1612800,سوپرمارکت آفتاب
1404/07/15,SKU00043,ماست دبه ۲ کیلویی,عدد,8,158954,127938,1271632,مینی‌مارکت شبانه
1404/07/15,SKU00044,کره حیوانی ۱۰۰ گرمی,عدد,10,91495,73662,914950,فروشگاه رفاه محلی
1404/07/15,SKU00045,مایع ظرفشویی ۳.۷۵ لیتری,عدد,9,170585,135692,1535265,هایپر نیک
1404/07/15,SKU00046,پودر لباسشویی ۵ کیلویی,عدد,6,364431,298523,2186586,فروشگاه امید
1404/07/15,SKU00047,دستمال کاغذی ۳۰۰ برگ,بسته,22,65908,52726,1449976,کافه رستوران ونک
1404/07/15,SKU00048,شامپو ۹۰۰ میلی‌لیتری,عدد,8,207803,166708,1662424,فروشگاه یاس
1404/07/15,SKU00049,خمیر دندان ۱۰۰ گرمی,عدد,17,71335,55828,1212695,سوپر پروتئین سبز
1404/07/15,SKU00050,صابون بسته ۶ عددی,بسته,14,93046,74437,1302644,بوفه دانشگاه
1404/07/16,SKU00001,برنج ایرانی هاشمی ۱۰ کیلویی,کارتن,2,3492692,2949385,6985384,سوپر پروتئین سبز
1404/07/16,SKU00027,برنج پاکستانی باسماتی ۱۰ کیلویی,کارتن,4,2056808,1629923,8227232,تعاونی مصرف کارکنان
1404/07/16,SKU00028,روغن آفتابگردان ۱.۸ لیتری,عدد,24,143588,116423,3446112,بقالی برادران احمدی
1404/07/16,SKU00029,روغن سرخ‌کردنی ۴.۵ لیتری,عدد,6,353150,294938,2118900,فروشگاه رفاه محلی
1404/07/16,SKU00030,شکر سفید ۹۰۰ گرمی,عدد,24,32598,27165,782352,کافه رستوران ونک
1404/07/16,SKU00031,چای کیسه‌ای ۱۰۰ عددی,عدد,5,190158,151350,950790,تعاونی مصرف کارکنان
1404/07/16,SKU00032,قهوه فوری ۲۰۰ گرمی,عدد,3,403600,325985,1210800,مینی‌مارکت شبانه
1404/07/16,SKU00033,نوشابه خانواده ۱.۵ لیتری,عدد,51,37255,29494,1900005,سوپرمارکت آفتاب
1404/07/16,SKU00034,آب معدنی ۱.۵ لیتری بسته ۶ عددی,بسته,26,74511,60540,1937286,مینی‌مارکت نسیم
1404/07/16,SKU00035,ماکارونی ۷۰۰ گرمی,عدد,16,40360,32598,645760,بوفه دانشگاه
1404/07/16,SKU00036,رب گوجه ۸۰۰ گرمی,عدد,9,83825,68302,754425,بقالی برادران احمدی
1404/07/16,SKU00037,تن ماهی ۱۸۰ گرمی,عدد,19,130394,104781,2477486,بوفه دانشگاه
1404/07/16,SKU00038,لوبیا چیتی ۹۰۰ گرمی,عدد,6,110214,89258,661284,مینی‌مارکت نسیم
1404/07/16,SKU00039,عدس ۹۰۰ گرمی,عدد,6,94691,76063,568146,مینی‌مارکت شبانه
1404/07/16,SKU00040,نخود ۹۰۰ گرمی,عدد,5,100900,81496,504500,فروشگاه یاس
1404/07/16,SKU00041,پنیر سفید ۴۰۰ گرمی,عدد,19,85377,68302,1622163,سوپر پروتئین سبز
1404/07/16,SKU00042,شیر کم‌چرب ۱ لیتری,عدد,29,40360,32598,1170440,مینی‌مارکت نسیم
1404/07/16,SKU00043,ماست دبه ۲ کیلویی,عدد,10,159112,128065,1591120,فروشگاه گلستان
1404/07/16,SKU00044,کره حیوانی ۱۰۰ گرمی,عدد,12,91586,73735,1099032,کافه رستوران ونک
1404/07/16,SKU00045,مایع ظرفشویی ۳.۷۵ لیتری,عدد,12,170754,135827,2049048,کافه رستوران ونک
1404/07/16,SKU00046,پودر لباسشویی ۵ کیلویی,عدد,6,364792,298819,2188752,فروشگاه امید
1404/07/16,SKU00047,دستمال کاغذی ۳۰۰ برگ,بسته,20,65973,52778,1319460,هایپر نیک
1404/07/16,SKU00048,شامپو ۹۰۰ میلی‌لیتری,عدد,4,208009,166873,832036,تعاونی مصرف کارکنان
1404/07/16,SKU00049,خمیر دندان ۱۰۰ گرمی,عدد,14,71406,55883,999684,مینی‌مارکت نسیم
1404/07/16,SKU00050,صابون بسته ۶ عددی,بسته,9,93138,74511,838242,سوپر پروتئین سبز
1404/07/17,SKU00001,برنج ایرانی هاشمی ۱۰ کیلویی,کارتن,7,3496154,2952308,24473078,تعاونی مصرف کارکنان
1404/07/17,SKU00027,برنج پاکستانی باسماتی ۱۰ کیلویی,کارتن,6,2058846,1631538,12353076,بقالی برادران احمدی
1404/07/17,SKU00028,روغن آفتابگردان ۱.۸ لیتری,عدد,35,143731,116538,5030585,مینی‌مارکت نسیم
1404/07/17,SKU00029,روغن سرخ‌کردنی ۴.۵ لیتری,عدد,8,353500,295231,2828000,فروشگاه رفاه محلی
1404/07/17,SKU00030,شکر سفید ۹۰۰ گرمی,عدد,27,32631,27192,881037,تعاونی مصرف کارکنان
1404/07/17,SKU00031,چای کیسه‌ای ۱۰۰ عددی,عدد,19,190346,151500,3616574,سوپر مارکت البرز
1404/07/17,SKU00032,قهوه فوری ۲۰۰ گرمی,عدد,9,404000,326308,3636000,فروشگاه یاس
1404/07/17,SKU00033,نوشابه خانواده ۱.۵ لیتری,عدد,52,37292,29523,1939184,مینی‌مارکت نسیم
1404/07/17,SKU00034,آب معدنی ۱.۵ لیتری بسته ۶ عددی,بسته,13,74585,60600,969605,سوپر مارکت البرز
1404/07/17,SKU00035,ماکارونی ۷۰۰ گرمی,عدد,46,40400,32631,1858400,سوپرمارکت پارسیان
1404/07/17,SKU00036,رب گوجه ۸۰۰ گرمی,عدد,18,83908,68369,1510344,سوپر مارکت البرز
1404/07/17,SKU00037,تن ماهی ۱۸۰ گرمی,عدد,20,130523,104885,2610460,فروشگاه رفاه محلی
1404/07/17,SKU00038,لوبیا چیتی ۹۰۰ گرمی,عدد,10,110323,89346,1103230,سوپر پروتئین سبز
1404/07/17,SKU00039,عدس ۹۰۰ گرمی,عدد,10,94785,76138,947850,فروشگاه یاس
1404/07/17,SKU00040,نخود ۹۰۰ گرمی,عدد,7,101000,81577,707000,هایپر نیک
1404/07/17,SKU00041,پنیر سفید ۴۰۰ گرمی,عدد,40,85462,68369,3418480,سوپرمارکت آفتاب
1404/07/17,SKU00042,شیر کم‌چرب ۱ لیتری,عدد,60,40400,32631,2424000,فروشگاه زنجیره‌ای مهر
1404/07/17,SKU00043,ماست دبه ۲ کیلویی,عدد,17,159269,128192,2707573,فروشگاه امید
1404/07/17,SKU00044,کره حیوانی ۱۰۰ گرمی,عدد,17,91677,73808,1558509,فروشگاه سپیدار
1404/07/17,SKU00045,مایع ظرفشویی ۳.۷۵ لیتری,عدد,17,170923,135962,2905691,بقالی برادران احمدی
1404/07/17,SKU00046,پودر لباسشویی ۵ کیلویی,عدد,1,365154,299115,365154,هایپر ستاره شهر
1404/07/17,SKU00047,دستمال کاغذی ۳۰۰ برگ,بسته,32,66038,52831,2113216,سوپر مارکت البرز
1404/07/17,SKU00048,شامپو ۹۰۰ میلی‌لیتری,عدد,8,208215,167038,1665720,هایپر ستاره شهر
1404/07/17,SKU00049,خمیر دندان ۱۰۰ گرمی,عدد,22,71477,55938,1572494,فروشگاه گلستان
1404/07/17,SKU00050,صابون بسته ۶ عددی,بسته,18,93231,74585,1678158,سوپرمارکت پارسیان
1404/07/18,SKU00001,برنج ایرانی هاشمی ۱۰ کیلویی,کارتن,2,3499615,2955231,6999230,مینی‌مارکت نسیم
1404/07/18,SKU00027,برنج پاکستانی باسماتی ۱۰ کیلویی,کارتن,2,2060885,1633154,4121770,سوپرمارکت آفتاب
1404/07/18,SKU00028,روغن آفتابگردان ۱.۸ لیتری,عدد,21,143873,116654,3021333,فروشگاه یاس
1404/07/18,SKU00029,روغن سرخ‌کردنی ۴.۵ لیتری,عدد,5,353850,295523,1769250,فروشگاه زنجیره‌ای مهر
1404/07/18,SKU00030,شکر سفید ۹۰۰ گرمی,عدد,21,32663,27219,685923,سوپرمارکت پارسیان
1404/07/18,SKU00031,چای کیسه‌ای ۱۰۰ عددی,عدد,4,190535,151650,762140,فروشگاه سپیدار
1404/07/18,SKU00032,قهوه فوری ۲۰۰ گرمی,عدد,2,404400,326631,808800,مینی‌مارکت نسیم
1404/07/18,SKU00033,نوشابه خانواده ۱.۵ لیتری,عدد,29,37329,29552,1082541,سوپرمارکت آفتاب
1404/07/18,SKU00034,آب معدنی ۱.۵ لیتری بسته ۶ عددی,بسته,9,74658,60660,671922,فروشگاه امید
1404/07/18,SKU00035,ماکارونی ۷۰۰ گرمی,عدد,16,40440,32663,647040,فروشگاه رفاه محلی
1404/07/18,SKU00036,رب گوجه ۸۰۰ گرمی,عدد,11,83991,68437,923901,سوپر پروتئین سبز
1404/07/18,SKU00037,تن ماهی ۱۸۰ گرمی,عدد,10,130652,104988,1306520,هایپر ستاره شهر
1404/07/18,SKU00038,لوبیا چیتی ۹۰۰ گرمی,عدد,4,110432,89435,441728,کافه رستوران ونک
1404/07/18,SKU00039,عدس ۹۰۰ گرمی,عدد,7,94878,76214,664146,هایپر ستاره شهر
1404/07/18,SKU00040,نخود ۹۰۰ گرمی,عدد,3,101100,81658,303300,هایپر ستاره شهر
1404/07/18,SKU00041,پنیر سفید ۴۰۰ گرمی,عدد,8,85546,68437,684368,سوپر مارکت البرز
1404/07/18,SKU00042,شیر کم‌چرب ۱ لیتری,عدد,16,40440,32663,647040,فروشگاه امید
1404/07/18,SKU00043,ماست دبه ۲ کیلویی,عدد,4,159427,128319,637708,بقالی برادران احمدی
1404/07/18,SKU00044,کره حیوانی ۱۰۰ گرمی,عدد,6,91768,73881,550608,سوپر مارکت البرز
1404/07/18,SKU00045,مایع ظرفشویی ۳.۷۵ لیتری,عدد,7,171092,136096,1197644,فروشگاه یاس
1404/07/18,SKU00046,پودر لباسشویی ۵ کیلویی,عدد,5,365515,299412,1827575,فروشگاه یاس
1404/07/18,SKU00047,دستمال کاغذی ۳۰۰ برگ,بسته,12,66104,52883,793248,سوپرمارکت آفتاب
1404/07/18,SKU00048,شامپو ۹۰۰ میلی‌لیتری,عدد,3,208422,167204,625266,سوپر پروتئین سبز
1404/07/18,SKU00049,خمیر دندان ۱۰۰ گرمی,عدد,4,71548,55994,286192,مینی‌مارکت نسیم
1404/07/18,SKU00050,صابون بسته ۶ عددی,بسته,5,93323,74658,466615,فروشگاه یاس
1404/07/19,SKU00001,برنج ایرانی هاشمی ۱۰ کیلویی,کارتن,5,3503077,2958154,17515385,فروشگاه یاس
1404/07/19,SKU00027,برنج پاکستانی باسماتی ۱۰ کیلویی,کارتن,4,2062923,1634769,8251692,هایپر ستاره شهر
1404/07/19,SKU00028,روغن آفتابگردان ۱.۸ لیتری,عدد,24,144015,116769,3456360,فروشگاه زنجیره‌ای مهر
1404/07/19,SKU00029,روغن سرخ‌کردنی ۴.۵ لیتری,عدد,5,354200,295815,1771000,مینی‌مارکت نسیم
1404/07/19,SKU00030,شکر سفید ۹۰۰ گرمی,عدد,19,32695,27246,621205,هایپر ستاره شهر
1404/07/19,SKU00031,چای کیسه‌ای ۱۰۰ عددی,عدد,3,190723,151800,572169,فروشگاه یاس
1404/07/19,SKU00032,قهوه فوری ۲۰۰ گرمی,عدد,5,404800,326954,2024000,مینی‌مارکت شبانه
1404/07/19,SKU00033,نوشابه خانواده ۱.۵ لیتری,عدد,42,37366,29582,1569372,فروشگاه امید
1404/07/19,SKU00034,آب معدنی ۱.۵ لیتری بسته ۶ عددی,بسته,13,74732,60720,971516,هایپر ستاره شهر
1404/07/19,SKU00035,ماکارونی ۷۰۰ گرمی,عدد,8,40480,32695,323840,کافه رستوران ونک
1404/07/19,SKU00036,رب گوجه ۸۰۰ گرمی,عدد,19,84074,68505,1597406,سوپر پروتئین سبز
1404/07/19,SKU00037,تن ماهی ۱۸۰ گرمی,عدد,22,130782,105092,2877204,هایپر نیک
1404/07/19,SKU00038,لوبیا چیتی ۹۰۰ گرمی,عدد,9,110542,89523,994878,سوپر مارکت البرز
1404/07/19,SKU00039,عدس ۹۰۰ گرمی,عدد,10,94972,76289,949720,تعاونی مصرف کارکنان
1404/07/19,SKU00040,نخود ۹۰۰ گرمی,عدد,5,101200,81738,506000,کافه رستوران ونک
1404/07/19,SKU00041,پنیر سفید ۴۰۰ گرمی,عدد,26,85631,68505,2226406,بقالی برادران احمدی
1404/07/19,SKU00042,شیر کم‌چرب ۱ لیتری,عدد,43,40480,32695,1740640,سوپر مارکت البرز
1404/07/19,SKU00043,ماست دبه ۲ کیلویی,عدد,11,159585,128446,1755435,سوپرمارکت پارسیان
1404/07/19,SKU00044,کره حیوانی ۱۰۰ گرمی,عدد,9,91858,73954,826722,مینی‌مارکت نسیم
1404/07/19,SKU00045,مایع ظرفشویی ۳.۷۵ لیتری,عدد,12,171262,136231,2055144,فروشگاه امید
1404/07/19,SKU00046,پودر لباسشویی ۵ کیلویی,عدد,6,365877,299708,2195262,فروشگاه امید
1404/07/19,SKU00047,دستمال کاغذی ۳۰۰ برگ,بسته,13,66169,52935,860197,مینی‌مارکت نسیم
1404/07/19,SKU00048,شامپو ۹۰۰ میلی‌لیتری,عدد,6,208628,167369,1251768,فروشگاه گلستان
1404/07/19,SKU00049,خمیر دندان ۱۰۰ گرمی,عدد,15,71618,56049,1074270,فروشگاه رفاه محلی
1404/07/19,SKU00050,صابون بسته ۶ عددی,بسته,7,93415,74732,653905,سوپر مارکت البرز
1404/07/20,SKU00001,برنج ایرانی هاشمی ۱۰ کیلویی,کارتن,2,3506538,2961077,7013076,فروشگاه رفاه محلی
1404/07/20,SKU00027,برنج پاکستانی باسماتی ۱۰ کیلویی,کارتن,5,2064962,1636385,10324810,کافه رستوران ونک
1404/07/20,SKU00028,روغن آفتابگردان ۱.۸ لیتری,عدد,28,144158,116885,4036424,بوفه دانشگاه
1404/07/20,SKU00029,روغن سرخ‌کردنی ۴.۵ لیتری,عدد,9,354550,296108,3190950,فروشگاه یاس
1404/07/20,SKU00030,شکر سفید ۹۰۰ گرمی,عدد,21,32728,27273,687288,بقالی برادران احمدی
1404/07/20,SKU00031,چای کیسه‌ای ۱۰۰ عددی,عدد,4,190912,151950,763648,هایپر نیک
1404/07/20,SKU00032,قهوه فوری ۲۰۰ گرمی,عدد,5,405200,327277,2026000,فروشگاه گلستان
1404/07/20,SKU00033,نوشابه خانواده ۱.۵ لیتری,عدد,57,37403,29611,2131971,سوپرمارکت آفتاب
1404/07/20,SKU00034,آب معدنی ۱.۵ لیتری بسته ۶ عددی,بسته,26,74806,60780,1944956,هایپر ستاره شهر
1404/07/20,SKU00035,ماکارونی ۷۰۰ گرمی,عدد,21,40520,32728,850920,بوفه دانشگاه
1404/07/20,SKU00036,رب گوجه ۸۰۰ گرمی,عدد,11,84157,68572,925727,تعاونی مصرف کارکنان
1404/07/20,SKU00037,تن ماهی ۱۸۰ گرمی,عدد,13,130911,105196,1701843,بقالی برادران احمدی
1404/07/20,SKU00038,لوبیا چیتی ۹۰۰ گرمی,عدد,6,110651,89612,663906,سوپر مارکت البرز
1404/07/20,SKU00039,عدس ۹۰۰ گرمی,عدد,7,95066,76365,665462,بوفه دانشگاه
1404/07/20,SKU00040,نخود ۹۰۰ گرمی,عدد,4,101300,81819,405200,فروشگاه رفاه محلی
1404/07/20,SKU00041,پنیر سفید ۴۰۰ گرمی,عدد,14,85715,68572,1200010,سوپرمارکت آفتاب
1404/07/20,SKU00042,شیر کم‌چرب ۱ لیتری,عدد,30,40520,32728,1215600,فروشگاه زنجیره‌ای مهر
1404/07/20,SKU00043,ماست دبه ۲ کیلویی,عدد,15,159742,128573,2396130,فروشگاه رفاه محلی
1404/07/20,SKU00044,کره حیوانی ۱۰۰ گرمی,عدد,7,91949,74027,643643,فروشگاه امید
1404/07/20,SKU00045,مایع ظرفشویی ۳.۷۵ لیتری,عدد,2,171431,136365,342862,فروشگاه یاس
1404/07/20,SKU00046,پودر لباسشویی ۵ کیلویی,عدد,4,366238,300004,1464952,تعاونی مصرف کارکنان
1404/07/20,SKU00047,دستمال کاغذی ۳۰۰ برگ,بسته,16,66235,52988,1059760,فروشگاه سپیدار
1404/07/20,SKU00048,شامپو ۹۰۰ میلی‌لیتری,عدد,7,208834,167535,1461838,فروشگاه یاس
1404/07/20,SKU00049,خمیر دندان ۱۰۰ گرمی,عدد,18,71689,56105,1290402,فروشگاه سپیدار
1404/07/20,SKU00050,صابون بسته ۶ عددی,بسته,14,93508,74806,1309112,فروشگاه گلستان
1404/07/21,SKU00001,برنج ایرانی هاشمی ۱۰ کیلویی,کارتن,3,3510000,2964000,10530000,تعاونی مصرف کارکنان
1404/07/21,SKU00027,برنج پاکستانی باسماتی ۱۰ کیلویی,کارتن,7,2067000,1638000,14469000,فروشگاه گلستان
1404/07/21,SKU00028,روغن آفتابگردان ۱.۸ لیتری,عدد,16,144300,117000,2308800,فروشگاه زنجیره‌ای مهر
1404/07/21,SKU00029,روغن سرخ‌کردنی ۴.۵ لیتری,عدد,8,354900,296400,2839200,سوپر مارکت البرز
1404/07/21,SKU00030,شکر سفید ۹۰۰ گرمی,عدد,26,32760,27300,851760,بوفه دانشگاه
1404/07/21,SKU00031,چای کیسه‌ای ۱۰۰ عددی,عدد,12,191100,152100,2293200,مینی‌مارکت شبانه
1404/07/21,SKU00032,قهوه فوری ۲۰۰ گرمی,عدد,3,405600,327600,1216800,فروشگاه یاس
1404/07/21,SKU00033,نوشابه خانواده ۱.۵ لیتری,عدد,19,37440,29640,711360,سوپر پروتئین سبز
1404/07/21,SKU00034,آب معدنی ۱.۵ لیتری بسته ۶ عددی,بسته,14,74880,60840,1048320,سوپر مارکت البرز
1404/07/21,SKU00035,ماکارونی ۷۰۰ گرمی,عدد,23,40560,32760,932880,بوفه دانشگاه
1404/07/21,SKU00036,رب گوجه ۸۰۰ گرمی,عدد,7,84240,68640,589680,کافه رستوران ونک
1404/07/21,SKU00037,تن ماهی ۱۸۰ گرمی,عدد,11,131040,105300,1441440,فروشگاه امید
1404/07/21,SKU00038,لوبیا چیتی ۹۰۰ گرمی,عدد,10,110760,89700,1107600,مینی‌مارکت نسیم
1404/07/21,SKU00039,عدس ۹۰۰ گرمی,عدد,6,95160,76440,570960,تعاونی مصرف کارکنان
1404/07/21,SKU00040,نخود ۹۰۰ گرمی,عدد,5,101400,81900,507000,فروشگاه سپیدار
1404/07/21,SKU00041,پنیر سفید ۴۰۰ گرمی,عدد,23,85800,68640,1973400,سوپر مارکت البرز
1404/07/21,SKU00042,شیر کم‌چرب ۱ لیتری,عدد,21,40560,32760,851760,مینی‌مارکت نسیم
1404/07/21,SKU00043,ماست دبه ۲ کیلویی,عدد,13,159900,128700,2078700,سوپرمارکت آفتاب
1404/07/21,SKU00044,کره حیوانی ۱۰۰ گرمی,عدد,11,92040,74100,1012440,فروشگاه زنجیره‌ای مهر
1404/07/21,SKU00045,مایع ظرفشویی ۳.۷۵ لیتری,عدد,9,171600,136500,1544400,فروشگاه رفاه محلی
1404/07/21,SKU00046,پودر لباسشویی ۵ کیلویی,عدد,4,366600,300300,1466400,مینی‌مارکت شبانه
1404/07/21,SKU00047,دستمال کاغذی ۳۰۰ برگ,بسته,17,66300,53040,1127100,مینی‌مارکت شبانه
1404/07/21,SKU00048,شامپو ۹۰۰ میلی‌لیتری,عدد,8,209040,167700,1672320,فروشگاه امید
1404/07/21,SKU00049,خمیر دندان ۱۰۰ گرمی,عدد,15,71760,56160,1076400,فروشگاه رفاه محلی
1404/07/21,SKU00050,صابون بسته ۶ عددی,بسته,8,93600,74880,748800,فروشگاه گلستان
1404/07/22,SKU00001,برنج ایرانی هاشمی ۱۰ کیلویی,کارتن,3,3513462,2966923,10540386,سوپرمارکت پارسیان
1404/07/22,SKU00027,برنج پاکستانی باسماتی ۱۰ کیلویی,کارتن,4,2069038,1639615,8276152,مینی‌مارکت نسیم
1404/07/22,SKU00028,روغن آفتابگردان ۱.۸ لیتری,عدد,23,144442,117115,3322166,فروشگاه زنجیره‌ای مهر
1404/07/22,SKU00029,روغن سرخ‌کردنی ۴.۵ لیتری,عدد,7,355250,296692,2486750,فروشگاه رفاه محلی
1404/07/22,SKU00030,شکر سفید ۹۰۰ گرمی,عدد,19,32792,27327,623048,مینی‌مارکت شبانه
1404/07/22,SKU00031,چای کیسه‌ای ۱۰۰ عددی,عدد,7,191288,152250,1339016,مینی‌مارکت نسیم
1404/07/22,SKU00032,قهوه فوری ۲۰۰ گرمی,عدد,5,406000,327923,2030000,سوپرمارکت آفتاب
1404/07/22,SKU00033,نوشابه خانواده ۱.۵ لیتری,عدد,54,37477,29669,2023758,فروشگاه رفاه محلی
1404/07/22,SKU00034,آب معدنی ۱.۵ لیتری بسته ۶ عددی,بسته,14,74954,60900,1049356,فروشگاه امید
1404/07/22,SKU00035,ماکارونی ۷۰۰ گرمی,عدد,30,40600,32792,1218000,فروشگاه زنجیره‌ای مهر
1404/07/22,SKU00036,رب گوجه ۸۰۰ گرمی,عدد,10,84323,68708,843230,فروشگاه سپیدار
1404/07/22,SKU00037,تن ماهی ۱۸۰ گرمی,عدد,19,131169,105404,2492211,سوپر مارکت البرز
1404/07/22,SKU00038,لوبیا چیتی ۹۰۰ گرمی,عدد,8,110869,89788,886952,مینی‌مارکت شبانه
1404/07/22,SKU00039,عدس ۹۰۰ گرمی,عدد,9,95254,76515,857286,فروشگاه گلستان
1404/07/22,SKU00040,نخود ۹۰۰ گرمی,عدد,6,101500,81981,609000,فروشگاه گلستان
1404/07/22,SKU00041,پنیر سفید ۴۰۰ گرمی,عدد,11,85885,68708,944735,سوپرمارکت پارسیان
1404/07/22,SKU00042,شیر کم‌چرب ۱ لیتری,عدد,3,40600,32792,121800,فروشگاه گلستان
1404/07/22,SKU00043,ماست دبه ۲ کیلویی,عدد,14,160058,128827,2240812,سوپر پروتئین سبز
1404/07/22,SKU00044,کره حیوانی ۱۰۰ گرمی,عدد,8,92131,74173,737048,هایپر نیک
1404/07/22,SKU00045,مایع ظرفشویی ۳.۷۵ لیتری,عدد,7,171769,136635,1202383,تعاونی مصرف کارکنان
1404/07/22,SKU00046,پودر لباسشویی ۵ کیلویی,عدد,4,366962,300596,1467848,هایپر نیک
1404/07/22,SKU00047,دستمال کاغذی ۳۰۰ برگ,بسته,21,66365,53092,1393665,سوپر مارکت البرز
1404/07/22,SKU00048,شامپو ۹۰۰ میلی‌لیتری,عدد,5,209246,167865,1046230,بوفه دانشگاه
1404/07/22,SKU00049,خمیر دندان ۱۰۰ گرمی,عدد,12,71831,56215,861972,سوپرمارکت پارسیان
1404/07/22,SKU00050,صابون بسته ۶ عددی,بسته,10,93692,74954,936920,کافه رستوران ونک
1404/07/23,SKU00001,برنج ایرانی هاشمی ۱۰ کیلویی,کارتن,4,3516923,2969846,14067692,فروشگاه زنجیره‌ای مهر
1404/07/23,SKU00027,برنج پاکستانی باسماتی ۱۰ کیلویی,کارتن,6,2071077,1641231,12426462,فروشگاه امید
1404/07/23,SKU00028,روغن آفتابگردان ۱.۸ لیتری,عدد,18,144585,117231,2602530,سوپر پروتئین سبز
1404/07/23,SKU00029,روغن سرخ‌کردنی ۴.۵ لیتری,عدد,6,355600,296985,2133600,بقالی برادران احمدی
1404/07/23,SKU00030,شکر سفید ۹۰۰ گرمی,عدد,25,32825,27354,820625,فروشگاه یاس
1404/07/23,SKU00031,چای کیسه‌ای ۱۰۰ عددی,عدد,9,191477,152400,1723293,مینی‌مارکت شبانه
1404/07/23,SKU00032,قهوه فوری ۲۰۰ گرمی,عدد,5,406400,328246,2032000,بوفه دانشگاه
1404/07/23,SKU00033,نوشابه خانواده ۱.۵ لیتری,عدد,71,37514,29698,2663494,هایپر نیک
1404/07/23,SKU00034,آب معدنی ۱.۵ لیتری بسته ۶ عددی,بسته,25,75028,60960,1875700,سوپرمارکت آفتاب
1404/07/23,SKU00035,ماکارونی ۷۰۰ گرمی,عدد,36,40640,32825,1463040,فروشگاه گلستان
1404/07/23,SKU00036,رب گوجه ۸۰۰ گرمی,عدد,11,84406,68775,928466,بقالی برادران احمدی
1404/07/23,SKU00037,تن ماهی ۱۸۰ گرمی,عدد,17,131298,105508,2232066,فروشگاه گلستان
1404/07/23,SKU00038,لوبیا چیتی ۹۰۰ گرمی,عدد,9,110978,89877,998802,فروشگاه امید
1404/07/23,SKU00039,عدس ۹۰۰ گرمی,عدد,15,95348,76591,1430220,فروشگاه سپیدار
1404/07/23,SKU00040,نخود ۹۰۰ گرمی,عدد,6,101600,82062,609600,فروشگاه سپیدار
1404/07/23,SKU00041,پنیر سفید ۴۰۰ گرمی,عدد,17,85969,68775,1461473,سوپر پروتئین سبز
1404/07/23,SKU00042,شیر کم‌چرب ۱ لیتری,عدد,52,40640,32825,2113280,فروشگاه سپیدار
1404/07/23,SKU00043,ماست دبه ۲ کیلویی,عدد,22,160215,128954,3524730,فروشگاه زنجیره‌ای مهر
1404/07/23,SKU00044,کره حیوانی ۱۰۰ گرمی,عدد,12,92222,74246,1106664,هایپر ستاره شهر
1404/07/23,SKU00045,مایع ظرفشویی ۳.۷۵ لیتری,عدد,11,171938,136769,1891318,هایپر ستاره شهر
1404/07/23,SKU00046,پودر لباسشویی ۵ کیلویی,عدد,5,367323,300892,1836615,فروشگاه زنجیره‌ای مهر
1404/07/23,SKU00047,دستمال کاغذی ۳۰۰ برگ,بسته,24,66431,53145,1594344,هایپر نیک
1404/07/23,SKU00048,شامپو ۹۰۰ میلی‌لیتری,عدد,8,209452,168031,1675616,فروشگاه رفاه محلی
1404/07/23,SKU00049,خمیر دندان ۱۰۰ گرمی,عدد,17,71902,56271,1222334,فروشگاه گلستان
1404/07/23,SKU00050,صابون بسته ۶ عددی,بسته,11,93785,75028,1031635,فروشگاه رفاه محلی
1404/07/24,SKU00001,برنج ایرانی هاشمی ۱۰ کیلویی,کارتن,5,3520385,2972769,17601925,هایپر نیک
1404/07/24,SKU00027,برنج پاکستانی باسماتی ۱۰ کیلویی,کارتن,8,2073115,1642846,16584920,سوپرمارکت پارسیان
1404/07/24,SKU00028,روغن آفتابگردان ۱.۸ لیتری,عدد,48,144727,117346,6946896,فروشگاه امید
1404/07/24,SKU00029,روغن سرخ‌کردنی ۴.۵ لیتری,عدد,6,355950,297277,2135700,سوپر مارکت البرز
1404/07/24,SKU00030,شکر سفید ۹۰۰ گرمی,عدد,33,32857,27381,1084281,بقالی برادران احمدی
1404/07/24,SKU00031,چای کیسه‌ای ۱۰۰ عددی,عدد,9,191665,152550,1724985,هایپر ستاره شهر
1404/07/24,SKU00032,قهوه فوری ۲۰۰ گرمی,عدد,6,406800,328569,2440800,فروشگاه رفاه محلی
1404/07/24,SKU00033,نوشابه خانواده ۱.۵ لیتری,عدد,69,37551,29728,2591019,فروشگاه سپیدار
1404/07/24,SKU00034,آب معدنی ۱.۵ لیتری بسته ۶ عددی,بسته,28,75102,61020,2102856,مینی‌مارکت نسیم
1404/07/24,SKU00035,ماکارونی ۷۰۰ گرمی,عدد,17,40680,32857,691560,فروشگاه رفاه محلی
1404/07/24,SKU00036,رب گوجه ۸۰۰ گرمی,عدد,18,84489,68843,1520802,مینی‌مارکت نسیم
1404/07/24,SKU00037,تن ماهی ۱۸۰ گرمی,عدد,37,131428,105612,4862836,بقالی برادران احمدی
1404/07/24,SKU00038,لوبیا چیتی ۹۰۰ گرمی,عدد,5,111088,89965,555440,هایپر ستاره شهر
1404/07/24,SKU00039,عدس ۹۰۰ گرمی,عدد,12,95442,76666,1145304,سوپر پروتئین سبز
1404/07/24,SKU00040,نخود ۹۰۰ گرمی,عدد,10,101700,82142,1017000,سوپر مارکت البرز
1404/07/24,SKU00041,پنیر سفید ۴۰۰ گرمی,عدد,9,86054,68843,774486,هایپر ستاره شهر
1404/07/24,SKU00042,شیر کم‌چرب ۱ لیتری,عدد,30,40680,32857,1220400,تعاونی مصرف کارکنان
1404/07/24,SKU00043,ماست دبه ۲ کیلویی,عدد,16,160373,129081,2565968,مینی‌مارکت شبانه
1404/07/24,SKU00044,کره حیوانی ۱۰۰ گرمی,عدد,12,92312,74319,1107744,فروشگاه یاس
1404/07/24,SKU00045,مایع ظرفشویی ۳.۷۵ لیتری,عدد,10,172108,136904,1721080,فروشگاه زنجیره‌ای مهر
1404/07/24,SKU00046,پودر لباسشویی ۵ کیلویی,عدد,4,367685,301188,1470740,سوپرمارکت آفتاب
1404/07/24,SKU00047,دستمال کاغذی ۳۰۰ برگ,بسته,26,66496,53197,1728896,سوپر مارکت البرز
1404/07/24,SKU00048,شامپو ۹۰۰ میلی‌لیتری,عدد,11,209658,168196,2306238,سوپر پروتئین سبز
1404/07/24,SKU00049,خمیر دندان ۱۰۰ گرمی,عدد,30,71972,56326,2159160,کافه رستوران ونک
1404/07/24,SKU00050,صابون بسته ۶ عددی,بسته,7,93877,75102,657139,کافه رستوران ونک
1404/07/25,SKU00001,برنج ایرانی هاشمی ۱۰ کیلویی,کارتن,1,3523846,2975692,3523846,سوپر مارکت البرز
1404/07/25,SKU00027,برنج پاکستانی باسماتی ۱۰ کیلویی,کارتن,3,2075154,1644462,6225462,فروشگاه گلستان
1404/07/25,SKU00028,روغن آفتابگردان ۱.۸ لیتری,عدد,9,144869,117462,1303821,سوپرمارکت پارسیان
1404/07/25,SKU00029,روغن سرخ‌کردنی ۴.۵ لیتری,عدد,4,356300,297569,1425200,بقالی برادران احمدی
1404/07/25,SKU00030,شکر سفید ۹۰۰ گرمی,عدد,7,32889,27408,230223,سوپر پروتئین سبز
1404/07/25,SKU00031,چای کیسه‌ای ۱۰۰ عددی,عدد,5,191854,152700,959270,سوپر پروتئین سبز
1404/07/25,SKU00032,قهوه فوری ۲۰۰ گرمی,عدد,3,407200,328892,1221600,فروشگاه زنجیره‌ای مهر
1404/07/25,SKU00033,نوشابه خانواده ۱.۵ لیتری,عدد,16,37588,29757,601408,فروشگاه سپیدار
1404/07/25,SKU00034,آب معدنی ۱.۵ لیتری بسته ۶ عددی,بسته,11,75175,61080,826925,فروشگاه یاس
1404/07/25,SKU00035,ماکارونی ۷۰۰ گرمی,عدد,12,40720,32889,488640,فروشگاه یاس
1404/07/25,SKU00036,رب گوجه ۸۰۰ گرمی,عدد,5,84572,68911,422860,تعاونی مصرف کارکنان
1404/07/25,SKU00037,تن ماهی ۱۸۰ گرمی,عدد,10,131557,105715,1315570,سوپر پروتئین سبز
1404/07/25,SKU00038,لوبیا چیتی ۹۰۰ گرمی,عدد,7,111197,90054,778379,هایپر ستاره شهر
1404/07/25,SKU00039,عدس ۹۰۰ گرمی,عدد,6,95535,76742,573210,سوپرمارکت آفتاب
1404/07/25,SKU00040,نخود ۹۰۰ گرمی,عدد,4,101800,82223,407200,مینی‌مارکت نسیم
1404/07/25,SKU00041,پنیر سفید ۴۰۰ گرمی,عدد,16,86138,68911,1378208,سوپرمارکت پارسیان
1404/07/25,SKU00042,شیر کم‌چرب ۱ لیتری,عدد,16,40720,32889,651520,مینی‌مارکت نسیم
1404/07/25,SKU00043,ماست دبه ۲ کیلویی,عدد,8,160531,129208,1284248,فروشگاه زنجیره‌ای مهر
1404/07/25,SKU00044,کره حیوانی ۱۰۰ گرمی,عدد,4,92403,74392,369612,سوپر مارکت البرز
1404/07/25,SKU00045,مایع ظرفشویی ۳.۷۵ لیتری,عدد,8,172277,137038,1378216,فروشگاه گلستان
1404/07/25,SKU00046,پودر لباسشویی ۵ کیلویی,عدد,4,368046,301485,1472184,مینی‌مارکت شبانه
1404/07/25,SKU00047,دستمال کاغذی ۳۰۰ برگ,بسته,10,66562,53249,665620,بقالی برادران احمدی
1404/07/25,SKU00048,شامپو ۹۰۰ میلی‌لیتری,عدد,3,209865,168362,629595,سوپر مارکت البرز
1404/07/25,SKU00049,خمیر دندان ۱۰۰ گرمی,عدد,9,72043,56382,648387,هایپر نیک
1404/07/25,SKU00050,صابون بسته ۶ عددی,بسته,6,93969,75175,563814,فروشگاه زنجیره‌ای مهر
1404/07/26,SKU00001,برنج ایرانی هاشمی ۱۰ کیلویی,کارتن,3,3527308,2978615,10581924,فروشگاه زنجیره‌ای مهر
1404/07/26,SKU00027,برنج پاکستانی باسماتی ۱۰ کیلویی,کارتن,5,2077192,1646077,10385960,فروشگاه رفاه محلی
1404/07/26,SKU00028,روغن آفتابگردان ۱.۸ لیتری,عدد,28,145012,117577,4060336,بقالی برادران احمدی
1404/07/26,SKU00029,روغن سرخ‌کردنی ۴.۵ لیتری,عدد,8,356650,297862,2853200,سوپر مارکت البرز
1404/07/26,SKU00030,شکر سفید ۹۰۰ گرمی,عدد,12,32922,27435,395064,سوپر مارکت البرز
1404/07/26,SKU00031,چای کیسه‌ای ۱۰۰ عددی,عدد,9,192042,152850,1728378,سوپر پروتئین سبز
1404/07/26,SKU00032,قهوه فوری ۲۰۰ گرمی,عدد,5,407600,329215,2038000,مینی‌مارکت نسیم
1404/07/26,SKU00033,نوشابه خانواده ۱.۵ لیتری,عدد,58,37625,29786,2182250,فروشگاه گلستان
1404/07/26,SKU00034,آب معدنی ۱.۵ لیتری بسته ۶ عددی,بسته,23,75249,61140,1730727,تعاونی مصرف کارکنان
1404/07/26,SKU00035,ماکارونی ۷۰۰ گرمی,عدد,31,40760,32922,1263560,سوپر مارکت البرز
1404/07/26,SKU00036,رب گوجه ۸۰۰ گرمی,عدد,12,84655,68978,1015860,هایپر نیک
1404/07/26,SKU00037,تن ماهی ۱۸۰ گرمی,عدد,15,131686,105819,1975290,هایپر ستاره شهر
1404/07/26,SKU00038,لوبیا چیتی ۹۰۰ گرمی,عدد,10,111306,90142,1113060,بقالی برادران احمدی
1404/07/26,SKU00039,عدس ۹۰۰ گرمی,عدد,5,95629,76817,478145,فروشگاه امید
1404/07/26,SKU00040,نخود ۹۰۰ گرمی,عدد,9,101900,82304,917100,سوپرمارکت پارسیان
1404/07/26,SKU00041,پنیر سفید ۴۰۰ گرمی,عدد,30,86223,68978,2586690,بقالی برادران احمدی
1404/07/26,SKU00042,شیر کم‌چرب ۱ لیتری,عدد,28,40760,32922,1141280,مینی‌مارکت شبانه
1404/07/26,SKU00043,ماست دبه ۲ کیلویی,عدد,17,160688,129335,2731696,تعاونی مصرف کارکنان
1404/07/26,SKU00044,کره حیوانی ۱۰۰ گرمی,عدد,16,92494,74465,1479904,تعاونی مصرف کارکنان
1404/07/26,SKU00045,مایع ظرفشویی ۳.۷۵ لیتری,عدد,10,172446,137173,1724460,مینی‌مارکت شبانه
1404/07/26,SKU00046,پودر لباسشویی ۵ کیلویی,عدد,7,368408,301781,2578856,کافه رستوران ونک
1404/07/26,SKU00047,دستمال کاغذی ۳۰۰ برگ,بسته,21,66627,53302,1399167,مینی‌مارکت نسیم
1404/07/26,SKU00048,شامپو ۹۰۰ میلی‌لیتری,عدد,8,210071,168527,1680568,فروشگاه رفاه محلی
1404/07/26,SKU00049,خمیر دندان ۱۰۰ گرمی,عدد,15,72114,56437,1081710,فروشگاه زنجیره‌ای مهر
1404/07/26,SKU00050,صابون بسته ۶ عددی,بسته,9,94062,75249,846558,سوپرمارکت آفتاب
1404/07/27,SKU00001,برنج ایرانی هاشمی ۱۰ کیلویی,کارتن,3,3530769,2981538,10592307,سوپر مارکت البرز
1404/07/27,SKU00027,برنج پاکستانی باسماتی ۱۰ کیلویی,کارتن,3,2079231,1647692,6237693,سوپرمارکت پارسیان
1404/07/27,SKU00028,روغن آفتابگردان ۱.۸ لیتری,عدد,15,145154,117692,2177310,کافه رستوران ونک
1404/07/27,SKU00029,روغن سرخ‌کردنی ۴.۵ لیتری,عدد,5,357000,298154,1785000,سوپرمارکت آفتاب
1404/07/27,SKU00030,شکر سفید ۹۰۰ گرمی,عدد,18,32954,27462,593172,فروشگاه یاس
1404/07/27,SKU00031,چای کیسه‌ای ۱۰۰ عددی,عدد,9,192231,153000,1730079,سوپرمارکت پارسیان
1404/07/27,SKU00032,قهوه فوری ۲۰۰ گرمی,عدد,6,408000,329538,2448000,سوپرمارکت پارسیان
1404/07/27,SKU00033,نوشابه خانواده ۱.۵ لیتری,عدد,52,37662,29815,1958424,مینی‌مارکت نسیم
1404/07/27,SKU00034,آب معدنی ۱.۵ لیتری بسته ۶ عددی,بسته,17,75323,61200,1280491,فروشگاه یاس
1404/07/27,SKU00035,ماکارونی ۷۰۰ گرمی,عدد,22,40800,32954,897600,فروشگاه رفاه محلی
1404/07/27,SKU00036,رب گوجه ۸۰۰ گرمی,عدد,4,84738,69046,338952,فروشگاه یاس
1404/07/27,SKU00037,تن ماهی ۱۸۰ گرمی,عدد,12,131815,105923,1581780,سوپر پروتئین سبز
1404/07/27,SKU00038,لوبیا چیتی ۹۰۰ گرمی,عدد,8,111415,90231,891320,کافه رستوران ونک
1404/07/27,SKU00039,عدس ۹۰۰ گرمی,عدد,5,95723,76892,478615,تعاونی مصرف کارکنان
1404/07/27,SKU00040,نخود ۹۰۰ گرمی,عدد,4,102000,82385,408000,فروشگاه امید
1404/07/27,SKU00041,پنیر سفید ۴۰۰ گرمی,عدد,12,86308,69046,1035696,هایپر نیک
1404/07/27,SKU00042,شیر کم‌چرب ۱ لیتری,عدد,20,40800,32954,816000,مینی‌مارکت شبانه
1404/07/27,SKU00043,ماست دبه ۲ کیلویی,عدد,7,160846,129462,1125922,هایپر ستاره شهر
1404/07/27,SKU00044,کره حیوانی ۱۰۰ گرمی,عدد,11,92585,74538,1018435,سوپرمارکت آفتاب
1404/07/27,SKU00045,مایع ظرفشویی ۳.۷۵ لیتری,عدد,6,172615,137308,1035690,کافه رستوران ونک
1404/07/27,SKU00046,پودر لباسشویی ۵ کیلویی,عدد,3,368769,302077,1106307,فروشگاه سپیدار
1404/07/27,SKU00047,دستمال کاغذی ۳۰۰ برگ,بسته,21,66692,53354,1400532,سوپر پروتئین سبز
1404/07/27,SKU00048,شامپو ۹۰۰ میلی‌لیتری,عدد,6,210277,168692,1261662,بقالی برادران احمدی
1404/07/27,SKU00049,خمیر دندان ۱۰۰ گرمی,عدد,14,72185,56492,1010590,سوپر پروتئین سبز
1404/07/27,SKU00050,صابون بسته ۶ عددی,بسته,12,94154,75323,1129848,فروشگاه گلستان
1404/07/28,SKU00001,برنج ایرانی هاشمی ۱۰ کیلویی,کارتن,2,3534231,2984462,7068462,فروشگاه زنجیره‌ای مهر
1404/07/28,SKU00027,برنج پاکستانی باسماتی ۱۰ کیلویی,کارتن,5,2081269,1649308,10406345,کافه رستوران ونک
1404/07/28,SKU00028,روغن آفتابگردان ۱.۸ لیتری,عدد,28,145296,117808,4068288,فروشگاه رفاه محلی
1404/07/28,SKU00029,روغن سرخ‌کردنی ۴.۵ لیتری,عدد,6,357350,298446,2144100,سوپر پروتئین سبز
1404/07/28,SKU00030,شکر سفید ۹۰۰ گرمی,عدد,34,32986,27488,1121524,فروشگاه سپیدار
1404/07/28,SKU00031,چای کیسه‌ای ۱۰۰ عددی,عدد,10,192419,153150,1924190,سوپر مارکت البرز
1404/07/28,SKU00032,قهوه فوری ۲۰۰ گرمی,عدد,4,408400,329862,1633600,سوپرمارکت پارسیان
1404/07/28,SKU00033,نوشابه خانواده ۱.۵ لیتری,عدد,32,37698,29845,1206336,فروشگاه زنجیره‌ای مهر
1404/07/28,SKU00034,آب معدنی ۱.۵ لیتری بسته ۶ عددی,بسته,13,75397,61260,980161,سوپرمارکت پارسیان
1404/07/28,SKU00035,ماکارونی ۷۰۰ گرمی,عدد,23,40840,32986,939320,سوپرمارکت آفتاب
1404/07/28,SKU00036,رب گوجه ۸۰۰ گرمی,عدد,8,84822,69114,678576,فروشگاه گلستان
1404/07/28,SKU00037,تن ماهی ۱۸۰ گرمی,عدد,16,131945,106027,2111120,سوپرمارکت پارسیان
1404/07/28,SKU00038,لوبیا چیتی ۹۰۰ گرمی,عدد,8,111525,90319,892200,مینی‌مارکت نسیم
1404/07/28,SKU00039,عدس ۹۰۰ گرمی,عدد,6,95817,76968,574902,مینی‌مارکت شبانه
1404/07/28,SKU00040,نخود ۹۰۰ گرمی,عدد,2,102100,82465,204200,هایپر نیک
1404/07/28,SKU00041,پنیر سفید ۴۰۰ گرمی,عدد,22,86392,69114,1900624,فروشگاه امید
1404/07/28,SKU00042,شیر کم‌چرب ۱ لیتری,عدد,39,40840,32986,1592760,فروشگاه امید
1404/07/28,SKU00043,ماست دبه ۲ کیلویی,عدد,13,161004,129588,2093052,فروشگاه سپیدار
1404/07/28,SKU00044,کره حیوانی ۱۰۰ گرمی,عدد,12,92675,74612,1112100,هایپر ستاره شهر
1404/07/28,SKU00045,مایع ظرفشویی ۳.۷۵ لیتری,عدد,13,172785,137442,2246205,مینی‌مارکت شبانه
1404/07/28,SKU00046,پودر لباسشویی ۵ کیلویی,عدد,5,369131,302373,1845655,بقالی برادران احمدی
1404/07/28,SKU00047,دستمال کاغذی ۳۰۰ برگ,بسته,21,66758,53406,1401918,فروشگاه امید
1404/07/28,SKU00048,شامپو ۹۰۰ میلی‌لیتری,عدد,10,210483,168858,2104830,فروشگاه گلستان
1404/07/28,SKU00049,خمیر دندان ۱۰۰ گرمی,عدد,10,72255,56548,722550,تعاونی مصرف کارکنان
1404/07/28,SKU00050,صابون بسته ۶ عددی,بسته,8,94246,75397,753968,تعاونی مصرف کارکنان
1404/07/29,SKU00001,برنج ایرانی هاشمی ۱۰ کیلویی,کارتن,2,3537692,2987385,7075384,هایپر ستاره شهر
1404/07/29,SKU00027,برنج پاکستانی باسماتی ۱۰ کیلویی,کارتن,4,2083308,1650923,8333232,فروشگاه زنجیره‌ای مهر
1404/07/29,SKU00028,روغن آفتابگردان ۱.۸ لیتری,عدد,24,145438,117923,3490512,بوفه دانشگاه
1404/07/29,SKU00029,روغن سرخ‌کردنی ۴.۵ لیتری,عدد,6,357700,298738,2146200,فروشگاه سپیدار
1404/07/29,SKU00030,شکر سفید ۹۰۰ گرمی,عدد,52,33018,27515,1716936,فروشگاه زنجیره‌ای مهر
1404/07/29,SKU00031,چای کیسه‌ای ۱۰۰ عددی,عدد,12,192608,153300,2311296,فروشگاه رفاه محلی
1404/07/29,SKU00032,قهوه فوری ۲۰۰ گرمی,عدد,2,408800,330185,817600,سوپرمارکت آفتاب
1404/07/29,SKU00033,نوشابه خانواده ۱.۵ لیتری,عدد,12,37735,29874,452820,مینی‌مارکت نسیم
1404/07/29,SKU00034,آب معدنی ۱.۵ لیتری بسته ۶ عددی,بسته,11,75471,61320,830181,فروشگاه یاس
1404/07/29,SKU00035,ماکارونی ۷۰۰ گرمی,عدد,17,40880,33018,694960,سوپرمارکت آفتاب
1404/07/29,SKU00036,رب گوجه ۸۰۰ گرمی,عدد,17,84905,69182,1443385,کافه رستوران ونک
1404/07/29,SKU00037,تن ماهی ۱۸۰ گرمی,عدد,18,132074,106131,2377332,تعاونی مصرف کارکنان
1404/07/29,SKU00038,لوبیا چیتی ۹۰۰ گرمی,عدد,5,111634,90408,558170,تعاونی مصرف کارکنان
1404/07/29,SKU00039,عدس ۹۰۰ گرمی,عدد,7,95911,77043,671377,سوپرمارکت آفتاب
1404/07/29,SKU00040,نخود ۹۰۰ گرمی,عدد,5,102200,82546,511000,فروشگاه یاس
1404/07/29,SKU00041,پنیر سفید ۴۰۰ گرمی,عدد,24,86477,69182,2075448,سوپرمارکت پارسیان
1404/07/29,SKU00042,شیر کم‌چرب ۱ لیتری,عدد,26,40880,33018,1062880,سوپرمارکت پارسیان
1404/07/29,SKU00043,ماست دبه ۲ کیلویی,عدد,9,161162,129715,1450458,مینی‌مارکت نسیم
1404/07/29,SKU00044,کره حیوانی ۱۰۰ گرمی,عدد,10,92766,74685,927660,تعاونی مصرف کارکنان
1404/07/29,SKU00045,مایع ظرفشویی ۳.۷۵ لیتری,عدد,11,172954,137577,1902494,سوپرمارکت آفتاب
1404/07/29,SKU00046,پودر لباسشویی ۵ کیلویی,عدد,4,369492,302669,1477968,تعاونی مصرف کارکنان
1404/07/29,SKU00047,دستمال کاغذی ۳۰۰ برگ,بسته,18,66823,53458,1202814,تعاونی مصرف کارکنان
1404/07/29,SKU00048,شامپو ۹۰۰ میلی‌لیتری,عدد,6,210689,169023,1264134,فروشگاه یاس
1404/07/29,SKU00049,خمیر دندان ۱۰۰ گرمی,عدد,5,72326,56603,361630,هایپر نیک
1404/07/29,SKU00050,صابون بسته ۶ عددی,بسته,13,94338,75471,1226394,سوپرمارکت آفتاب
1404/07/30,SKU00001,برنج ایرانی هاشمی ۱۰ کیلویی,کارتن,4,3541154,2990308,14164616,فروشگاه زنجیره‌ای مهر
1404/07/30,SKU00027,برنج پاکستانی باسماتی ۱۰ کیلویی,کارتن,5,2085346,1652538,10426730,تعاونی مصرف کارکنان
1404/07/30,SKU00028,روغن آفتابگردان ۱.۸ لیتری,عدد,39,145581,118038,5677659,هایپر ستاره شهر
1404/07/30,SKU00029,روغن سرخ‌کردنی ۴.۵ لیتری,عدد,4,358050,299031,1432200,هایپر نیک
1404/07/30,SKU00030,شکر سفید ۹۰۰ گرمی,عدد,30,33051,27542,991530,فروشگاه یاس
1404/07/30,SKU00031,چای کیسه‌ای ۱۰۰ عددی,عدد,9,192796,153450,1735164,فروشگاه گلستان
1404/07/30,SKU00032,قهوه فوری ۲۰۰ گرمی,عدد,2,409200,330508,818400,مینی‌مارکت نسیم
1404/07/30,SKU00033,نوشابه خانواده ۱.۵ لیتری,عدد,54,37772,29903,2039688,بقالی برادران احمدی
1404/07/30,SKU00034,آب معدنی ۱.۵ لیتری بسته ۶ عددی,بسته,33,75545,61380,2492985,بوفه دانشگاه
1404/07/30,SKU00035,ماکارونی ۷۰۰ گرمی,عدد,44,40920,33051,1800480,فروشگاه رفاه محلی
1404/07/30,SKU00036,رب گوجه ۸۰۰ گرمی,عدد,18,84988,69249,1529784,فروشگاه رفاه محلی
1404/07/30,SKU00037,تن ماهی ۱۸۰ گرمی,عدد,14,132203,106235,1850842,فروشگاه سپیدار
1404/07/30,SKU00038,لوبیا چیتی ۹۰۰ گرمی,عدد,9,111743,90496,1005687,فروشگاه یاس
1404/07/30,SKU00039,عدس ۹۰۰ گرمی,عدد,7,96005,77118,672035,فروشگاه رفاه محلی
1404/07/30,SKU00040,نخود ۹۰۰ گرمی,عدد,8,102300,82627,818400,کافه رستوران ونک
1404/07/30,SKU00041,پنیر سفید ۴۰۰ گرمی,عدد,25,86562,69249,2164050,سوپر مارکت البرز
1404/07/30,SKU00042,شیر کم‌چرب ۱ لیتری,عدد,22,40920,33051,900240,مینی‌مارکت نسیم
1404/07/30,SKU00043,ماست دبه ۲ کیلویی,عدد,13,161319,129842,2097147,سوپر پروتئین سبز
1404/07/30,SKU00044,کره حیوانی ۱۰۰ گرمی,عدد,10,92857,74758,928570,سوپرمارکت آفتاب
1404/07/30,SKU00045,مایع ظرفشویی ۳.۷۵ لیتری,عدد,16,173123,137712,2769968,فروشگاه زنجیره‌ای مهر
1404/07/30,SKU00046,پودر لباسشویی ۵ کیلویی,عدد,4,369854,302965,1479416,هایپر نیک
1404/07/30,SKU00047,دستمال کاغذی ۳۰۰ برگ,بسته,16,66888,53511,1070208,فروشگاه رفاه محلی
1404/07/30,SKU00048,شامپو ۹۰۰ میلی‌لیتری,عدد,10,210895,169188,2108950,فروشگاه سپیدار
1404/07/30,SKU00049,خمیر دندان ۱۰۰ گرمی,عدد,13,72397,56658,941161,مینی‌مارکت نسیم
1404/07/30,SKU00050,صابون بسته ۶ عددی,بسته,17,94431,75545,1605327,فروشگاه یاس
1404/08/01,SKU00001,برنج ایرانی هاشمی ۱۰ کیلویی,کارتن,7,3544615,2993231,24812305,فروشگاه گلستان
1404/08/01,SKU00027,برنج پاکستانی باسماتی ۱۰ کیلویی,کارتن,8,2087385,1654154,16699080,سوپر پروتئین سبز
1404/08/01,SKU00028,روغن آفتابگردان ۱.۸ لیتری,عدد,28,145723,118154,4080244,فروشگاه رفاه محلی
1404/08/01,SKU00029,روغن سرخ‌کردنی ۴.۵ لیتری,عدد,11,358400,299323,3942400,فروشگاه زنجیره‌ای مهر
1404/08/01,SKU00030,شکر سفید ۹۰۰ گرمی,عدد,60,33083,27569,1984980,بوفه دانشگاه
1404/08/01,SKU00031,چای کیسه‌ای ۱۰۰ عددی,عدد,20,192985,153600,3859700,فروشگاه سپیدار
1404/08/01,SKU00032,قهوه فوری ۲۰۰ گرمی,عدد,5,409600,330831,2048000,سوپر مارکت البرز
1404/08/01,SKU00033,نوشابه خانواده ۱.۵ لیتری,عدد,89,37809,29932,3365001,مینی‌مارکت شبانه
1404/08/01,SKU00034,آب معدنی ۱.۵ لیتری بسته ۶ عددی,بسته,37,75618,61440,2797866,هایپر ستاره شهر
1404/08/01,SKU00035,ماکارونی ۷۰۰ گرمی,عدد,28,40960,33083,1146880,هایپر ستاره شهر
1404/08/01,SKU00036,رب گوجه ۸۰۰ گرمی,عدد,16,85071,69317,1361136,سوپرمارکت پارسیان
1404/08/01,SKU00037,تن ماهی ۱۸۰ گرمی,عدد,30,132332,106338,3969960,هایپر ستاره شهر
1404/08/01,SKU00038,لوبیا چیتی ۹۰۰ گرمی,عدد,14,111852,90585,1565928,بوفه دانشگاه
1404/08/01,SKU00039,عدس ۹۰۰ گرمی,عدد,14,96098,77194,1345372,کافه رستوران ونک
1404/08/01,SKU00040,نخود ۹۰۰ گرمی,عدد,10,102400,82708,1024000,مینی‌مارکت نسیم
1404/08/01,SKU00041,پنیر سفید ۴۰۰ گرمی,عدد,22,86646,69317,1906212,فروشگاه امید
1404/08/01,SKU00042,شیر کم‌چرب ۱ لیتری,عدد,22,40960,33083,901120,کافه رستوران ونک
1404/08/01,SKU00043,ماست دبه ۲ کیلویی,عدد,33,161477,129969,5328741,سوپر پروتئین سبز
1404/08/01,SKU00044,کره حیوانی ۱۰۰ گرمی,عدد,12,92948,74831,1115376,بقالی برادران احمدی
1404/08/01,SKU00045,مایع ظرفشویی ۳.۷۵ لیتری,عدد,18,173292,137846,3119256,سوپر پروتئین سبز
1404/08/01,SKU00046,پودر لباسشویی ۵ کیلویی,عدد,9,370215,303262,3331935,مینی‌مارکت نسیم
1404/08/01,SKU00047,دستمال کاغذی ۳۰۰ برگ,بسته,43,66954,53563,2879022,سوپرمارکت پارسیان
1404/08/01,SKU00048,شامپو ۹۰۰ میلی‌لیتری,عدد,8,211102,169354,1688816,فروشگاه سپیدار
1404/08/01,SKU00049,خمیر دندان ۱۰۰ گرمی,عدد,7,72468,56714,507276,هایپر نیک
1404/08/01,SKU00050,صابون بسته ۶ عددی,بسته,10,94523,75618,945230,هایپر ستاره شهر
1404/08/02,SKU00001,برنج ایرانی هاشمی ۱۰ کیلویی,کارتن,2,3548077,2996154,7096154,مینی‌مارکت شبانه
1404/08/02,SKU00027,برنج پاکستانی باسماتی ۱۰ کیلویی,کارتن,2,2089423,1655769,4178846,فروشگاه زنجیره‌ای مهر
1404/08/02,SKU00028,روغن آفتابگردان ۱.۸ لیتری,عدد,20,145865,118269,2917300,بقالی برادران احمدی
1404/08/02,SKU00029,روغن سرخ‌کردنی ۴.۵ لیتری,عدد,4,358750,299615,1435000,سوپر مارکت البرز
1404/08/02,SKU00030,شکر سفید ۹۰۰ گرمی,عدد,13,33115,27596,430495,هایپر ستاره شهر
1404/08/02,SKU00031,چای کیسه‌ای ۱۰۰ عددی,عدد,7,193173,153750,1352211,بوفه دانشگاه
1404/08/02,SKU00032,قهوه فوری ۲۰۰ گرمی,عدد,2,410000,331154,820000,سوپر مارکت البرز
1404/08/02,SKU00033,نوشابه خانواده ۱.۵ لیتری,عدد,16,37846,29962,605536,فروشگاه سپیدار
1404/08/02,SKU00034,آب معدنی ۱.۵ لیتری بسته ۶ عددی,بسته,9,75692,61500,681228,فروشگاه زنجیره‌ای مهر
1404/08/02,SKU00035,ماکارونی ۷۰۰ گرمی,عدد,14,41000,33115,574000,فروشگاه سپیدار
1404/08/02,SKU00036,رب گوجه ۸۰۰ گرمی,عدد,3,85154,69385,255462,فروشگاه گلستان
1404/08/02,SKU00037,تن ماهی ۱۸۰ گرمی,عدد,7,132462,106442,927234,مینی‌مارکت شبانه
1404/08/02,SKU00038,لوبیا چیتی ۹۰۰ گرمی,عدد,4,111962,90673,447848,کافه رستوران ونک
1404/08/02,SKU00039,عدس ۹۰۰ گرمی,عدد,3,96192,77269,288576,کافه رستوران ونک
1404/08/02,SKU00040,نخود ۹۰۰ گرمی,عدد,2,102500,82788,205000,فروشگاه سپیدار
1404/08/02,SKU00041,پنیر سفید ۴۰۰ گرمی,عدد,16,86731,69385,1387696,هایپر نیک
1404/08/02,SKU00042,شیر کم‌چرب ۱ لیتری,عدد,21,41000,33115,861000,فروشگاه رفاه محلی
1404/08/02,SKU00043,ماست دبه ۲ کیلویی,عدد,10,161635,130096,1616350,فروشگاه سپیدار
1404/08/02,SKU00044,کره حیوانی ۱۰۰ گرمی,عدد,8,93038,74904,744304,فروشگاه سپیدار
1404/08/02,SKU00045,مایع ظرفشویی ۳.۷۵ لیتری,عدد,5,173462,137981,867310,سوپرمارکت پارسیان
1404/08/02,SKU00046,پودر لباسشویی ۵ کیلویی,عدد,2,370577,303558,741154,مینی‌مارکت شبانه
1404/08/02,SKU00047,دستمال کاغذی ۳۰۰ برگ,بسته,12,67019,53615,804228,فروشگاه سپیدار
1404/08/02,SKU00048,شامپو ۹۰۰ میلی‌لیتری,عدد,4,211308,169519,845232,کافه رستوران ونک
1404/08/02,SKU00049,خمیر دندان ۱۰۰ گرمی,عدد,7,72538,56769,507766,سوپرمارکت پارسیان
1404/08/02,SKU00050,صابون بسته ۶ عددی,بسته,3,94615,75692,283845,فروشگاه یاس
1404/08/03,SKU00001,برنج ایرانی هاشمی ۱۰ کیلویی,کارتن,3,3551538,2999077,10654614,سوپر مارکت البرز
1404/08/03,SKU00027,برنج پاکستانی باسماتی ۱۰ کیلویی,کارتن,4,2091462,1657385,8365848,هایپر ستاره شهر
1404/08/03,SKU00028,روغن آفتابگردان ۱.۸ لیتری,عدد,21,146008,118385,3066168,کافه رستوران ونک
1404/08/03,SKU00029,روغن سرخ‌کردنی ۴.۵ لیتری,عدد,4,359100,299908,1436400,فروشگاه یاس
1404/08/03,SKU00030,شکر سفید ۹۰۰ گرمی,عدد,26,33148,27623,861848,مینی‌مارکت نسیم
1404/08/03,SKU00031,چای کیسه‌ای ۱۰۰ عددی,عدد,10,193362,153900,1933620,مینی‌مارکت نسیم
1404/08/03,SKU00032,قهوه فوری ۲۰۰ گرمی,عدد,3,410400,331477,1231200,فروشگاه رفاه محلی
1404/08/03,SKU00033,نوشابه خانواده ۱.۵ لیتری,عدد,63,37883,29991,2386629,سوپرمارکت آفتاب
1404/08/03,SKU00034,آب معدنی ۱.۵ لیتری بسته ۶ عددی,بسته,17,75766,61560,1288022,فروشگاه سپیدار
1404/08/03,SKU00035,ماکارونی ۷۰۰ گرمی,عدد,42,41040,33148,1723680,فروشگاه سپیدار
1404/08/03,SKU00036,رب گوجه ۸۰۰ گرمی,عدد,10,85237,69452,852370,فروشگاه رفاه محلی
1404/08/03,SKU00037,تن ماهی ۱۸۰ گرمی,عدد,5,132591,106546,662955,هایپر نیک
1404/08/03,SKU00038,لوبیا چیتی ۹۰۰ گرمی,عدد,6,112071,90762,672426,بوفه دانشگاه
1404/08/03,SKU00039,عدس ۹۰۰ گرمی,عدد,2,96286,77345,192572,فروشگاه یاس
1404/08/03,SKU00040,نخود ۹۰۰ گرمی,عدد,8,102600,82869,820800,سوپرمارکت آفتاب
1404/08/03,SKU00041,پنیر سفید ۴۰۰ گرمی,عدد,24,86815,69452,2083560,فروشگاه امید
1404/08/03,SKU00042,شیر کم‌چرب ۱ لیتری,عدد,19,41040,33148,779760,کافه رستوران ونک
1404/08/03,SKU00043,ماست دبه ۲ کیلویی,عدد,11,161792,130223,1779712,بقالی برادران احمدی
1404/08/03,SKU00044,کره حیوانی ۱۰۰ گرمی,عدد,8,93129,74977,745032,کافه رستوران ونک
1404/08/03,SKU00045,مایع ظرفشویی ۳.۷۵ لیتری,عدد,11,173631,138115,1909941,فروشگاه امید
1404/08/03,SKU00046,پودر لباسشویی ۵ کیلویی,عدد,4,370938,303854,1483752,فروشگاه یاس
1404/08/03,SKU00047,دستمال کاغذی ۳۰۰ برگ,بسته,27,67085,53668,1811295,سوپر مارکت البرز
1404/08/03,SKU00048,شامپو ۹۰۰ میلی‌لیتری,عدد,6,211514,169685,1269084,سوپر مارکت البرز
1404/08/03,SKU00049,خمیر دندان ۱۰۰ گرمی,عدد,5,72609,56825,363045,هایپر ستاره شهر
1404/08/03,SKU00050,صابون بسته ۶ عددی,بسته,7,94708,75766,662956,تعاونی مصرف کارکنان
1404/08/04,SKU00001,برنج ایرانی هاشمی ۱۰ کیلویی,کارتن,3,3555000,3002000,10665000,سوپر پروتئین سبز
1404/08/04,SKU00027,برنج پاکستانی باسماتی ۱۰ کیلویی,کارتن,5,2093500,1659000,10467500,فروشگاه سپیدار
1404/08/04,SKU00028,روغن آفتابگردان ۱.۸ لیتری,عدد,23,146150,118500,3361450,کافه رستوران ونک
1404/08/04,SKU00029,روغن سرخ‌کردنی ۴.۵ لیتری,عدد,5,359450,300200,1797250,کافه رستوران ونک
1404/08/04,SKU00030,شکر سفید ۹۰۰ گرمی,عدد,36,33180,27650,1194480,فروشگاه زنجیره‌ای مهر
1404/08/04,SKU00031,چای کیسه‌ای ۱۰۰ عددی,عدد,9,193550,154050,1741950,فروشگاه زنجیره‌ای مهر
1404/08/04,SKU00032,قهوه فوری ۲۰۰ گرمی,عدد,5,410800,331800,2054000,فروشگاه رفاه محلی
1404/08/04,SKU00033,نوشابه خانواده ۱.۵ لیتری,عدد,30,37920,30020,1137600,بقالی برادران احمدی
1404/08/04,SKU00034,آب معدنی ۱.۵ لیتری بسته ۶ عددی,بسته,18,75840,61620,1365120,فروشگاه زنجیره‌ای مهر
1404/08/04,SKU00035,ماکارونی ۷۰۰ گرمی,عدد,32,41080,33180,1314560,فروشگاه زنجیره‌ای مهر
1404/08/04,SKU00036,رب گوجه ۸۰۰ گرمی,عدد,11,85320,69520,938520,فروشگاه امید
1404/08/04,SKU00037,تن ماهی ۱۸۰ گرمی,عدد,10,132720,106650,1327200,سوپرمارکت پارسیان
1404/08/04,SKU00038,لوبیا چیتی ۹۰۰ گرمی,عدد,10,112180,90850,1121800,مینی‌مارکت نسیم
1404/08/04,SKU00039,عدس ۹۰۰ گرمی,عدد,6,96380,77420,578280,هایپر ستاره شهر
1404/08/04,SKU00040,نخود ۹۰۰ گرمی,عدد,8,102700,82950,821600,مینی‌مارکت شبانه
1404/08/04,SKU00041,پنیر سفید ۴۰۰ گرمی,عدد,27,86900,69520,2346300,کافه رستوران ونک
1404/08/04,SKU00042,شیر کم‌چرب ۱ لیتری,عدد,14,41080,33180,575120,فروشگاه سپیدار
1404/08/04,SKU00043,ماست دبه ۲ کیلویی,عدد,9,161950,130350,1457550,سوپرمارکت آفتاب
1404/08/04,SKU00044,کره حیوانی ۱۰۰ گرمی,عدد,8,93220,75050,745760,مینی‌مارکت نسیم
1404/08/04,SKU00045,مایع ظرفشویی ۳.۷۵ لیتری,عدد,8,173800,138250,1390400,تعاونی مصرف کارکنان
1404/08/04,SKU00046,پودر لباسشویی ۵ کیلویی,عدد,4,371300,304150,1485200,فروشگاه گلستان
1404/08/04,SKU00047,دستمال کاغذی ۳۰۰ برگ,بسته,21,67150,53720,1410150,بوفه دانشگاه
1404/08/04,SKU00048,شامپو ۹۰۰ میلی‌لیتری,عدد,8,211720,169850,1693760,فروشگاه گلستان
1404/08/04,SKU00049,خمیر دندان ۱۰۰ گرمی,عدد,12,72680,56880,872160,بوفه دانشگاه
1404/08/04,SKU00050,صابون بسته ۶ عددی,بسته,15,94800,75840,1422000,کافه رستوران ونک
1404/08/05,SKU00001,برنج ایرانی هاشمی ۱۰ کیلویی,کارتن,2,3558462,3004923,7116924,هایپر ستاره شهر
1404/08/05,SKU00027,برنج پاکستانی باسماتی ۱۰ کیلویی,کارتن,3,2095538,1660615,6286614,فروشگاه سپیدار
1404/08/05,SKU00028,روغن آفتابگردان ۱.۸ لیتری,عدد,32,146292,118615,4681344,هایپر ستاره شهر
1404/08/05,SKU00029,روغن سرخ‌کردنی ۴.۵ لیتری,عدد,3,359800,300492,1079400,کافه رستوران ونک
1404/08/05,SKU00030,شکر سفید ۹۰۰ گرمی,عدد,27,33212,27677,896724,فروشگاه گلستان
1404/08/05,SKU00031,چای کیسه‌ای ۱۰۰ عددی,عدد,6,193738,154200,1162428,بوفه دانشگاه
1404/08/05,SKU00032,قهوه فوری ۲۰۰ گرمی,عدد,6,411200,332123,2467200,فروشگاه رفاه محلی
1404/08/05,SKU00033,نوشابه خانواده ۱.۵ لیتری,عدد,66,37957,30049,2505162,کافه رستوران ونک
1404/08/05,SKU00034,آب معدنی ۱.۵ لیتری بسته ۶ عددی,بسته,14,75914,61680,1062796,سوپر پروتئین سبز
1404/08/05,SKU00035,ماکارونی ۷۰۰ گرمی,عدد,27,41120,33212,1110240,تعاونی مصرف کارکنان
1404/08/05,SKU00036,رب گوجه ۸۰۰ گرمی,عدد,12,85403,69588,1024836,بوفه دانشگاه
1404/08/05,SKU00037,تن ماهی ۱۸۰ گرمی,عدد,17,132849,106754,2258433,فروشگاه سپیدار
1404/08/05,SKU00038,لوبیا چیتی ۹۰۰ گرمی,عدد,6,112289,90938,673734,فروشگاه یاس
1404/08/05,SKU00039,عدس ۹۰۰ گرمی,عدد,6,96474,77495,578844,فروشگاه سپیدار
1404/08/05,SKU00040,نخود ۹۰۰ گرمی,عدد,7,102800,83031,719600,فروشگاه یاس
1404/08/05,SKU00041,پنیر سفید ۴۰۰ گرمی,عدد,22,86985,69588,1913670,فروشگاه رفاه محلی
1404/08/05,SKU00042,شیر کم‌چرب ۱ لیتری,عدد,35,41120,33212,1439200,کافه رستوران ونک
1404/08/05,SKU00043,ماست دبه ۲ کیلویی,عدد,10,162108,130477,1621080,تعاونی مصرف کارکنان
1404/08/05,SKU00044,کره حیوانی ۱۰۰ گرمی,عدد,10,93311,75123,933110,مینی‌مارکت شبانه
1404/08/05,SKU00045,مایع ظرفشویی ۳.۷۵ لیتری,عدد,10,173969,138385,1739690,فروشگاه رفاه محلی
1404/08/05,SKU00046,پودر لباسشویی ۵ کیلویی,عدد,3,371662,304446,1114986,بقالی برادران احمدی
1404/08/05,SKU00047,دستمال کاغذی ۳۰۰ برگ,بسته,21,67215,53772,1411515,سوپر مارکت البرز
1404/08/05,SKU00048,شامپو ۹۰۰ میلی‌لیتری,عدد,6,211926,170015,1271556,مینی‌مارکت نسیم
1404/08/05,SKU00049,خمیر دندان ۱۰۰ گرمی,عدد,18,72751,56935,1309518,هایپر نیک
1404/08/05,SKU00050,صابون بسته ۶ عددی,بسته,11,94892,75914,1043812,بوفه دانشگاه
1404/08/06,SKU00001,برنج ایرانی هاشمی ۱۰ کیلویی,کارتن,3,3561923,3007846,10685769,فروشگاه گلستان
1404/08/06,SKU00027,برنج پاکستانی باسماتی ۱۰ کیلویی,کارتن,6,2097577,1662231,12585462,سوپر پروتئین سبز
1404/08/06,SKU00028,روغن آفتابگردان ۱.۸ لیتری,عدد,31,146435,118731,4539485,بقالی برادران احمدی
1404/08/06,SKU00029,روغن سرخ‌کردنی ۴.۵ لیتری,عدد,6,360150,300785,2160900,مینی‌مارکت نسیم
1404/08/06,SKU00030,شکر سفید ۹۰۰ گرمی,عدد,29,33245,27704,964105,سوپر پروتئین سبز
1404/08/06,SKU00031,چای کیسه‌ای ۱۰۰ عددی,عدد,10,193927,154350,1939270,فروشگاه یاس
1404/08/06,SKU00032,قهوه فوری ۲۰۰ گرمی,عدد,5,411600,332446,2058000,فروشگاه سپیدار
1404/08/06,SKU00033,نوشابه خانواده ۱.۵ لیتری,عدد,65,37994,30078,2469610,مینی‌مارکت شبانه
1404/08/06,SKU00034,آب معدنی ۱.۵ لیتری بسته ۶ عددی,بسته,23,75988,61740,1747724,سوپر مارکت البرز
1404/08/06,SKU00035,ماکارونی ۷۰۰ گرمی,عدد,25,41160,33245,1029000,سوپر پروتئین سبز
1404/08/06,SKU00036,رب گوجه ۸۰۰ گرمی,عدد,7,85486,69655,598402,بقالی برادران احمدی
1404/08/06,SKU00037,تن ماهی ۱۸۰ گرمی,عدد,18,132978,106858,2393604,سوپر مارکت البرز
1404/08/06,SKU00038,لوبیا چیتی ۹۰۰ گرمی,عدد,5,112398,91027,561990,هایپر نیک
1404/08/06,SKU00039,عدس ۹۰۰ گرمی,عدد,7,96568,77571,675976,تعاونی مصرف کارکنان
1404/08/06,SKU00040,نخود ۹۰۰ گرمی,عدد,4,102900,83112,411600,تعاونی مصرف کارکنان
1404/08/06,SKU00041,پنیر سفید ۴۰۰ گرمی,عدد,7,87069,69655,609483,تعاونی مصرف کارکنان
1404/08/06,SKU00042,شیر کم‌چرب ۱ لیتری,عدد,50,41160,33245,2058000,سوپر پروتئین سبز
1404/08/06,SKU00043,ماست دبه ۲ کیلویی,عدد,17,162265,130604,2758505,هایپر نیک
1404/08/06,SKU00044,کره حیوانی ۱۰۰ گرمی,عدد,11,93402,75196,1027422,فروشگاه گلستان
1404/08/06,SKU00045,مایع ظرفشویی ۳.۷۵ لیتری,عدد,15,174138,138519,2612070,فروشگاه سپیدار
1404/08/06,SKU00046,پودر لباسشویی ۵ کیلویی,عدد,6,372023,304742,2232138,کافه رستوران ونک
1404/08/06,SKU00047,دستمال کاغذی ۳۰۰ برگ,بسته,15,67281,53825,1009215,فروشگاه یاس
1404/08/06,SKU00048,شامپو ۹۰۰ میلی‌لیتری,عدد,4,212132,170181,848528,بقالی برادران احمدی
1404/08/06,SKU00049,خمیر دندان ۱۰۰ گرمی,عدد,15,72822,56991,1092330,تعاونی مصرف کارکنان
1404/08/06,SKU00050,صابون بسته ۶ عددی,بسته,7,94985,75988,664895,هایپر ستاره شهر
1404/08/07,SKU00001,برنج ایرانی هاشمی ۱۰ کیلویی,کارتن,3,3565385,3010769,10696155,کافه رستوران ونک
1404/08/07,SKU00027,برنج پاکستانی باسماتی ۱۰ کیلویی,کارتن,3,2099615,1663846,6298845,سوپرمارکت پارسیان
1404/08/07,SKU00028,روغن آفتابگردان ۱.۸ لیتری,عدد,30,146577,118846,4397310,فروشگاه امید
1404/08/07,SKU00029,روغن سرخ‌کردنی ۴.۵ لیتری,عدد,7,360500,301077,2523500,سوپر پروتئین سبز
1404/08/07,SKU00030,شکر سفید ۹۰۰ گرمی,عدد,16,33277,27731,532432,بوفه دانشگاه
1404/08/07,SKU00031,چای کیسه‌ای ۱۰۰ عددی,عدد,11,194115,154500,2135265,سوپرمارکت پارسیان
1404/08/07,SKU00032,قهوه فوری ۲۰۰ گرمی,عدد,3,412000,332769,1236000,بقالی برادران احمدی
1404/08/07,SKU00033,نوشابه خانواده ۱.۵ لیتری,عدد,35,38031,30108,1331085,تعاونی مصرف کارکنان
1404/08/07,SKU00034,آب معدنی ۱.۵ لیتری بسته ۶ عددی,بسته,15,76062,61800,1140930,فروشگاه سپیدار
1404/08/07,SKU00035,ماکارونی ۷۰۰ گرمی,عدد,43,41200,33277,1771600,سوپرمارکت پارسیان
1404/08/07,SKU00036,رب گوجه ۸۰۰ گرمی,عدد,14,85569,69723,1197966,کافه رستوران ونک
1404/08/07,SKU00037,تن ماهی ۱۸۰ گرمی,عدد,15,133108,106962,1996620,سوپر مارکت البرز
1404/08/07,SKU00038,لوبیا چیتی ۹۰۰ گرمی,عدد,12,112508,91115,1350096,فروشگاه یاس
1404/08/07,SKU00039,عدس ۹۰۰ گرمی,عدد,13,96662,77646,1256606,فروشگاه زنجیره‌ای مهر
1404/08/07,SKU00040,نخود ۹۰۰ گرمی,عدد,8,103000,83192,824000,هایپر ستاره شهر
1404/08/07,SKU00041,پنیر سفید ۴۰۰ گرمی,عدد,20,87154,69723,1743080,بقالی برادران احمدی
1404/08/07,SKU00042,شیر کم‌چرب ۱ لیتری,عدد,41,41200,33277,1689200,فروشگاه امید
1404/08/07,SKU00043,ماست دبه ۲ کیلویی,عدد,18,162423,130731,2923614,مینی‌مارکت نسیم
1404/08/07,SKU00044,کره حیوانی ۱۰۰ گرمی,عدد,6,93492,75269,560952,فروشگاه گلستان
1404/08/07,SKU00045,مایع ظرفشویی ۳.۷۵ لیتری,عدد,17,174308,138654,2963236,کافه رستوران ونک
1404/08/07,SKU00046,پودر لباسشویی ۵ کیلویی,عدد,6,372385,305038,2234310,هایپر ستاره شهر
1404/08/07,SKU00047,دستمال کاغذی ۳۰۰ برگ,بسته,29,67346,53877,1953034,هایپر ستاره شهر
1404/08/07,SKU00048,شامپو ۹۰۰ میلی‌لیتری,عدد,5,212338,170346,1061690,سوپرمارکت پارسیان
1404/08/07,SKU00049,خمیر دندان ۱۰۰ گرمی,عدد,17,72892,57046,1239164,فروشگاه زنجیره‌ای مهر
1404/08/07,SKU00050,صابون بسته ۶ عددی,بسته,4,95077,76062,380308,سوپرمارکت آفتاب
1404/08/08,SKU00001,برنج ایرانی هاشمی ۱۰ کیلویی,کارتن,1,3568846,3013692,3568846,سوپر مارکت البرز
1404/08/08,SKU00027,برنج پاکستانی باسماتی ۱۰ کیلویی,کارتن,4,2101654,1665462,8406616,مینی‌مارکت نسیم
1404/08/08,SKU00028,روغن آفتابگردان ۱.۸ لیتری,عدد,47,146719,118962,6895793,سوپرمارکت آفتاب
1404/08/08,SKU00029,روغن سرخ‌کردنی ۴.۵ لیتری,عدد,11,360850,301369,3969350,فروشگاه زنجیره‌ای مهر
1404/08/08,SKU00030,شکر سفید ۹۰۰ گرمی,عدد,33,33309,27758,1099197,هایپر نیک
1404/08/08,SKU00031,چای کیسه‌ای ۱۰۰ عددی,عدد,15,194304,154650,2914560,مینی‌مارکت نسیم
1404/08/08,SKU00032,قهوه فوری ۲۰۰ گرمی,عدد,5,412400,333092,2062000,فروشگاه زنجیره‌ای مهر
1404/08/08,SKU00033,نوشابه خانواده ۱.۵ لیتری,عدد,92,38068,30137,3502256,فروشگاه سپیدار
1404/08/08,SKU00034,آب معدنی ۱.۵ لیتری بسته ۶ عددی,بسته,22,76135,61860,1674970,هایپر ستاره شهر
1404/08/08,SKU00035,ماکارونی ۷۰۰ گرمی,عدد,35,41240,33309,1443400,فروشگاه رفاه محلی
1404/08/08,SKU00036,رب گوجه ۸۰۰ گرمی,عدد,14,85652,69791,1199128,فروشگاه گلستان
1404/08/08,SKU00037,تن ماهی ۱۸۰ گرمی,عدد,20,133237,107065,2664740,فروشگاه امید
1404/08/08,SKU00038,لوبیا چیتی ۹۰۰ گرمی,عدد,15,112617,91204,1689255,مینی‌مارکت شبانه
1404/08/08,SKU00039,عدس ۹۰۰ گرمی,عدد,12,96755,77722,1161060,سوپر پروتئین سبز
1404/08/08,SKU00040,نخود ۹۰۰ گرمی,عدد,9,103100,83273,927900,مینی‌مارکت نسیم
1404/08/08,SKU00041,پنیر سفید ۴۰۰ گرمی,عدد,39,87238,69791,3402282,هایپر ستاره شهر
1404/08/08,SKU00042,شیر کم‌چرب ۱ لیتری,عدد,49,41240,33309,2020760,بوفه دانشگاه
1404/08/08,SKU00043,ماست دبه ۲ کیلویی,عدد,20,162581,130858,3251620,سوپرمارکت آفتاب
1404/08/08,SKU00044,کره حیوانی ۱۰۰ گرمی,عدد,14,93583,75342,1310162,تعاونی مصرف کارکنان
1404/08/08,SKU00045,مایع ظرفشویی ۳.۷۵ لیتری,عدد,11,174477,138788,1919247,هایپر ستاره شهر
1404/08/08,SKU00046,پودر لباسشویی ۵ کیلویی,عدد,4,372746,305335,1490984,کافه رستوران ونک
1404/08/08,SKU00047,دستمال کاغذی ۳۰۰ برگ,بسته,24,67412,53929,1617888,فروشگاه گلستان
1404/08/08,SKU00048,شامپو ۹۰۰ میلی‌لیتری,عدد,11,212545,170512,2337995,فروشگاه زنجیره‌ای مهر
1404/08/08,SKU00049,خمیر دندان ۱۰۰ گرمی,عدد,31,72963,57102,2261853,فروشگاه یاس
1404/08/08,SKU00050,صابون بسته ۶ عددی,بسته,16,95169,76135,1522704,هایپر نیک
1404/08/09,SKU00001,برنج ایرانی هاشمی ۱۰ کیلویی,کارتن,2,3572308,3016615,7144616,فروشگاه یاس
1404/08/09,SKU00027,برنج پاکستانی باسماتی ۱۰ کیلویی,کارتن,2,2103692,1667077,4207384,هایپر ستاره شهر
1404/08/09,SKU00028,روغن آفتابگردان ۱.۸ لیتری,عدد,15,146862,119077,2202930,فروشگاه یاس
1404/08/09,SKU00029,روغن سرخ‌کردنی ۴.۵ لیتری,عدد,6,361200,301662,2167200,بقالی برادران احمدی
1404/08/09,SKU00030,شکر سفید ۹۰۰ گرمی,عدد,22,33342,27785,733524,فروشگاه یاس
1404/08/09,SKU00031,چای کیسه‌ای ۱۰۰ عددی,عدد,5,194492,154800,972460,بقالی برادران احمدی
1404/08/09,SKU00033,نوشابه خانواده ۱.۵ لیتری,عدد,15,38105,30166,571575,هایپر ستاره شهر
1404/08/09,SKU00034,آب معدنی ۱.۵ لیتری بسته ۶ عددی,بسته,8,76209,61920,609672,بوفه دانشگاه
1404/08/09,SKU00035,ماکارونی ۷۰۰ گرمی,عدد,6,41280,33342,247680,فروشگاه سپیدار
1404/08/09,SKU00036,رب گوجه ۸۰۰ گرمی,عدد,7,85735,69858,600145,فروشگاه سپیدار
1404/08/09,SKU00037,تن ماهی ۱۸۰ گرمی,عدد,12,133366,107169,1600392,فروشگاه زنجیره‌ای مهر
1404/08/09,SKU00038,لوبیا چیتی ۹۰۰ گرمی,عدد,6,112726,91292,676356,فروشگاه زنجیره‌ای مهر
1404/08/09,SKU00039,عدس ۹۰۰ گرمی,عدد,6,96849,77797,581094,مینی‌مارکت شبانه
1404/08/09,SKU00040,نخود ۹۰۰ گرمی,عدد,3,103200,83354,309600,تعاونی مصرف کارکنان
1404/08/09,SKU00041,پنیر سفید ۴۰۰ گرمی,عدد,18,87323,69858,1571814,سوپر مارکت البرز
1404/08/09,SKU00042,شیر کم‌چرب ۱ لیتری,عدد,26,41280,33342,1073280,بقالی برادران احمدی
1404/08/09,SKU00043,ماست دبه ۲ کیلویی,عدد,11,162738,130985,1790118,بوفه دانشگاه
1404/08/09,SKU00044,کره حیوانی ۱۰۰ گرمی,عدد,4,93674,75415,374696,مینی‌مارکت شبانه
1404/08/09,SKU00045,مایع ظرفشویی ۳.۷۵ لیتری,عدد,6,174646,138923,1047876,سوپرمارکت پارسیان
1404/08/09,SKU00046,پودر لباسشویی ۵ کیلویی,عدد,3,373108,305631,1119324,فروشگاه امید
1404/08/09,SKU00047,دستمال کاغذی ۳۰۰ برگ,بسته,12,67477,53982,809724,مینی‌مارکت نسیم
1404/08/09,SKU00048,شامپو ۹۰۰ میلی‌لیتری,عدد,4,212751,170677,851004,سوپر مارکت البرز
1404/08/09,SKU00049,خمیر دندان ۱۰۰ گرمی,عدد,5,73034,57157,365170,کافه رستوران ونک
1404/08/09,SKU00050,صابون بسته ۶ عددی,بسته,8,95262,76209,762096,بوفه دانشگاه
1404/08/10,SKU00001,برنج ایرانی هاشمی ۱۰ کیلویی,کارتن,4,3575769,3019538,14303076,مینی‌مارکت نسیم
1404/08/10,SKU00027,برنج پاکستانی باسماتی ۱۰ کیلویی,کارتن,2,2105731,1668692,4211462,مینی‌مارکت نسیم
1404/08/10,SKU00028,روغن آفتابگردان ۱.۸ لیتری,عدد,29,147004,119192,4263116,هایپر ستاره شهر
1404/08/10,SKU00029,روغن سرخ‌کردنی ۴.۵ لیتری,عدد,8,361550,301954,2892400,سوپرمارکت آفتاب
1404/08/10,SKU00030,شکر سفید ۹۰۰ گرمی,عدد,29,33374,27812,967846,تعاونی مصرف کارکنان
1404/08/10,SKU00031,چای کیسه‌ای ۱۰۰ عددی,عدد,5,194681,154950,973405,مینی‌مارکت نسیم
1404/08/10,SKU00032,قهوه فوری ۲۰۰ گرمی,عدد,5,413200,333738,2066000,بقالی برادران احمدی
1404/08/10,SKU00033,نوشابه خانواده ۱.۵ لیتری,عدد,39,38142,30195,1487538,فروشگاه یاس
1404/08/10,SKU00034,آب معدنی ۱.۵ لیتری بسته ۶ عددی,بسته,18,76283,61980,1373094,کافه رستوران ونک
1404/08/10,SKU00035,ماکارونی ۷۰۰ گرمی,عدد,29,41320,33374,1198280,بوفه دانشگاه
1404/08/10,SKU00036,رب گوجه ۸۰۰ گرمی,عدد,15,85818,69926,1287270,فروشگاه یاس
1404/08/10,SKU00037,تن ماهی ۱۸۰ گرمی,عدد,17,133495,107273,2269415,سوپر مارکت البرز
1404/08/10,SKU00038,لوبیا چیتی ۹۰۰ گرمی,عدد,6,112835,91381,677010,فروشگاه سپیدار
1404/08/10,SKU00039,عدس ۹۰۰ گرمی,عدد,9,96943,77872,872487,تعاونی مصرف کارکنان
1404/08/10,SKU00041,پنیر سفید ۴۰۰ گرمی,عدد,32,87408,69926,2797056,سوپر پروتئین سبز
1404/08/10,SKU00042,شیر کم‌چرب ۱ لیتری,عدد,17,41320,33374,702440,سوپرمارکت پارسیان
1404/08/10,SKU00043,ماست دبه ۲ کیلویی,عدد,10,162896,131112,1628960,سوپرمارکت آفتاب
1404/08/10,SKU00044,کره حیوانی ۱۰۰ گرمی,عدد,10,93765,75488,937650,سوپر پروتئین سبز
1404/08/10,SKU00045,مایع ظرفشویی ۳.۷۵ لیتری,عدد,8,174815,139058,1398520,فروشگاه رفاه محلی
1404/08/10,SKU00046,پودر لباسشویی ۵ کیلویی,عدد,5,373469,305927,1867345,هایپر ستاره شهر
1404/08/10,SKU00047,دستمال کاغذی ۳۰۰ برگ,بسته,33,67542,54034,2228886,هایپر ستاره شهر
1404/08/10,SKU00048,شامپو ۹۰۰ میلی‌لیتری,عدد,6,212957,170842,1277742,فروشگاه زنجیره‌ای مهر
1404/08/10,SKU00049,خمیر دندان ۱۰۰ گرمی,عدد,12,73105,57212,877260,فروشگاه امید
1404/08/10,SKU00050,صابون بسته ۶ عددی,بسته,5,95354,76283,476770,بوفه دانشگاه
1404/08/11,SKU00001,برنج ایرانی هاشمی ۱۰ کیلویی,کارتن,4,3579231,3022462,14316924,فروشگاه رفاه محلی
1404/08/11,SKU00027,برنج پاکستانی باسماتی ۱۰ کیلویی,کارتن,5,2107769,1670308,10538845,مینی‌مارکت نسیم
1404/08/11,SKU00028,روغن آفتابگردان ۱.۸ لیتری,عدد,19,147146,119308,2795774,سوپرمارکت آفتاب
1404/08/11,SKU00029,روغن سرخ‌کردنی ۴.۵ لیتری,عدد,5,361900,302246,1809500,سوپر مارکت البرز
1404/08/11,SKU00030,شکر سفید ۹۰۰ گرمی,عدد,37,33406,27838,1236022,کافه رستوران ونک
1404/08/11,SKU00031,چای کیسه‌ای ۱۰۰ عددی,عدد,8,194869,155100,1558952,هایپر نیک
1404/08/11,SKU00032,قهوه فوری ۲۰۰ گرمی,عدد,4,413600,334062,1654400,بقالی برادران احمدی
1404/08/11,SKU00033,نوشابه خانواده ۱.۵ لیتری,عدد,40,38178,30225,1527120,فروشگاه رفاه محلی
1404/08/11,SKU00034,آب معدنی ۱.۵ لیتری بسته ۶ عددی,بسته,15,76357,62040,1145355,سوپر مارکت البرز
1404/08/11,SKU00035,ماکارونی ۷۰۰ گرمی,عدد,18,41360,33406,744480,فروشگاه زنجیره‌ای مهر
1404/08/11,SKU00036,رب گوجه ۸۰۰ گرمی,عدد,21,85902,69994,1803942,بوفه دانشگاه
1404/08/11,SKU00037,تن ماهی ۱۸۰ گرمی,عدد,12,133625,107377,1603500,فروشگاه یاس
1404/08/11,SKU00038,لوبیا چیتی ۹۰۰ گرمی,عدد,9,112945,91469,1016505,تعاونی مصرف کارکنان
1404/08/11,SKU00039,عدس ۹۰۰ گرمی,عدد,7,97037,77948,679259,مینی‌مارکت شبانه
1404/08/11,SKU00040,نخود ۹۰۰ گرمی,عدد,6,103400,83515,620400,فروشگاه زنجیره‌ای مهر
1404/08/11,SKU00041,پنیر سفید ۴۰۰ گرمی,عدد,18,87492,69994,1574856,کافه رستوران ونک
1404/08/11,SKU00042,شیر کم‌چرب ۱ لیتری,عدد,45,41360,33406,1861200,سوپرمارکت آفتاب
1404/08/11,SKU00043,ماست دبه ۲ کیلویی,عدد,12,163054,131238,1956648,فروشگاه گلستان
1404/08/11,SKU00044,کره حیوانی ۱۰۰ گرمی,عدد,9,93855,75562,844695,هایپر نیک
1404/08/11,SKU00045,مایع ظرفشویی ۳.۷۵ لیتری,عدد,8,174985,139192,1399880,فروشگاه رفاه محلی
1404/08/11,SKU00046,پودر لباسشویی ۵ کیلویی,عدد,5,373831,306223,1869155,بوفه دانشگاه
1404/08/11,SKU00047,دستمال کاغذی ۳۰۰ برگ,بسته,27,67608,54086,1825416,فروشگاه گلستان
1404/08/11,SKU00048,شامپو ۹۰۰ میلی‌لیتری,عدد,6,213163,171008,1278978,بوفه دانشگاه
1404/08/11,SKU00049,خمیر دندان ۱۰۰ گرمی,عدد,24,73175,57268,1756200,بوفه دانشگاه
1404/08/11,SKU00050,صابون بسته ۶ عددی,بسته,8,95446,76357,763568,کافه رستوران ونک
1404/08/12,SKU00001,برنج ایرانی هاشمی ۱۰ کیلویی,کارتن,2,3582692,3025385,7165384,کافه رستوران ونک
1404/08/12,SKU00027,برنج پاکستانی باسماتی ۱۰ کیلویی,کارتن,6,2109808,1671923,12658848,بوفه دانشگاه
1404/08/12,SKU00028,روغن آفتابگردان ۱.۸ لیتری,عدد,23,147288,119423,3387624,مینی‌مارکت شبانه
1404/08/12,SKU00029,روغن سرخ‌کردنی ۴.۵ لیتری,عدد,3,362250,302538,1086750,تعاونی مصرف کارکنان
1404/08/12,SKU00030,شکر سفید ۹۰۰ گرمی,عدد,30,33438,27865,1003140,فروشگاه سپیدار
1404/08/12,SKU00031,چای کیسه‌ای ۱۰۰ عددی,عدد,12,195058,155250,2340696,فروشگاه گلستان
1404/08/12,SKU00032,قهوه فوری ۲۰۰ گرمی,عدد,2,414000,334385,828000,فروشگاه رفاه محلی
1404/08/12,SKU00033,نوشابه خانواده ۱.۵ لیتری,عدد,58,38215,30254,2216470,مینی‌مارکت شبانه
1404/08/12,SKU00034,آب معدنی ۱.۵ لیتری بسته ۶ عددی,بسته,12,76431,62100,917172,کافه رستوران ونک
1404/08/12,SKU00035,ماکارونی ۷۰۰ گرمی,عدد,26,41400,33438,1076400,هایپر ستاره شهر
1404/08/12,SKU00036,رب گوجه ۸۰۰ گرمی,عدد,16,85985,70062,1375760,سوپرمارکت پارسیان
1404/08/12,SKU00037,تن ماهی ۱۸۰ گرمی,عدد,12,133754,107481,1605048,سوپر پروتئین سبز
1404/08/12,SKU00038,لوبیا چیتی ۹۰۰ گرمی,عدد,7,113054,91558,791378,فروشگاه زنجیره‌ای مهر
1404/08/12,SKU00039,عدس ۹۰۰ گرمی,عدد,9,97131,78023,874179,هایپر ستاره شهر
1404/08/12,SKU00040,نخود ۹۰۰ گرمی,عدد,8,103500,83596,828000,فروشگاه زنجیره‌ای مهر
1404/08/12,SKU00041,پنیر سفید ۴۰۰ گرمی,عدد,20,87577,70062,1751540,فروشگاه زنجیره‌ای مهر
1404/08/12,SKU00042,شیر کم‌چرب ۱ لیتری,عدد,19,41400,33438,786600,فروشگاه یاس
1404/08/12,SKU00043,ماست دبه ۲ کیلویی,عدد,7,163212,131365,1142484,مینی‌مارکت شبانه
1404/08/12,SKU00044,کره حیوانی ۱۰۰ گرمی,عدد,7,93946,75635,657622,سوپر مارکت البرز
1404/08/12,SKU00045,مایع ظرفشویی ۳.۷۵ لیتری,عدد,10,175154,139327,1751540,کافه رستوران ونک
1404/08/12,SKU00046,پودر لباسشویی ۵ کیلویی,عدد,3,374192,306519,1122576,بوفه دانشگاه
1404/08/12,SKU00047,دستمال کاغذی ۳۰۰ برگ,بسته,20,67673,54138,1353460,مینی‌مارکت نسیم
1404/08/12,SKU00048,شامپو ۹۰۰ میلی‌لیتری,عدد,4,213369,171173,853476,سوپر پروتئین سبز
1404/08/12,SKU00049,خمیر دندان ۱۰۰ گرمی,عدد,9,73246,57323,659214,سوپر مارکت البرز
1404/08/12,SKU00050,صابون بسته ۶ عددی,بسته,6,95538,76431,573228,فروشگاه رفاه محلی
1404/08/13,SKU00001,برنج ایرانی هاشمی ۱۰ کیلویی,کارتن,4,3586154,3028308,14344616,فروشگاه امید
1404/08/13,SKU00027,برنج پاکستانی باسماتی ۱۰ کیلویی,کارتن,4,2111846,1673538,8447384,فروشگاه گلستان
1404/08/13,SKU00028,روغن آفتابگردان ۱.۸ لیتری,عدد,21,147431,119538,3096051,هایپر نیک
1404/08/13,SKU00029,روغن سرخ‌کردنی ۴.۵ لیتری,عدد,5,362600,302831,1813000,سوپر پروتئین سبز
1404/08/13,SKU00030,شکر سفید ۹۰۰ گرمی,عدد,33,33471,27892,1104543,فروشگاه رفاه محلی
1404/08/13,SKU00031,چای کیسه‌ای ۱۰۰ عددی,عدد,4,195246,155400,780984,فروشگاه گلستان
1404/08/13,SKU00032,قهوه فوری ۲۰۰ گرمی,عدد,3,414400,334708,1243200,بوفه دانشگاه
1404/08/13,SKU00033,نوشابه خانواده ۱.۵ لیتری,عدد,22,38252,30283,841544,کافه رستوران ونک
1404/08/13,SKU00034,آب معدنی ۱.۵ لیتری بسته ۶ عددی,بسته,23,76505,62160,1759615,هایپر ستاره شهر
1404/08/13,SKU00035,ماکارونی ۷۰۰ گرمی,عدد,28,41440,33471,1160320,فروشگاه رفاه محلی
1404/08/13,SKU00036,رب گوجه ۸۰۰ گرمی,عدد,14,86068,70129,1204952,فروشگاه یاس
1404/08/13,SKU00037,تن ماهی ۱۸۰ گرمی,عدد,16,133883,107585,2142128,مینی‌مارکت نسیم
1404/08/13,SKU00038,لوبیا چیتی ۹۰۰ گرمی,عدد,10,113163,91646,1131630,فروشگاه امید
1404/08/13,SKU00039,عدس ۹۰۰ گرمی,عدد,11,97225,78098,1069475,بوفه دانشگاه
1404/08/13,SKU00040,نخود ۹۰۰ گرمی,عدد,6,103600,83677,621600,فروشگاه رفاه محلی
1404/08/13,SKU00041,پنیر سفید ۴۰۰ گرمی,عدد,3,87662,70129,262986,سوپر پروتئین سبز
1404/08/13,SKU00042,شیر کم‌چرب ۱ لیتری,عدد,49,41440,33471,2030560,فروشگاه رفاه محلی
1404/08/13,SKU00043,ماست دبه ۲ کیلویی,عدد,15,163369,131492,2450535,بقالی برادران احمدی
1404/08/13,SKU00044,کره حیوانی ۱۰۰ گرمی,عدد,8,94037,75708,752296,سوپرمارکت پارسیان
1404/08/13,SKU00045,مایع ظرفشویی ۳.۷۵ لیتری,عدد,12,175323,139462,2103876,سوپر مارکت البرز
1404/08/13,SKU00046,پودر لباسشویی ۵ کیلویی,عدد,8,374554,306815,2996432,بقالی برادران احمدی
1404/08/13,SKU00047,دستمال کاغذی ۳۰۰ برگ,بسته,8,67738,54191,541904,فروشگاه زنجیره‌ای مهر
1404/08/13,SKU00048,شامپو ۹۰۰ میلی‌لیتری,عدد,4,213575,171338,854300,مینی‌مارکت نسیم
1404/08/13,SKU00049,خمیر دندان ۱۰۰ گرمی,عدد,18,73317,57378,1319706,فروشگاه رفاه محلی
1404/08/13,SKU00050,صابون بسته ۶ عددی,بسته,6,95631,76505,573786,مینی‌مارکت شبانه
1404/08/14,SKU00001,برنج ایرانی هاشمی ۱۰ کیلویی,کارتن,3,3589615,3031231,10768845,بوفه دانشگاه
1404/08/14,SKU00027,برنج پاکستانی باسماتی ۱۰ کیلویی,کارتن,4,2113885,1675154,8455540,تعاونی مصرف کارکنان
1404/08/14,SKU00028,روغن آفتابگردان ۱.۸ لیتری,عدد,21,147573,119654,3099033,فروشگاه امید
1404/08/14,SKU00029,روغن سرخ‌کردنی ۴.۵ لیتری,عدد,7,362950,303123,2540650,فروشگاه گلستان
1404/08/14,SKU00030,شکر سفید ۹۰۰ گرمی,عدد,30,33503,27919,1005090,فروشگاه امید
1404/08/14,SKU00031,چای کیسه‌ای ۱۰۰ عددی,عدد,9,195435,155550,1758915,مینی‌مارکت شبانه
1404/08/14,SKU00032,قهوه فوری ۲۰۰ گرمی,عدد,6,414800,335031,2488800,تعاونی مصرف کارکنان
1404/08/14,SKU00033,نوشابه خانواده ۱.۵ لیتری,عدد,52,38289,30312,1991028,هایپر ستاره شهر
1404/08/14,SKU00034,آب معدنی ۱.۵ لیتری بسته ۶ عددی,بسته,29,76578,62220,2220762,سوپر مارکت البرز
1404/08/14,SKU00035,ماکارونی ۷۰۰ گرمی,عدد,36,41480,33503,1493280,بوفه دانشگاه
1404/08/14,SKU00036,رب گوجه ۸۰۰ گرمی,عدد,16,86151,70197,1378416,بوفه دانشگاه
1404/08/14,SKU00037,تن ماهی ۱۸۰ گرمی,عدد,20,134012,107688,2680240,هایپر ستاره شهر
1404/08/14,SKU00038,لوبیا چیتی ۹۰۰ گرمی,عدد,4,113272,91735,453088,مینی‌مارکت شبانه
1404/08/14,SKU00039,عدس ۹۰۰ گرمی,عدد,13,97318,78174,1265134,سوپر پروتئین سبز
1404/08/14,SKU00040,نخود ۹۰۰ گرمی,عدد,4,103700,83758,414800,فروشگاه سپیدار
1404/08/14,SKU00041,پنیر سفید ۴۰۰ گرمی,عدد,13,87746,70197,1140698,مینی‌مارکت شبانه
1404/08/14,SKU00042,شیر کم‌چرب ۱ لیتری,عدد,64,41480,33503,2654720,سوپرمارکت آفتاب
1404/08/14,SKU00043,ماست دبه ۲ کیلویی,عدد,17,163527,131619,2779959,فروشگاه امید
1404/08/14,SKU00044,کره حیوانی ۱۰۰ گرمی,عدد,3,94128,75781,282384,کافه رستوران ونک
1404/08/14,SKU00045,مایع ظرفشویی ۳.۷۵ لیتری,عدد,18,175492,139596,3158856,بوفه دانشگاه
1404/08/14,SKU00046,پودر لباسشویی ۵ کیلویی,عدد,7,374915,307112,2624405,کافه رستوران ونک
1404/08/14,SKU00047,دستمال کاغذی ۳۰۰ برگ,بسته,13,67804,54243,881452,مینی‌مارکت شبانه
1404/08/14,SKU00048,شامپو ۹۰۰ میلی‌لیتری,عدد,10,213782,171504,2137820,هایپر ستاره شهر
1404/08/14,SKU00049,خمیر دندان ۱۰۰ گرمی,عدد,9,73388,57434,660492,سوپر پروتئین سبز
1404/08/14,SKU00050,صابون بسته ۶ عددی,بسته,10,95723,76578,957230,فروشگاه یاس
1404/08/15,SKU00001,برنج ایرانی هاشمی ۱۰ کیلویی,کارتن,7,3593077,3034154,25151539,بقالی برادران احمدی
1404/08/15,SKU00027,برنج پاکستانی باسماتی ۱۰ کیلویی,کارتن,6,2115923,1676769,12695538,مینی‌مارکت شبانه
1404/08/15,SKU00028,روغن آفتابگردان ۱.۸ لیتری,عدد,32,147715,119769,4726880,تعاونی مصرف کارکنان
1404/08/15,SKU00029,روغن سرخ‌کردنی ۴.۵ لیتری,عدد,15,363300,303415,5449500,هایپر نیک
1404/08/15,SKU00030,شکر سفید ۹۰۰ گرمی,عدد,51,33535,27946,1710285,بقالی برادران احمدی
1404/08/15,SKU00031,چای کیسه‌ای ۱۰۰ عددی,عدد,16,195623,155700,3129968,هایپر ستاره شهر
1404/08/15,SKU00032,قهوه فوری ۲۰۰ گرمی,عدد,6,415200,335354,2491200,سوپر پروتئین سبز
1404/08/15,SKU00033,نوشابه خانواده ۱.۵ لیتری,عدد,37,38326,30342,1418062,فروشگاه زنجیره‌ای مهر
1404/08/15,SKU00034,آب معدنی ۱.۵ لیتری بسته ۶ عددی,بسته,15,76652,62280,1149780,بوفه دانشگاه
1404/08/15,SKU00035,ماکارونی ۷۰۰ گرمی,عدد,39,41520,33535,1619280,سوپر پروتئین سبز
1404/08/15,SKU00036,رب گوجه ۸۰۰ گرمی,عدد,18,86234,70265,1552212,سوپرمارکت پارسیان
1404/08/15,SKU00037,تن ماهی ۱۸۰ گرمی,عدد,23,134142,107792,3085266,سوپرمارکت پارسیان
1404/08/15,SKU00038,لوبیا چیتی ۹۰۰ گرمی,عدد,10,113382,91823,1133820,فروشگاه یاس
1404/08/15,SKU00039,عدس ۹۰۰ گرمی,عدد,8,97412,78249,779296,مینی‌مارکت شبانه
1404/08/15,SKU00040,نخود ۹۰۰ گرمی,عدد,10,103800,83838,1038000,مینی‌مارکت نسیم
1404/08/15,SKU00041,پنیر سفید ۴۰۰ گرمی,عدد,40,87831,70265,3513240,کافه رستوران ونک
1404/08/15,SKU00042,شیر کم‌چرب ۱ لیتری,عدد,32,41520,33535,1328640,سوپرمارکت آفتاب
1404/08/15,SKU00043,ماست دبه ۲ کیلویی,عدد,29,163685,131746,4746865,فروشگاه امید
1404/08/15,SKU00044,کره حیوانی ۱۰۰ گرمی,عدد,14,94218,75854,1319052,سوپرمارکت پارسیان
1404/08/15,SKU00045,مایع ظرفشویی ۳.۷۵ لیتری,عدد,12,175662,139731,2107944,هایپر ستاره شهر
1404/08/15,SKU00046,پودر لباسشویی ۵ کیلویی,عدد,12,375277,307408,4503324,هایپر نیک
1404/08/15,SKU00047,دستمال کاغذی ۳۰۰ برگ,بسته,43,67869,54295,2918367,سوپرمارکت آفتاب
1404/08/15,SKU00048,شامپو ۹۰۰ میلی‌لیتری,عدد,12,213988,171669,2567856,بوفه دانشگاه
1404/08/15,SKU00049,خمیر دندان ۱۰۰ گرمی,عدد,11,73458,57489,808038,هایپر ستاره شهر
1404/08/15,SKU00050,صابون بسته ۶ عددی,بسته,9,95815,76652,862335,سوپرمارکت آفتاب
1404/08/16,SKU00001,برنج ایرانی هاشمی ۱۰ کیلویی,کارتن,2,3596538,3037077,7193076,فروشگاه سپیدار
1404/08/16,SKU00027,برنج پاکستانی باسماتی ۱۰ کیلویی,کارتن,2,2117962,1678385,4235924,بوفه دانشگاه
1404/08/16,SKU00028,روغن آفتابگردان ۱.۸ لیتری,عدد,11,147858,119885,1626438,فروشگاه رفاه محلی
1404/08/16,SKU00029,روغن سرخ‌کردنی ۴.۵ لیتری,عدد,2,363650,303708,727300,سوپرمارکت آفتاب
1404/08/16,SKU00030,شکر سفید ۹۰۰ گرمی,عدد,13,33568,27973,436384,سوپر مارکت البرز
1404/08/16,SKU00031,چای کیسه‌ای ۱۰۰ عددی,عدد,3,195812,155850,587436,فروشگاه سپیدار
1404/08/16,SKU00032,قهوه فوری ۲۰۰ گرمی,عدد,2,415600,335677,831200,هایپر نیک
1404/08/16,SKU00033,نوشابه خانواده ۱.۵ لیتری,عدد,30,38363,30371,1150890,مینی‌مارکت نسیم
1404/08/16,SKU00034,آب معدنی ۱.۵ لیتری بسته ۶ عددی,بسته,16,76726,62340,1227616,فروشگاه امید
1404/08/16,SKU00035,ماکارونی ۷۰۰ گرمی,عدد,9,41560,33568,374040,فروشگاه رفاه محلی
1404/08/16,SKU00036,رب گوجه ۸۰۰ گرمی,عدد,10,86317,70332,863170,مینی‌مارکت شبانه
1404/08/16,SKU00037,تن ماهی ۱۸۰ گرمی,عدد,12,134271,107896,1611252,سوپر پروتئین سبز
1404/08/16,SKU00038,لوبیا چیتی ۹۰۰ گرمی,عدد,5,113491,91912,567455,سوپرمارکت پارسیان
1404/08/16,SKU00039,عدس ۹۰۰ گرمی,عدد,4,97506,78325,390024,بقالی برادران احمدی
1404/08/16,SKU00040,نخود ۹۰۰ گرمی,عدد,2,103900,83919,207800,فروشگاه یاس
1404/08/16,SKU00041,پنیر سفید ۴۰۰ گرمی,عدد,10,87915,70332,879150,هایپر ستاره شهر
1404/08/16,SKU00042,شیر کم‌چرب ۱ لیتری,عدد,20,41560,33568,831200,سوپر مارکت البرز
1404/08/16,SKU00043,ماست دبه ۲ کیلویی,عدد,7,163842,131873,1146894,فروشگاه یاس
1404/08/16,SKU00044,کره حیوانی ۱۰۰ گرمی,عدد,4,94309,75927,377236,فروشگاه یاس
1404/08/16,SKU00045,مایع ظرفشویی ۳.۷۵ لیتری,عدد,5,175831,139865,879155,هایپر ستاره شهر
1404/08/16,SKU00046,پودر لباسشویی ۵ کیلویی,عدد,4,375638,307704,1502552,بقالی برادران احمدی
1404/08/16,SKU00047,دستمال کاغذی ۳۰۰ برگ,بسته,13,67935,54348,883155,فروشگاه امید
1404/08/16,SKU00048,شامپو ۹۰۰ میلی‌لیتری,عدد,4,214194,171835,856776,فروشگاه گلستان
1404/08/16,SKU00049,خمیر دندان ۱۰۰ گرمی,عدد,6,73529,57545,441174,هایپر ستاره شهر
1404/08/16,SKU00050,صابون بسته ۶ عددی,بسته,8,95908,76726,767264,سوپرمارکت پارسیان
1404/08/17,SKU00001,برنج ایرانی هاشمی ۱۰ کیلویی,کارتن,2,3600000,3040000,7200000,سوپرمارکت آفتاب
1404/08/17,SKU00027,برنج پاکستانی باسماتی ۱۰ کیلویی,کارتن,3,2120000,1680000,6360000,فروشگاه امید
1404/08/17,SKU00028,روغن آفتابگردان ۱.۸ لیتری,عدد,9,148000,120000,1332000,بقالی برادران احمدی
1404/08/17,SKU00029,روغن سرخ‌کردنی ۴.۵ لیتری,عدد,7,364000,304000,2548000,سوپر پروتئین سبز
1404/08/17,SKU00030,شکر سفید ۹۰۰ گرمی,عدد,35,33600,28000,1176000,فروشگاه گلستان
1404/08/17,SKU00031,چای کیسه‌ای ۱۰۰ عددی,عدد,8,196000,156000,1568000,فروشگاه سپیدار
1404/08/17,SKU00032,قهوه فوری ۲۰۰ گرمی,عدد,4,416000,336000,1664000,فروشگاه امید
1404/08/17,SKU00033,نوشابه خانواده ۱.۵ لیتری,عدد,55,38400,30400,2112000,فروشگاه زنجیره‌ای مهر
1404/08/17,SKU00034,آب معدنی ۱.۵ لیتری بسته ۶ عددی,بسته,26,76800,62400,1996800,تعاونی مصرف کارکنان
1404/08/17,SKU00035,ماکارونی ۷۰۰ گرمی,عدد,10,41600,33600,416000,سوپر پروتئین سبز
1404/08/17,SKU00036,رب گوجه ۸۰۰ گرمی,عدد,19,86400,70400,1641600,فروشگاه امید
1404/08/17,SKU00037,تن ماهی ۱۸۰ گرمی,عدد,16,134400,108000,2150400,سوپرمارکت آفتاب
1404/08/17,SKU00038,لوبیا چیتی ۹۰۰ گرمی,عدد,4,113600,92000,454400,تعاونی مصرف کارکنان
1404/08/17,SKU00039,عدس ۹۰۰ گرمی,عدد,10,97600,78400,976000,فروشگاه سپیدار
1404/08/17,SKU00040,نخود ۹۰۰ گرمی,عدد,4,104000,84000,416000,بوفه دانشگاه
1404/08/17,SKU00041,پنیر سفید ۴۰۰ گرمی,عدد,19,88000,70400,1672000,سوپرمارکت پارسیان
1404/08/17,SKU00042,شیر کم‌چرب ۱ لیتری,عدد,54,41600,33600,2246400,هایپر نیک
1404/08/17,SKU00043,ماست دبه ۲ کیلویی,عدد,15,164000,132000,2460000,فروشگاه یاس
1404/08/17,SKU00044,کره حیوانی ۱۰۰ گرمی,عدد,10,94400,76000,944000,کافه رستوران ونک
1404/08/17,SKU00045,مایع ظرفشویی ۳.۷۵ لیتری,عدد,9,176000,140000,1584000,سوپرمارکت آفتاب
1404/08/17,SKU00046,پودر لباسشویی ۵ کیلویی,عدد,4,376000,308000,1504000,فروشگاه زنجیره‌ای مهر
1404/08/17,SKU00047,دستمال کاغذی ۳۰۰ برگ,بسته,19,68000,54400,1292000,فروشگاه رفاه محلی
1404/08/17,SKU00048,شامپو ۹۰۰ میلی‌لیتری,عدد,5,214400,172000,1072000,مینی‌مارکت شبانه
1404/08/17,SKU00049,خمیر دندان ۱۰۰ گرمی,عدد,22,73600,57600,1619200,فروشگاه یاس
1404/08/17,SKU00050,صابون بسته ۶ عددی,بسته,7,96000,76800,672000,فروشگاه رفاه محلی
1404/08/18,SKU00001,برنج ایرانی هاشمی ۱۰ کیلویی,کارتن,1,3603462,3042923,3603462,فروشگاه امید
1404/08/18,SKU00027,برنج پاکستانی باسماتی ۱۰ کیلویی,کارتن,3,2122038,1681615,6366114,سوپر پروتئین سبز
1404/08/18,SKU00028,روغن آفتابگردان ۱.۸ لیتری,عدد,28,148142,120115,4147976,فروشگاه امید
1404/08/18,SKU00029,روغن سرخ‌کردنی ۴.۵ لیتری,عدد,8,364350,304292,2914800,فروشگاه زنجیره‌ای مهر
1404/08/18,SKU00030,شکر سفید ۹۰۰ گرمی,عدد,28,33632,28027,941696,مینی‌مارکت شبانه
1404/08/18,SKU00031,چای کیسه‌ای ۱۰۰ عددی,عدد,11,196188,156150,2158068,فروشگاه امید
1404/08/18,SKU00032,قهوه فوری ۲۰۰ گرمی,عدد,6,416400,336323,2498400,بقالی برادران احمدی
1404/08/18,SKU00033,نوشابه خانواده ۱.۵ لیتری,عدد,67,38437,30429,2575279,فروشگاه یاس
1404/08/18,SKU00034,آب معدنی ۱.۵ لیتری بسته ۶ عددی,بسته,22,76874,62460,1691228,بقالی برادران احمدی
1404/08/18,SKU00035,ماکارونی ۷۰۰ گرمی,عدد,44,41640,33632,1832160,فروشگاه سپیدار
1404/08/18,SKU00036,رب گوجه ۸۰۰ گرمی,عدد,11,86483,70468,951313,مینی‌مارکت شبانه
1404/08/18,SKU00037,تن ماهی ۱۸۰ گرمی,عدد,12,134529,108104,1614348,فروشگاه یاس
1404/08/18,SKU00038,لوبیا چیتی ۹۰۰ گرمی,عدد,10,113709,92088,1137090,هایپر ستاره شهر
1404/08/18,SKU00039,عدس ۹۰۰ گرمی,عدد,10,97694,78475,976940,سوپرمارکت آفتاب
1404/08/18,SKU00040,نخود ۹۰۰ گرمی,عدد,3,104100,84081,312300,مینی‌مارکت نسیم
1404/08/18,SKU00041,پنیر سفید ۴۰۰ گرمی,عدد,28,88085,70468,2466380,فروشگاه یاس
1404/08/18,SKU00042,شیر کم‌چرب ۱ لیتری,عدد,48,41640,33632,1998720,هایپر نیک
1404/08/18,SKU00043,ماست دبه ۲ کیلویی,عدد,14,164158,132127,2298212,سوپرمارکت پارسیان
1404/08/18,SKU00044,کره حیوانی ۱۰۰ گرمی,عدد,9,94491,76073,850419,بوفه دانشگاه
1404/08/18,SKU00045,مایع ظرفشویی ۳.۷۵ لیتری,عدد,9,176169,140135,1585521,فروشگاه سپیدار
1404/08/18,SKU00046,پودر لباسشویی ۵ کیلویی,عدد,6,376362,308296,2258172,مینی‌مارکت نسیم
1404/08/18,SKU00047,دستمال کاغذی ۳۰۰ برگ,بسته,20,68065,54452,1361300,سوپر مارکت البرز
1404/08/18,SKU00048,شامپو ۹۰۰ میلی‌لیتری,عدد,5,214606,172165,1073030,سوپر پروتئین سبز
1404/08/18,SKU00049,خمیر دندان ۱۰۰ گرمی,عدد,19,73671,57655,1399749,سوپر مارکت البرز
1404/08/18,SKU00050,صابون بسته ۶ عددی,بسته,8,96092,76874,768736,کافه رستوران ونک
1404/08/19,SKU00001,برنج ایرانی هاشمی ۱۰ کیلویی,کارتن,2,3606923,3045846,7213846,سوپرمارکت پارسیان
1404/08/19,SKU00027,برنج پاکستانی باسماتی ۱۰ کیلویی,کارتن,4,2124077,1683231,8496308,فروشگاه زنجیره‌ای مهر
1404/08/19,SKU00028,روغن آفتابگردان ۱.۸ لیتری,عدد,24,148285,120231,3558840,بقالی برادران احمدی
1404/08/19,SKU00029,روغن سرخ‌کردنی ۴.۵ لیتری,عدد,5,364700,304585,1823500,فروشگاه زنجیره‌ای مهر
1404/08/19,SKU00030,شکر سفید ۹۰۰ گرمی,عدد,26,33665,28054,875290,مینی‌مارکت شبانه
1404/08/19,SKU00031,چای کیسه‌ای ۱۰۰ عددی,عدد,11,196377,156300,2160147,بقالی برادران احمدی
1404/08/19,SKU00032,قهوه فوری ۲۰۰ گرمی,عدد,3,416800,336646,1250400,فروشگاه سپیدار
1404/08/19,SKU00033,نوشابه خانواده ۱.۵ لیتری,عدد,22,38474,30458,846428,تعاونی مصرف کارکنان
1404/08/19,SKU00034,آب معدنی ۱.۵ لیتری بسته ۶ عددی,بسته,17,76948,62520,1308116,فروشگاه گلستان
1404/08/19,SKU00035,ماکارونی ۷۰۰ گرمی,عدد,13,41680,33665,541840,سوپر مارکت البرز
1404/08/19,SKU00036,رب گوجه ۸۰۰ گرمی,عدد,12,86566,70535,1038792,تعاونی مصرف کارکنان
1404/08/19,SKU00037,تن ماهی ۱۸۰ گرمی,عدد,19,134658,108208,2558502,هایپر نیک
1404/08/19,SKU00038,لوبیا چیتی ۹۰۰ گرمی,عدد,9,113818,92177,1024362,هایپر نیک
1404/08/19,SKU00039,عدس ۹۰۰ گرمی,عدد,7,97788,78551,684516,سوپرمارکت آفتاب
1404/08/19,SKU00040,نخود ۹۰۰ گرمی,عدد,6,104200,84162,625200,هایپر ستاره شهر
1404/08/19,SKU00041,پنیر سفید ۴۰۰ گرمی,عدد,20,88169,70535,1763380,بوفه دانشگاه
1404/08/19,SKU00042,شیر کم‌چرب ۱ لیتری,عدد,32,41680,33665,1333760,کافه رستوران ونک
1404/08/19,SKU00043,ماست دبه ۲ کیلویی,عدد,8,164315,132254,1314520,سوپر مارکت البرز
1404/08/19,SKU00044,کره حیوانی ۱۰۰ گرمی,عدد,9,94582,76146,851238,فروشگاه امید
1404/08/19,SKU00045,مایع ظرفشویی ۳.۷۵ لیتری,عدد,7,176338,140269,1234366,سوپرمارکت پارسیان
1404/08/19,SKU00046,پودر لباسشویی ۵ کیلویی,عدد,6,376723,308592,2260338,سوپرمارکت آفتاب
1404/08/19,SKU00047,دستمال کاغذی ۳۰۰ برگ,بسته,18,68131,54505,1226358,کافه رستوران ونک
1404/08/19,SKU00048,شامپو ۹۰۰ میلی‌لیتری,عدد,5,214812,172331,1074060,سوپرمارکت آفتاب
1404/08/19,SKU00049,خمیر دندان ۱۰۰ گرمی,عدد,13,73742,57711,958646,سوپر پروتئین سبز
1404/08/19,SKU00050,صابون بسته ۶ عددی,بسته,8,96185,76948,769480,مینی‌مارکت شبانه
1404/08/20,SKU00001,برنج ایرانی هاشمی ۱۰ کیلویی,کارتن,2,3610385,3048769,7220770,بقالی برادران احمدی
1404/08/20,SKU00027,برنج پاکستانی باسماتی ۱۰ کیلویی,کارتن,5,2126115,1684846,10630575,فروشگاه یاس
1404/08/20,SKU00028,روغن آفتابگردان ۱.۸ لیتری,عدد,31,148427,120346,4601237,فروشگاه رفاه محلی
1404/08/20,SKU00029,روغن سرخ‌کردنی ۴.۵ لیتری,عدد,4,365050,304877,1460200,مینی‌مارکت شبانه
1404/08/20,SKU00030,شکر سفید ۹۰۰ گرمی,عدد,23,33697,28081,775031,مینی‌مارکت شبانه
1404/08/20,SKU00031,چای کیسه‌ای ۱۰۰ عددی,عدد,11,196565,156450,2162215,فروشگاه یاس
1404/08/20,SKU00032,قهوه فوری ۲۰۰ گرمی,عدد,5,417200,336969,2086000,فروشگاه امید
1404/08/20,SKU00033,نوشابه خانواده ۱.۵ لیتری,عدد,56,38511,30488,2156616,تعاونی مصرف کارکنان
1404/08/20,SKU00034,آب معدنی ۱.۵ لیتری بسته ۶ عددی,بسته,22,77022,62580,1694484,سوپر مارکت البرز
1404/08/20,SKU00035,ماکارونی ۷۰۰ گرمی,عدد,37,41720,33697,1543640,سوپر پروتئین سبز
1404/08/20,SKU00036,رب گوجه ۸۰۰ گرمی,عدد,13,86649,70603,1126437,مینی‌مارکت نسیم
1404/08/20,SKU00037,تن ماهی ۱۸۰ گرمی,عدد,23,134788,108312,3100124,سوپرمارکت پارسیان
1404/08/20,SKU00038,لوبیا چیتی ۹۰۰ گرمی,عدد,2,113928,92265,227856,سوپر پروتئین سبز
1404/08/20,SKU00039,عدس ۹۰۰ گرمی,عدد,5,97882,78626,489410,فروشگاه رفاه محلی
1404/08/20,SKU00040,نخود ۹۰۰ گرمی,عدد,2,104300,84242,208600,تعاونی مصرف کارکنان
1404/08/20,SKU00041,پنیر سفید ۴۰۰ گرمی,عدد,19,88254,70603,1676826,سوپرمارکت آفتاب
1404/08/20,SKU00042,شیر کم‌چرب ۱ لیتری,عدد,23,41720,33697,959560,مینی‌مارکت شبانه
1404/08/20,SKU00043,ماست دبه ۲ کیلویی,عدد,12,164473,132381,1973676,مینی‌مارکت نسیم
1404/08/20,SKU00044,کره حیوانی ۱۰۰ گرمی,عدد,8,94672,76219,757376,سوپر پروتئین سبز
1404/08/20,SKU00045,مایع ظرفشویی ۳.۷۵ لیتری,عدد,7,176508,140404,1235556,فروشگاه رفاه محلی
1404/08/20,SKU00046,پودر لباسشویی ۵ کیلویی,عدد,3,377085,308888,1131255,بوفه دانشگاه
1404/08/20,SKU00047,دستمال کاغذی ۳۰۰ برگ,بسته,26,68196,54557,1773096,فروشگاه یاس
1404/08/20,SKU00048,شامپو ۹۰۰ میلی‌لیتری,عدد,7,215018,172496,1505126,فروشگاه رفاه محلی
1404/08/20,SKU00049,خمیر دندان ۱۰۰ گرمی,عدد,6,73812,57766,442872,هایپر نیک
1404/08/20,SKU00050,صابون بسته ۶ عددی,بسته,9,96277,77022,866493,سوپرمارکت پارسیان
1404/08/21,SKU00001,برنج ایرانی هاشمی ۱۰ کیلویی,کارتن,3,3613846,3051692,10841538,سوپرمارکت آفتاب
1404/08/21,SKU00027,برنج پاکستانی باسماتی ۱۰ کیلویی,کارتن,3,2128154,1686462,6384462,مینی‌مارکت نسیم
1404/08/21,SKU00028,روغن آفتابگردان ۱.۸ لیتری,عدد,30,148569,120462,4457070,بقالی برادران احمدی
1404/08/21,SKU00029,روغن سرخ‌کردنی ۴.۵ لیتری,عدد,4,365400,305169,1461600,مینی‌مارکت نسیم
1404/08/21,SKU00030,شکر سفید ۹۰۰ گرمی,عدد,43,33729,28108,1450347,سوپرمارکت آفتاب
1404/08/21,SKU00031,چای کیسه‌ای ۱۰۰ عددی,عدد,13,196754,156600,2557802,تعاونی مصرف کارکنان
1404/08/21,SKU00032,قهوه فوری ۲۰۰ گرمی,عدد,6,417600,337292,2505600,فروشگاه یاس
1404/08/21,SKU00033,نوشابه خانواده ۱.۵ لیتری,عدد,54,38548,30517,2081592,فروشگاه زنجیره‌ای مهر
1404/08/21,SKU00034,آب معدنی ۱.۵ لیتری بسته ۶ عددی,بسته,29,77095,62640,2235755,سوپرمارکت پارسیان
1404/08/21,SKU00035,ماکارونی ۷۰۰ گرمی,عدد,27,41760,33729,1127520,کافه رستوران ونک
1404/08/21,SKU00036,رب گوجه ۸۰۰ گرمی,عدد,14,86732,70671,1214248,سوپر پروتئین سبز
1404/08/21,SKU00037,تن ماهی ۱۸۰ گرمی,عدد,17,134917,108415,2293589,فروشگاه امید
1404/08/21,SKU00038,لوبیا چیتی ۹۰۰ گرمی,عدد,12,114037,92354,1368444,سوپرمارکت پارسیان
1404/08/21,SKU00039,عدس ۹۰۰ گرمی,عدد,7,97975,78702,685825,بقالی برادران احمدی
1404/08/21,SKU00040,نخود ۹۰۰ گرمی,عدد,5,104400,84323,522000,فروشگاه سپیدار
1404/08/21,SKU00041,پنیر سفید ۴۰۰ گرمی,عدد,40,88338,70671,3533520,فروشگاه رفاه محلی
1404/08/21,SKU00042,شیر کم‌چرب ۱ لیتری,عدد,10,41760,33729,417600,فروشگاه زنجیره‌ای مهر
1404/08/21,SKU00043,ماست دبه ۲ کیلویی,عدد,16,164631,132508,2634096,سوپر مارکت البرز
1404/08/21,SKU00044,کره حیوانی ۱۰۰ گرمی,عدد,7,94763,76292,663341,فروشگاه سپیدار
1404/08/21,SKU00045,مایع ظرفشویی ۳.۷۵ لیتری,عدد,11,176677,140538,1943447,فروشگاه سپیدار
1404/08/21,SKU00046,پودر لباسشویی ۵ کیلویی,عدد,10,377446,309185,3774460,بوفه دانشگاه
1404/08/21,SKU00047,دستمال کاغذی ۳۰۰ برگ,بسته,20,68262,54609,1365240,فروشگاه یاس
1404/08/21,SKU00048,شامپو ۹۰۰ میلی‌لیتری,عدد,4,215225,172662,860900,مینی‌مارکت شبانه
1404/08/21,SKU00049,خمیر دندان ۱۰۰ گرمی,عدد,11,73883,57822,812713,کافه رستوران ونک
1404/08/21,SKU00050,صابون بسته ۶ عددی,بسته,12,96369,77095,1156428,بقالی برادران احمدی
1404/08/22,SKU00001,برنج ایرانی هاشمی ۱۰ کیلویی,کارتن,5,3617308,3054615,18086540,مینی‌مارکت شبانه
1404/08/22,SKU00027,برنج پاکستانی باسماتی ۱۰ کیلویی,کارتن,10,2130192,1688077,21301920,سوپر پروتئین سبز
1404/08/22,SKU00028,روغن آفتابگردان ۱.۸ لیتری,عدد,48,148712,120577,7138176,هایپر ستاره شهر
1404/08/22,SKU00029,روغن سرخ‌کردنی ۴.۵ لیتری,عدد,4,365750,305462,1463000,فروشگاه یاس
1404/08/22,SKU00030,شکر سفید ۹۰۰ گرمی,عدد,51,33762,28135,1721862,فروشگاه سپیدار
1404/08/22,SKU00031,چای کیسه‌ای ۱۰۰ عددی,عدد,9,196942,156750,1772478,بوفه دانشگاه
1404/08/22,SKU00032,قهوه فوری ۲۰۰ گرمی,عدد,5,418000,337615,2090000,هایپر ستاره شهر
1404/08/22,SKU00033,نوشابه خانواده ۱.۵ لیتری,عدد,24,38585,30546,926040,فروشگاه گلستان
1404/08/22,SKU00034,آب معدنی ۱.۵ لیتری بسته ۶ عددی,بسته,21,77169,62700,1620549,فروشگاه یاس
1404/08/22,SKU00035,ماکارونی ۷۰۰ گرمی,عدد,48,41800,33762,2006400,سوپرمارکت پارسیان
1404/08/22,SKU00036,رب گوجه ۸۰۰ گرمی,عدد,24,86815,70738,2083560,بقالی برادران احمدی
1404/08/22,SKU00037,تن ماهی ۱۸۰ گرمی,عدد,23,135046,108519,3106058,فروشگاه امید
1404/08/22,SKU00038,لوبیا چیتی ۹۰۰ گرمی,عدد,13,114146,92442,1483898,هایپر نیک
1404/08/22,SKU00039,عدس ۹۰۰ گرمی,عدد,6,98069,78777,588414,فروشگاه سپیدار
1404/08/22,SKU00040,نخود ۹۰۰ گرمی,عدد,8,104500,84404,836000,مینی‌مارکت نسیم
1404/08/22,SKU00041,پنیر سفید ۴۰۰ گرمی,عدد,14,88423,70738,1237922,مینی‌مارکت نسیم
1404/08/22,SKU00042,شیر کم‌چرب ۱ لیتری,عدد,51,41800,33762,2131800,فروشگاه امید
1404/08/22,SKU00043,ماست دبه ۲ کیلویی,عدد,16,164788,132635,2636608,سوپر پروتئین سبز
1404/08/22,SKU00044,کره حیوانی ۱۰۰ گرمی,عدد,12,94854,76365,1138248,سوپرمارکت آفتاب
1404/08/22,SKU00045,مایع ظرفشویی ۳.۷۵ لیتری,عدد,12,176846,140673,2122152,فروشگاه یاس
1404/08/22,SKU00046,پودر لباسشویی ۵ کیلویی,عدد,6,377808,309481,2266848,مینی‌مارکت نسیم
1404/08/22,SKU00047,دستمال کاغذی ۳۰۰ برگ,بسته,14,68327,54662,956578,فروشگاه گلستان
1404/08/22,SKU00048,شامپو ۹۰۰ میلی‌لیتری,عدد,12,215431,172827,2585172,فروشگاه یاس
1404/08/22,SKU00049,خمیر دندان ۱۰۰ گرمی,عدد,14,73954,57877,1035356,مینی‌مارکت شبانه
1404/08/22,SKU00050,صابون بسته ۶ عددی,بسته,7,96462,77169,675234,مینی‌مارکت نسیم
1404/08/23,SKU00001,برنج ایرانی هاشمی ۱۰ کیلویی,کارتن,2,3620769,3057538,7241538,بوفه دانشگاه
1404/08/23,SKU00027,برنج پاکستانی باسماتی ۱۰ کیلویی,کارتن,4,2132231,1689692,8528924,بوفه دانشگاه
1404/08/23,SKU00028,روغن آفتابگردان ۱.۸ لیتری,عدد,14,148854,120692,2083956,سوپرمارکت پارسیان
1404/08/23,SKU00029,روغن سرخ‌کردنی ۴.۵ لیتری,عدد,5,366100,305754,1830500,فروشگاه زنجیره‌ای مهر
1404/08/23,SKU00030,شکر سفید ۹۰۰ گرمی,عدد,5,33794,28162,168970,فروشگاه امید
1404/08/23,SKU00031,چای کیسه‌ای ۱۰۰ عددی,عدد,3,197131,156900,591393,هایپر ستاره شهر
1404/08/23,SKU00032,قهوه فوری ۲۰۰ گرمی,عدد,2,418400,337938,836800,فروشگاه سپیدار
1404/08/23,SKU00033,نوشابه خانواده ۱.۵ لیتری,عدد,18,38622,30575,695196,بوفه دانشگاه
1404/08/23,SKU00034,آب معدنی ۱.۵ لیتری بسته ۶ عددی,بسته,3,77243,62760,231729,مینی‌مارکت نسیم
1404/08/23,SKU00035,ماکارونی ۷۰۰ گرمی,عدد,14,41840,33794,585760,هایپر نیک
1404/08/23,SKU00036,رب گوجه ۸۰۰ گرمی,عدد,8,86898,70806,695184,هایپر نیک
1404/08/23,SKU00037,تن ماهی ۱۸۰ گرمی,عدد,8,135175,108623,1081400,سوپر پروتئین سبز
1404/08/23,SKU00038,لوبیا چیتی ۹۰۰ گرمی,عدد,5,114255,92531,571275,بوفه دانشگاه
1404/08/23,SKU00039,عدس ۹۰۰ گرمی,عدد,3,98163,78852,294489,فروشگاه رفاه محلی
1404/08/23,SKU00040,نخود ۹۰۰ گرمی,عدد,4,104600,84485,418400,سوپر پروتئین سبز
1404/08/23,SKU00041,پنیر سفید ۴۰۰ گرمی,عدد,15,88508,70806,1327620,بوفه دانشگاه
1404/08/23,SKU00042,شیر کم‌چرب ۱ لیتری,عدد,16,41840,33794,669440,سوپرمارکت آفتاب
1404/08/23,SKU00043,ماست دبه ۲ کیلویی,عدد,8,164946,132762,1319568,فروشگاه گلستان
1404/08/23,SKU00044,کره حیوانی ۱۰۰ گرمی,عدد,8,94945,76438,759560,فروشگاه رفاه محلی
1404/08/23,SKU00045,مایع ظرفشویی ۳.۷۵ لیتری,عدد,12,177015,140808,2124180,سوپر مارکت البرز
1404/08/23,SKU00046,پودر لباسشویی ۵ کیلویی,عدد,4,378169,309777,1512676,سوپرمارکت آفتاب
1404/08/23,SKU00047,دستمال کاغذی ۳۰۰ برگ,بسته,12,68392,54714,820704,بقالی برادران احمدی
1404/08/23,SKU00048,شامپو ۹۰۰ میلی‌لیتری,عدد,4,215637,172992,862548,سوپرمارکت پارسیان
1404/08/23,SKU00049,خمیر دندان ۱۰۰ گرمی,عدد,7,74025,57932,518175,فروشگاه سپیدار
1404/08/23,SKU00050,صابون بسته ۶ عددی,بسته,6,96554,77243,579324,تعاونی مصرف کارکنان
1404/08/24,SKU00001,برنج ایرانی هاشمی ۱۰ کیلویی,کارتن,4,3624231,3060462,14496924,بوفه دانشگاه
1404/08/24,SKU00027,برنج پاکستانی باسماتی ۱۰ کیلویی,کارتن,5,2134269,1691308,10671345,فروشگاه امید
1404/08/24,SKU00028,روغن آفتابگردان ۱.۸ لیتری,عدد,27,148996,120808,4022892,هایپر ستاره شهر
1404/08/24,SKU00029,روغن سرخ‌کردنی ۴.۵ لیتری,عدد,8,366450,306046,2931600,سوپر پروتئین سبز
1404/08/24,SKU00030,شکر سفید ۹۰۰ گرمی,عدد,48,33826,28188,1623648,تعاونی مصرف کارکنان
1404/08/24,SKU00031,چای کیسه‌ای ۱۰۰ عددی,عدد,10,197319,157050,1973190,سوپرمارکت آفتاب
1404/08/24,SKU00032,قهوه فوری ۲۰۰ گرمی,عدد,6,418800,338262,2512800,سوپر مارکت البرز
1404/08/24,SKU00033,نوشابه خانواده ۱.۵ لیتری,عدد,63,38658,30605,2435454,فروشگاه یاس
1404/08/24,SKU00034,آب معدنی ۱.۵ لیتری بسته ۶ عددی,بسته,16,77317,62820,1237072,سوپر مارکت البرز
1404/08/24,SKU00035,ماکارونی ۷۰۰ گرمی,عدد,28,41880,33826,1172640,فروشگاه زنجیره‌ای مهر
1404/08/24,SKU00036,رب گوجه ۸۰۰ گرمی,عدد,16,86982,70874,1391712,فروشگاه رفاه محلی
1404/08/24,SKU00037,تن ماهی ۱۸۰ گرمی,عدد,22,135305,108727,2976710,مینی‌مارکت شبانه
1404/08/24,SKU00038,لوبیا چیتی ۹۰۰ گرمی,عدد,14,114365,92619,1601110,مینی‌مارکت نسیم
1404/08/24,SKU00039,عدس ۹۰۰ گرمی,عدد,12,98257,78928,1179084,فروشگاه یاس
1404/08/24,SKU00040,نخود ۹۰۰ گرمی,عدد,5,104700,84565,523500,فروشگاه گلستان
1404/08/24,SKU00041,پنیر سفید ۴۰۰ گرمی,عدد,10,88592,70874,885920,سوپرمارکت پارسیان
1404/08/24,SKU00042,شیر کم‌چرب ۱ لیتری,عدد,35,41880,33826,1465800,فروشگاه امید
1404/08/24,SKU00043,ماست دبه ۲ کیلویی,عدد,14,165104,132888,2311456,سوپر مارکت البرز
1404/08/24,SKU00044,کره حیوانی ۱۰۰ گرمی,عدد,10,95035,76512,950350,فروشگاه رفاه محلی
1404/08/24,SKU00045,مایع ظرفشویی ۳.۷۵ لیتری,عدد,8,177185,140942,1417480,هایپر نیک
1404/08/24,SKU00046,پودر لباسشویی ۵ کیلویی,عدد,2,378531,310073,757062,تعاونی مصرف کارکنان
1404/08/24,SKU00047,دستمال کاغذی ۳۰۰ برگ,بسته,16,68458,54766,1095328,سوپرمارکت پارسیان
1404/08/24,SKU00048,شامپو ۹۰۰ میلی‌لیتری,عدد,6,215843,173158,1295058,فروشگاه امید
1404/08/24,SKU00049,خمیر دندان ۱۰۰ گرمی,عدد,11,74095,57988,815045,فروشگاه یاس
1404/08/24,SKU00050,صابون بسته ۶ عددی,بسته,9,96646,77317,869814,فروشگاه رفاه محلی
1404/08/25,SKU00001,برنج ایرانی هاشمی ۱۰ کیلویی,کارتن,2,3627692,3063385,7255384,بقالی برادران احمدی
1404/08/25,SKU00027,برنج پاکستانی باسماتی ۱۰ کیلویی,کارتن,4,2136308,1692923,8545232,فروشگاه رفاه محلی
1404/08/25,SKU00028,روغن آفتابگردان ۱.۸ لیتری,عدد,23,149138,120923,3430174,هایپر نیک
1404/08/25,SKU00029,روغن سرخ‌کردنی ۴.۵ لیتری,عدد,8,366800,306338,2934400,فروشگاه یاس
1404/08/25,SKU00030,شکر سفید ۹۰۰ گرمی,عدد,19,33858,28215,643302,فروشگاه امید
1404/08/25,SKU00031,چای کیسه‌ای ۱۰۰ عددی,عدد,6,197508,157200,1185048,فروشگاه امید
1404/08/25,SKU00032,قهوه فوری ۲۰۰ گرمی,عدد,6,419200,338585,2515200,سوپرمارکت پارسیان
1404/08/25,SKU00033,نوشابه خانواده ۱.۵ لیتری,عدد,42,38695,30634,1625190,سوپرمارکت آفتاب
1404/08/25,SKU00034,آب معدنی ۱.۵ لیتری بسته ۶ عددی,بسته,10,77391,62880,773910,سوپرمارکت پارسیان
1404/08/25,SKU00035,ماکارونی ۷۰۰ گرمی,عدد,34,41920,33858,1425280,مینی‌مارکت نسیم
1404/08/25,SKU00036,رب گوجه ۸۰۰ گرمی,عدد,13,87065,70942,1131845,سوپرمارکت آفتاب
1404/08/25,SKU00037,تن ماهی ۱۸۰ گرمی,عدد,8,135434,108831,1083472,کافه رستوران ونک
1404/08/25,SKU00038,لوبیا چیتی ۹۰۰ گرمی,عدد,5,114474,92708,572370,مینی‌مارکت شبانه
1404/08/25,SKU00039,عدس ۹۰۰ گرمی,عدد,6,98351,79003,590106,سوپر پروتئین سبز
1404/08/25,SKU00040,نخود ۹۰۰ گرمی,عدد,6,104800,84646,628800,سوپر پروتئین سبز
1404/08/25,SKU00041,پنیر سفید ۴۰۰ گرمی,عدد,34,88677,70942,3015018,هایپر ستاره شهر
1404/08/25,SKU00042,شیر کم‌چرب ۱ لیتری,عدد,44,41920,33858,1844480,تعاونی مصرف کارکنان
1404/08/25,SKU00043,ماست دبه ۲ کیلویی,عدد,10,165262,133015,1652620,مینی‌مارکت نسیم
1404/08/25,SKU00044,کره حیوانی ۱۰۰ گرمی,عدد,9,95126,76585,856134,سوپرمارکت پارسیان
1404/08/25,SKU00045,مایع ظرفشویی ۳.۷۵ لیتری,عدد,19,177354,141077,3369726,مینی‌مارکت شبانه
1404/08/25,SKU00046,پودر لباسشویی ۵ کیلویی,عدد,6,378892,310369,2273352,فروشگاه رفاه محلی
1404/08/25,SKU00047,دستمال کاغذی ۳۰۰ برگ,بسته,19,68523,54818,1301937,مینی‌مارکت نسیم
1404/08/25,SKU00048,شامپو ۹۰۰ میلی‌لیتری,عدد,8,216049,173323,1728392,تعاونی مصرف کارکنان
1404/08/25,SKU00049,خمیر دندان ۱۰۰ گرمی,عدد,18,74166,58043,1334988,سوپر پروتئین سبز
1404/08/25,SKU00050,صابون بسته ۶ عددی,بسته,9,96738,77391,870642,سوپر مارکت البرز
1404/08/26,SKU00001,برنج ایرانی هاشمی ۱۰ کیلویی,کارتن,1,3631154,3066308,3631154,بوفه دانشگاه
1404/08/26,SKU00027,برنج پاکستانی باسماتی ۱۰ کیلویی,کارتن,3,2138346,1694538,6415038,سوپر پروتئین سبز
1404/08/26,SKU00028,روغن آفتابگردان ۱.۸ لیتری,عدد,18,149281,121038,2687058,فروشگاه یاس
1404/08/26,SKU00029,روغن سرخ‌کردنی ۴.۵ لیتری,عدد,4,367150,306631,1468600,فروشگاه رفاه محلی
1404/08/26,SKU00030,شکر سفید ۹۰۰ گرمی,عدد,36,33891,28242,1220076,فروشگاه رفاه محلی
1404/08/26,SKU00031,چای کیسه‌ای ۱۰۰ عددی,عدد,11,197696,157350,2174656,فروشگاه سپیدار
1404/08/26,SKU00032,قهوه فوری ۲۰۰ گرمی,عدد,2,419600,338908,839200,بوفه دانشگاه
1404/08/26,SKU00033,نوشابه خانواده ۱.۵ لیتری,عدد,47,38732,30663,1820404,فروشگاه امید
1404/08/26,SKU00034,آب معدنی ۱.۵ لیتری بسته ۶ عددی,بسته,22,77465,62940,1704230,فروشگاه امید
1404/08/26,SKU00035,ماکارونی ۷۰۰ گرمی,عدد,29,41960,33891,1216840,فروشگاه سپیدار
1404/08/26,SKU00036,رب گوجه ۸۰۰ گرمی,عدد,14,87148,71009,1220072,فروشگاه یاس
1404/08/26,SKU00037,تن ماهی ۱۸۰ گرمی,عدد,21,135563,108935,2846823,سوپر پروتئین سبز
1404/08/26,SKU00038,لوبیا چیتی ۹۰۰ گرمی,عدد,13,114583,92796,1489579,فروشگاه رفاه محلی
1404/08/26,SKU00039,عدس ۹۰۰ گرمی,عدد,2,98445,79078,196890,فروشگاه سپیدار
1404/08/26,SKU00040,نخود ۹۰۰ گرمی,عدد,6,104900,84727,629400,سوپر پروتئین سبز
1404/08/26,SKU00041,پنیر سفید ۴۰۰ گرمی,عدد,22,88762,71009,1952764,سوپر پروتئین سبز
1404/08/26,SKU00042,شیر کم‌چرب ۱ لیتری,عدد,32,41960,33891,1342720,بقالی برادران احمدی
1404/08/26,SKU00043,ماست دبه ۲ کیلویی,عدد,17,165419,133142,2812123,فروشگاه زنجیره‌ای مهر
1404/08/26,SKU00044,کره حیوانی ۱۰۰ گرمی,عدد,9,95217,76658,856953,سوپرمارکت پارسیان
1404/08/26,SKU00045,مایع ظرفشویی ۳.۷۵ لیتری,عدد,5,177523,141212,887615,بوفه دانشگاه
1404/08/26,SKU00046,پودر لباسشویی ۵ کیلویی,عدد,7,379254,310665,2654778,تعاونی مصرف کارکنان
1404/08/26,SKU00047,دستمال کاغذی ۳۰۰ برگ,بسته,20,68588,54871,1371760,سوپر مارکت البرز
1404/08/26,SKU00048,شامپو ۹۰۰ میلی‌لیتری,عدد,7,216255,173488,1513785,سوپر پروتئین سبز
1404/08/26,SKU00049,خمیر دندان ۱۰۰ گرمی,عدد,8,74237,58098,593896,هایپر نیک
1404/08/26,SKU00050,صابون بسته ۶ عددی,بسته,8,96831,77465,774648,فروشگاه زنجیره‌ای مهر
1404/08/27,SKU00001,برنج ایرانی هاشمی ۱۰ کیلویی,کارتن,6,3634615,3069231,21807690,فروشگاه سپیدار
1404/08/27,SKU00027,برنج پاکستانی باسماتی ۱۰ کیلویی,کارتن,2,2140385,1696154,4280770,مینی‌مارکت نسیم
1404/08/27,SKU00028,روغن آفتابگردان ۱.۸ لیتری,عدد,34,149423,121154,5080382,سوپرمارکت آفتاب
1404/08/27,SKU00029,روغن سرخ‌کردنی ۴.۵ لیتری,عدد,9,367500,306923,3307500,فروشگاه امید
1404/08/27,SKU00030,شکر سفید ۹۰۰ گرمی,عدد,46,33923,28269,1560458,سوپر پروتئین سبز
1404/08/27,SKU00031,چای کیسه‌ای ۱۰۰ عددی,عدد,11,197885,157500,2176735,فروشگاه زنجیره‌ای مهر
1404/08/27,SKU00032,قهوه فوری ۲۰۰ گرمی,عدد,1,420000,339231,420000,فروشگاه یاس
1404/08/27,SKU00033,نوشابه خانواده ۱.۵ لیتری,عدد,45,38769,30692,1744605,بقالی برادران احمدی
1404/08/27,SKU00034,آب معدنی ۱.۵ لیتری بسته ۶ عددی,بسته,19,77538,63000,1473222,تعاونی مصرف کارکنان
1404/08/27,SKU00035,ماکارونی ۷۰۰ گرمی,عدد,26,42000,33923,1092000,فروشگاه امید
1404/08/27,SKU00036,رب گوجه ۸۰۰ گرمی,عدد,12,87231,71077,1046772,کافه رستوران ونک
1404/08/27,SKU00037,تن ماهی ۱۸۰ گرمی,عدد,12,135692,109038,1628304,فروشگاه امید
1404/08/27,SKU00038,لوبیا چیتی ۹۰۰ گرمی,عدد,7,114692,92885,802844,تعاونی مصرف کارکنان
1404/08/27,SKU00039,عدس ۹۰۰ گرمی,عدد,3,98538,79154,295614,فروشگاه رفاه محلی
1404/08/27,SKU00040,نخود ۹۰۰ گرمی,عدد,7,105000,84808,735000,تعاونی مصرف کارکنان
1404/08/27,SKU00041,پنیر سفید ۴۰۰ گرمی,عدد,22,88846,71077,1954612,فروشگاه یاس
1404/08/27,SKU00042,شیر کم‌چرب ۱ لیتری,عدد,37,42000,33923,1554000,سوپرمارکت آفتاب
1404/08/27,SKU00043,ماست دبه ۲ کیلویی,عدد,10,165577,133269,1655770,تعاونی مصرف کارکنان
1404/08/27,SKU00044,کره حیوانی ۱۰۰ گرمی,عدد,15,95308,76731,1429620,فروشگاه امید
1404/08/27,SKU00045,مایع ظرفشویی ۳.۷۵ لیتری,عدد,14,177692,141346,2487688,فروشگاه زنجیره‌ای مهر
1404/08/27,SKU00046,پودر لباسشویی ۵ کیلویی,عدد,4,379615,310962,1518460,هایپر ستاره شهر
1404/08/27,SKU00047,دستمال کاغذی ۳۰۰ برگ,بسته,16,68654,54923,1098464,سوپرمارکت آفتاب
1404/08/27,SKU00048,شامپو ۹۰۰ میلی‌لیتری,عدد,6,216462,173654,1298772,سوپرمارکت پارسیان
1404/08/27,SKU00049,خمیر دندان ۱۰۰ گرمی,عدد,9,74308,58154,668772,فروشگاه سپیدار
1404/08/27,SKU00050,صابون بسته ۶ عددی,بسته,13,96923,77538,1259999,کافه رستوران ونک
1404/08/28,SKU00001,برنج ایرانی هاشمی ۱۰ کیلویی,کارتن,1,3638077,3072154,3638077,مینی‌مارکت نسیم
1404/08/28,SKU00027,برنج پاکستانی باسماتی ۱۰ کیلویی,کارتن,6,2142423,1697769,12854538,بوفه دانشگاه
1404/08/28,SKU00028,روغن آفتابگردان ۱.۸ لیتری,عدد,27,149565,121269,4038255,سوپرمارکت آفتاب
1404/08/28,SKU00029,روغن سرخ‌کردنی ۴.۵ لیتری,عدد,8,367850,307215,2942800,فروشگاه امید
1404/08/28,SKU00030,شکر سفید ۹۰۰ گرمی,عدد,31,33955,28296,1052605,فروشگاه گلستان
1404/08/28,SKU00031,چای کیسه‌ای ۱۰۰ عددی,عدد,5,198073,157650,990365,فروشگاه سپیدار
1404/08/28,SKU00032,قهوه فوری ۲۰۰ گرمی,عدد,3,420400,339554,1261200,سوپر مارکت البرز
1404/08/28,SKU00033,نوشابه خانواده ۱.۵ لیتری,عدد,44,38806,30722,1707464,سوپرمارکت پارسیان
1404/08/28,SKU00034,آب معدنی ۱.۵ لیتری بسته ۶ عددی,بسته,21,77612,63060,1629852,فروشگاه زنجیره‌ای مهر
1404/08/28,SKU00035,ماکارونی ۷۰۰ گرمی,عدد,27,42040,33955,1135080,فروشگاه رفاه محلی
1404/08/28,SKU00036,رب گوجه ۸۰۰ گرمی,عدد,14,87314,71145,1222396,هایپر ستاره شهر
1404/08/28,SKU00037,تن ماهی ۱۸۰ گرمی,عدد,16,135822,109142,2173152,بقالی برادران احمدی
1404/08/28,SKU00038,لوبیا چیتی ۹۰۰ گرمی,عدد,9,114802,92973,1033218,فروشگاه سپیدار
1404/08/28,SKU00039,عدس ۹۰۰ گرمی,عدد,4,98632,79229,394528,فروشگاه زنجیره‌ای مهر
1404/08/28,SKU00040,نخود ۹۰۰ گرمی,عدد,5,105100,84888,525500,بقالی برادران احمدی
1404/08/28,SKU00041,پنیر سفید ۴۰۰ گرمی,عدد,22,88931,71145,1956482,مینی‌مارکت نسیم
1404/08/28,SKU00042,شیر کم‌چرب ۱ لیتری,عدد,28,42040,33955,1177120,فروشگاه یاس
1404/08/28,SKU00043,ماست دبه ۲ کیلویی,عدد,15,165735,133396,2486025,بقالی برادران احمدی
1404/08/28,SKU00044,کره حیوانی ۱۰۰ گرمی,عدد,12,95398,76804,1144776,فروشگاه امید
1404/08/28,SKU00045,مایع ظرفشویی ۳.۷۵ لیتری,عدد,10,177862,141481,1778620,بوفه دانشگاه
1404/08/28,SKU00046,پودر لباسشویی ۵ کیلویی,عدد,5,379977,311258,1899885,فروشگاه یاس
1404/08/28,SKU00047,دستمال کاغذی ۳۰۰ برگ,بسته,11,68719,54975,755909,فروشگاه یاس
1404/08/28,SKU00048,شامپو ۹۰۰ میلی‌لیتری,عدد,9,216668,173819,1950012,سوپرمارکت آفتاب
1404/08/28,SKU00049,خمیر دندان ۱۰۰ گرمی,عدد,7,74378,58209,520646,فروشگاه امید
1404/08/28,SKU00050,صابون بسته ۶ عددی,بسته,6,97015,77612,582090,هایپر نیک
1404/08/29,SKU00001,برنج ایرانی هاشمی ۱۰ کیلویی,کارتن,4,3641538,3075077,14566152,تعاونی مصرف کارکنان
1404/08/29,SKU00027,برنج پاکستانی باسماتی ۱۰ کیلویی,کارتن,8,2144462,1699385,17155696,فروشگاه سپیدار
1404/08/29,SKU00028,روغن آفتابگردان ۱.۸ لیتری,عدد,16,149708,121385,2395328,هایپر ستاره شهر
1404/08/29,SKU00029,روغن سرخ‌کردنی ۴.۵ لیتری,عدد,9,368200,307508,3313800,بقالی برادران احمدی
1404/08/29,SKU00030,شکر سفید ۹۰۰ گرمی,عدد,29,33988,28323,985652,فروشگاه زنجیره‌ای مهر
1404/08/29,SKU00031,چای کیسه‌ای ۱۰۰ عددی,عدد,13,198262,157800,2577406,بقالی برادران احمدی
1404/08/29,SKU00032,قهوه فوری ۲۰۰ گرمی,عدد,5,420800,339877,2104000,مینی‌مارکت نسیم
1404/08/29,SKU00033,نوشابه خانواده ۱.۵ لیتری,عدد,34,38843,30751,1320662,بوفه دانشگاه
1404/08/29,SKU00034,آب معدنی ۱.۵ لیتری بسته ۶ عددی,بسته,28,77686,63120,2175208,هایپر ستاره شهر
1404/08/29,SKU00035,ماکارونی ۷۰۰ گرمی,عدد,34,42080,33988,1430720,فروشگاه سپیدار
1404/08/29,SKU00036,رب گوجه ۸۰۰ گرمی,عدد,13,87397,71212,1136161,فروشگاه امید
1404/08/29,SKU00037,تن ماهی ۱۸۰ گرمی,عدد,21,135951,109246,2854971,مینی‌مارکت شبانه
1404/08/29,SKU00038,لوبیا چیتی ۹۰۰ گرمی,عدد,11,114911,93062,1264021,سوپر مارکت البرز
1404/08/29,SKU00039,عدس ۹۰۰ گرمی,عدد,15,98726,79305,1480890,هایپر ستاره شهر
1404/08/29,SKU00040,نخود ۹۰۰ گرمی,عدد,7,105200,84969,736400,بوفه دانشگاه
1404/08/29,SKU00041,پنیر سفید ۴۰۰ گرمی,عدد,39,89015,71212,3471585,مینی‌مارکت شبانه
1404/08/29,SKU00042,شیر کم‌چرب ۱ لیتری,عدد,49,42080,33988,2061920,فروشگاه گلستان
1404/08/29,SKU00043,ماست دبه ۲ کیلویی,عدد,19,165892,133523,3151948,سوپر مارکت البرز
1404/08/29,SKU00044,کره حیوانی ۱۰۰ گرمی,عدد,10,95489,76877,954890,فروشگاه رفاه محلی
1404/08/29,SKU00045,مایع ظرفشویی ۳.۷۵ لیتری,عدد,17,178031,141615,3026527,هایپر ستاره شهر
1404/08/29,SKU00046,پودر لباسشویی ۵ کیلویی,عدد,7,380338,311554,2662366,فروشگاه یاس
1404/08/29,SKU00047,دستمال کاغذی ۳۰۰ برگ,بسته,37,68785,55028,2545045,فروشگاه زنجیره‌ای مهر
1404/08/29,SKU00048,شامپو ۹۰۰ میلی‌لیتری,عدد,13,216874,173985,2819362,فروشگاه یاس
1404/08/29,SKU00049,خمیر دندان ۱۰۰ گرمی,عدد,8,74449,58265,595592,فروشگاه سپیدار
1404/08/29,SKU00050,صابون بسته ۶ عددی,بسته,7,97108,77686,679756,سوپر مارکت البرز
1404/08/30,SKU00001,برنج ایرانی هاشمی ۱۰ کیلویی,کارتن,2,3645000,3078000,7290000,بقالی برادران احمدی
1404/08/30,SKU00027,برنج پاکستانی باسماتی ۱۰ کیلویی,کارتن,2,2146500,1701000,4293000,بقالی برادران احمدی
1404/08/30,SKU00028,روغن آفتابگردان ۱.۸ لیتری,عدد,12,149850,121500,1798200,سوپر پروتئین سبز
1404/08/30,SKU00029,روغن سرخ‌کردنی ۴.۵ لیتری,عدد,3,368550,307800,1105650,مینی‌مارکت شبانه
1404/08/30,SKU00030,شکر سفید ۹۰۰ گرمی,عدد,15,34020,28350,510300,سوپر مارکت البرز
1404/08/30,SKU00031,چای کیسه‌ای ۱۰۰ عددی,عدد,7,198450,157950,1389150,مینی‌مارکت نسیم
1404/08/30,SKU00032,قهوه فوری ۲۰۰ گرمی,عدد,3,421200,340200,1263600,سوپر مارکت البرز
1404/08/30,SKU00033,نوشابه خانواده ۱.۵ لیتری,عدد,25,38880,30780,972000,بوفه دانشگاه
1404/08/30,SKU00034,آب معدنی ۱.۵ لیتری بسته ۶ عددی,بسته,11,77760,63180,855360,بقالی برادران احمدی
1404/08/30,SKU00035,ماکارونی ۷۰۰ گرمی,عدد,18,42120,34020,758160,فروشگاه زنجیره‌ای مهر
1404/08/30,SKU00036,رب گوجه ۸۰۰ گرمی,عدد,7,87480,71280,612360,کافه رستوران ونک
1404/08/30,SKU00037,تن ماهی ۱۸۰ گرمی,عدد,15,136080,109350,2041200,سوپرمارکت آفتاب
1404/08/30,SKU00038,لوبیا چیتی ۹۰۰ گرمی,عدد,8,115020,93150,920160,بقالی برادران احمدی
1404/08/30,SKU00039,عدس ۹۰۰ گرمی,عدد,4,98820,79380,395280,فروشگاه سپیدار
1404/08/30,SKU00040,نخود ۹۰۰ گرمی,عدد,1,105300,85050,105300,بقالی برادران احمدی
1404/08/30,SKU00041,پنیر سفید ۴۰۰ گرمی,عدد,14,89100,71280,1247400,فروشگاه سپیدار
1404/08/30,SKU00042,شیر کم‌چرب ۱ لیتری,عدد,19,42120,34020,800280,سوپر پروتئین سبز
1404/08/30,SKU00043,ماست دبه ۲ کیلویی,عدد,4,166050,133650,664200,فروشگاه سپیدار
1404/08/30,SKU00044,کره حیوانی ۱۰۰ گرمی,عدد,6,95580,76950,573480,فروشگاه سپیدار
1404/08/30,SKU00045,مایع ظرفشویی ۳.۷۵ لیتری,عدد,6,178200,141750,1069200,فروشگاه امید
1404/08/30,SKU00046,پودر لباسشویی ۵ کیلویی,عدد,4,380700,311850,1522800,فروشگاه سپیدار
1404/08/30,SKU00047,دستمال کاغذی ۳۰۰ برگ,بسته,14,68850,55080,963900,مینی‌مارکت نسیم
1404/08/30,SKU00048,شامپو ۹۰۰ میلی‌لیتری,عدد,3,217080,174150,651240,فروشگاه امید
1404/08/30,SKU00049,خمیر دندان ۱۰۰ گرمی,عدد,7,74520,58320,521640,فروشگاه امید
1404/08/30,SKU00050,صابون بسته ۶ عددی,بسته,6,97200,77760,583200,فروشگاه گلستان
1404/09/01,SKU00001,برنج ایرانی هاشمی ۱۰ کیلویی,کارتن,1,3648462,3080923,3648462,سوپرمارکت آفتاب
1404/09/01,SKU00027,برنج پاکستانی باسماتی ۱۰ کیلویی,کارتن,6,2148538,1702615,12891228,فروشگاه رفاه محلی
1404/09/01,SKU00028,روغن آفتابگردان ۱.۸ لیتری,عدد,26,149992,121615,3899792,بقالی برادران احمدی
1404/09/01,SKU00029,روغن سرخ‌کردنی ۴.۵ لیتری,عدد,6,368900,308092,2213400,سوپرمارکت آفتاب
1404/09/01,SKU00030,شکر سفید ۹۰۰ گرمی,عدد,32,34052,28377,1089664,تعاونی مصرف کارکنان
1404/09/01,SKU00031,چای کیسه‌ای ۱۰۰ عددی,عدد,5,198638,158100,993190,بقالی برادران احمدی
1404/09/01,SKU00032,قهوه فوری ۲۰۰ گرمی,عدد,3,421600,340523,1264800,مینی‌مارکت نسیم
1404/09/01,SKU00033,نوشابه خانواده ۱.۵ لیتری,عدد,42,38917,30809,1634514,سوپر پروتئین سبز
1404/09/01,SKU00034,آب معدنی ۱.۵ لیتری بسته ۶ عددی,بسته,19,77834,63240,1478846,مینی‌مارکت شبانه
1404/09/01,SKU00035,ماکارونی ۷۰۰ گرمی,عدد,16,42160,34052,674560,سوپرمارکت آفتاب
1404/09/01,SKU00036,رب گوجه ۸۰۰ گرمی,عدد,14,87563,71348,1225882,سوپر مارکت البرز
1404/09/01,SKU00037,تن ماهی ۱۸۰ گرمی,عدد,16,136209,109454,2179344,کافه رستوران ونک
1404/09/01,SKU00038,لوبیا چیتی ۹۰۰ گرمی,عدد,6,115129,93238,690774,تعاونی مصرف کارکنان
1404/09/01,SKU00039,عدس ۹۰۰ گرمی,عدد,5,98914,79455,494570,فروشگاه رفاه محلی
1404/09/01,SKU00040,نخود ۹۰۰ گرمی,عدد,8,105400,85131,843200,هایپر نیک
1404/09/01,SKU00041,پنیر سفید ۴۰۰ گرمی,عدد,17,89185,71348,1516145,سوپرمارکت پارسیان
1404/09/01,SKU00042,شیر کم‌چرب ۱ لیتری,عدد,62,42160,34052,2613920,مینی‌مارکت شبانه
1404/09/01,SKU00043,ماست دبه ۲ کیلویی,عدد,11,166208,133777,1828288,سوپرمارکت آفتاب
1404/09/01,SKU00044,کره حیوانی ۱۰۰ گرمی,عدد,9,95671,77023,861039,فروشگاه امید
1404/09/01,SKU00045,مایع ظرفشویی ۳.۷۵ لیتری,عدد,9,178369,141885,1605321,فروشگاه امید
1404/09/01,SKU00046,پودر لباسشویی ۵ کیلویی,عدد,8,381062,312146,3048496,بقالی برادران احمدی
1404/09/01,SKU00047,دستمال کاغذی ۳۰۰ برگ,بسته,18,68915,55132,1240470,بوفه دانشگاه
1404/09/01,SKU00048,شامپو ۹۰۰ میلی‌لیتری,عدد,8,217286,174315,1738288,هایپر ستاره شهر
1404/09/01,SKU00049,خمیر دندان ۱۰۰ گرمی,عدد,16,74591,58375,1193456,تعاونی مصرف کارکنان
1404/09/01,SKU00050,صابون بسته ۶ عددی,بسته,13,97292,77834,1264796,فروشگاه سپیدار
1404/09/02,SKU00001,برنج ایرانی هاشمی ۱۰ کیلویی,کارتن,3,3651923,3083846,10955769,فروشگاه زنجیره‌ای مهر
1404/09/02,SKU00027,برنج پاکستانی باسماتی ۱۰ کیلویی,کارتن,2,2150577,1704231,4301154,فروشگاه گلستان
1404/09/02,SKU00028,روغن آفتابگردان ۱.۸ لیتری,عدد,24,150135,121731,3603240,هایپر ستاره شهر
1404/09/02,SKU00029,روغن سرخ‌کردنی ۴.۵ لیتری,عدد,8,369250,308385,2954000,مینی‌مارکت شبانه
1404/09/02,SKU00030,شکر سفید ۹۰۰ گرمی,عدد,40,34085,28404,1363400,هایپر ستاره شهر
1404/09/02,SKU00031,چای کیسه‌ای ۱۰۰ عددی,عدد,4,198827,158250,795308,فروشگاه امید
1404/09/02,SKU00032,قهوه فوری ۲۰۰ گرمی,عدد,4,422000,340846,1688000,فروشگاه امید
1404/09/02,SKU00033,نوشابه خانواده ۱.۵ لیتری,عدد,28,38954,30838,1090712,فروشگاه گلستان
1404/09/02,SKU00034,آب معدنی ۱.۵ لیتری بسته ۶ عددی,بسته,10,77908,63300,779080,بقالی برادران احمدی
1404/09/02,SKU00035,ماکارونی ۷۰۰ گرمی,عدد,20,42200,34085,844000,بقالی برادران احمدی
1404/09/02,SKU00036,رب گوجه ۸۰۰ گرمی,عدد,13,87646,71415,1139398,مینی‌مارکت شبانه
1404/09/02,SKU00037,تن ماهی ۱۸۰ گرمی,عدد,21,136338,109558,2863098,سوپرمارکت آفتاب
1404/09/02,SKU00038,لوبیا چیتی ۹۰۰ گرمی,عدد,5,115238,93327,576190,فروشگاه امید
1404/09/02,SKU00039,عدس ۹۰۰ گرمی,عدد,8,99008,79531,792064,فروشگاه گلستان
1404/09/02,SKU00040,نخود ۹۰۰ گرمی,عدد,7,105500,85212,738500,فروشگاه رفاه محلی
1404/09/02,SKU00041,پنیر سفید ۴۰۰ گرمی,عدد,22,89269,71415,1963918,سوپرمارکت آفتاب
1404/09/02,SKU00042,شیر کم‌چرب ۱ لیتری,عدد,35,42200,34085,1477000,سوپرمارکت آفتاب
1404/09/02,SKU00043,ماست دبه ۲ کیلویی,عدد,17,166365,133904,2828205,فروشگاه امید
1404/09/02,SKU00044,کره حیوانی ۱۰۰ گرمی,عدد,7,95762,77096,670334,فروشگاه امید
1404/09/02,SKU00045,مایع ظرفشویی ۳.۷۵ لیتری,عدد,14,178538,142019,2499532,کافه رستوران ونک
1404/09/02,SKU00046,پودر لباسشویی ۵ کیلویی,عدد,6,381423,312442,2288538,سوپر مارکت البرز
1404/09/02,SKU00047,دستمال کاغذی ۳۰۰ برگ,بسته,12,68981,55185,827772,هایپر ستاره شهر
1404/09/02,SKU00048,شامپو ۹۰۰ میلی‌لیتری,عدد,8,217492,174481,1739936,سوپرمارکت آفتاب
1404/09/02,SKU00049,خمیر دندان ۱۰۰ گرمی,عدد,13,74662,58431,970606,تعاونی مصرف کارکنان
1404/09/02,SKU00050,صابون بسته ۶ عددی,بسته,8,97385,77908,779080,هایپر ستاره شهر
1404/09/03,SKU00001,برنج ایرانی هاشمی ۱۰ کیلویی,کارتن,5,3655385,3086769,18276925,سوپرمارکت پارسیان
1404/09/03,SKU00027,برنج پاکستانی باسماتی ۱۰ کیلویی,کارتن,4,2152615,1705846,8610460,هایپر نیک
1404/09/03,SKU00028,روغن آفتابگردان ۱.۸ لیتری,عدد,15,150277,121846,2254155,فروشگاه رفاه محلی
1404/09/03,SKU00029,روغن سرخ‌کردنی ۴.۵ لیتری,عدد,7,369600,308677,2587200,بقالی برادران احمدی
1404/09/03,SKU00030,شکر سفید ۹۰۰ گرمی,عدد,26,34117,28431,887042,فروشگاه گلستان
1404/09/03,SKU00031,چای کیسه‌ای ۱۰۰ عددی,عدد,7,199015,158400,1393105,سوپرمارکت آفتاب
1404/09/03,SKU00032,قهوه فوری ۲۰۰ گرمی,عدد,4,422400,341169,1689600,سوپرمارکت پارسیان
1404/09/03,SKU00033,نوشابه خانواده ۱.۵ لیتری,عدد,36,38991,30868,1403676,سوپر پروتئین سبز
1404/09/03,SKU00034,آب معدنی ۱.۵ لیتری بسته ۶ عددی,بسته,10,77982,63360,779820,سوپرمارکت آفتاب
1404/09/03,SKU00035,ماکارونی ۷۰۰ گرمی,عدد,25,42240,34117,1056000,سوپرمارکت آفتاب
1404/09/03,SKU00036,رب گوجه ۸۰۰ گرمی,عدد,8,87729,71483,701832,فروشگاه یاس
1404/09/03,SKU00037,تن ماهی ۱۸۰ گرمی,عدد,14,136468,109662,1910552,سوپر پروتئین سبز
1404/09/03,SKU00038,لوبیا چیتی ۹۰۰ گرمی,عدد,3,115348,93415,346044,سوپر پروتئین سبز
1404/09/03,SKU00039,عدس ۹۰۰ گرمی,عدد,8,99102,79606,792816,سوپر پروتئین سبز
1404/09/03,SKU00040,نخود ۹۰۰ گرمی,عدد,4,105600,85292,422400,سوپر پروتئین سبز
1404/09/03,SKU00041,پنیر سفید ۴۰۰ گرمی,عدد,20,89354,71483,1787080,مینی‌مارکت شبانه
1404/09/03,SKU00042,شیر کم‌چرب ۱ لیتری,عدد,23,42240,34117,971520,بقالی برادران احمدی
1404/09/03,SKU00043,ماست دبه ۲ کیلویی,عدد,17,166523,134031,2830891,سوپرمارکت پارسیان
1404/09/03,SKU00044,کره حیوانی ۱۰۰ گرمی,عدد,8,95852,77169,766816,فروشگاه یاس
1404/09/03,SKU00045,مایع ظرفشویی ۳.۷۵ لیتری,عدد,15,178708,142154,2680620,فروشگاه گلستان
1404/09/03,SKU00046,پودر لباسشویی ۵ کیلویی,عدد,4,381785,312738,1527140,سوپر پروتئین سبز
1404/09/03,SKU00047,دستمال کاغذی ۳۰۰ برگ,بسته,20,69046,55237,1380920,سوپرمارکت پارسیان
1404/09/03,SKU00048,شامپو ۹۰۰ میلی‌لیتری,عدد,4,217698,174646,870792,فروشگاه زنجیره‌ای مهر
1404/09/03,SKU00049,خمیر دندان ۱۰۰ گرمی,عدد,12,74732,58486,896784,هایپر نیک
1404/09/03,SKU00050,صابون بسته ۶ عددی,بسته,3,97477,77982,292431,سوپر پروتئین سبز
1404/09/04,SKU00001,برنج ایرانی هاشمی ۱۰ کیلویی,کارتن,2,3658846,3089692,7317692,تعاونی مصرف کارکنان
1404/09/04,SKU00027,برنج پاکستانی باسماتی ۱۰ کیلویی,کارتن,4,2154654,1707462,8618616,سوپرمارکت پارسیان
1404/09/04,SKU00028,روغن آفتابگردان ۱.۸ لیتری,عدد,25,150419,121962,3760475,تعاونی مصرف کارکنان
1404/09/04,SKU00029,روغن سرخ‌کردنی ۴.۵ لیتری,عدد,9,369950,308969,3329550,سوپر مارکت البرز
1404/09/04,SKU00030,شکر سفید ۹۰۰ گرمی,عدد,17,34149,28458,580533,کافه رستوران ونک
1404/09/04,SKU00031,چای کیسه‌ای ۱۰۰ عددی,عدد,7,199204,158550,1394428,مینی‌مارکت شبانه
1404/09/04,SKU00032,قهوه فوری ۲۰۰ گرمی,عدد,6,422800,341492,2536800,فروشگاه رفاه محلی
1404/09/04,SKU00033,نوشابه خانواده ۱.۵ لیتری,عدد,43,39028,30897,1678204,تعاونی مصرف کارکنان
1404/09/04,SKU00034,آب معدنی ۱.۵ لیتری بسته ۶ عددی,بسته,24,78055,63420,1873320,سوپر پروتئین سبز
1404/09/04,SKU00035,ماکارونی ۷۰۰ گرمی,عدد,36,42280,34149,1522080,هایپر ستاره شهر
1404/09/04,SKU00036,رب گوجه ۸۰۰ گرمی,عدد,7,87812,71551,614684,فروشگاه یاس
1404/09/04,SKU00037,تن ماهی ۱۸۰ گرمی,عدد,3,136597,109765,409791,فروشگاه یاس
1404/09/04,SKU00038,لوبیا چیتی ۹۰۰ گرمی,عدد,10,115457,93504,1154570,فروشگاه رفاه محلی
1404/09/04,SKU00039,عدس ۹۰۰ گرمی,عدد,7,99195,79682,694365,سوپر پروتئین سبز
1404/09/04,SKU00040,نخود ۹۰۰ گرمی,عدد,9,105700,85373,951300,کافه رستوران ونک
1404/09/04,SKU00041,پنیر سفید ۴۰۰ گرمی,عدد,6,89438,71551,536628,هایپر نیک
1404/09/04,SKU00042,شیر کم‌چرب ۱ لیتری,عدد,33,42280,34149,1395240,فروشگاه زنجیره‌ای مهر
1404/09/04,SKU00043,ماست دبه ۲ کیلویی,عدد,12,166681,134158,2000172,فروشگاه یاس
1404/09/04,SKU00044,کره حیوانی ۱۰۰ گرمی,عدد,8,95943,77242,767544,هایپر ستاره شهر
1404/09/04,SKU00045,مایع ظرفشویی ۳.۷۵ لیتری,عدد,11,178877,142288,1967647,سوپر مارکت البرز
1404/09/04,SKU00046,پودر لباسشویی ۵ کیلویی,عدد,3,382146,313035,1146438,فروشگاه امید
1404/09/04,SKU00047,دستمال کاغذی ۳۰۰ برگ,بسته,26,69112,55289,1796912,کافه رستوران ونک
1404/09/04,SKU00048,شامپو ۹۰۰ میلی‌لیتری,عدد,3,217905,174812,653715,هایپر نیک
1404/09/04,SKU00049,خمیر دندان ۱۰۰ گرمی,عدد,21,74803,58542,1570863,بقالی برادران احمدی
1404/09/04,SKU00050,صابون بسته ۶ عددی,بسته,4,97569,78055,390276,فروشگاه زنجیره‌ای مهر
1404/09/05,SKU00001,برنج ایرانی هاشمی ۱۰ کیلویی,کارتن,2,3662308,3092615,7324616,فروشگاه سپیدار
1404/09/05,SKU00027,برنج پاکستانی باسماتی ۱۰ کیلویی,کارتن,6,2156692,1709077,12940152,تعاونی مصرف کارکنان
1404/09/05,SKU00028,روغن آفتابگردان ۱.۸ لیتری,عدد,17,150562,122077,2559554,بوفه دانشگاه
1404/09/05,SKU00029,روغن سرخ‌کردنی ۴.۵ لیتری,عدد,8,370300,309262,2962400,فروشگاه یاس
1404/09/05,SKU00030,شکر سفید ۹۰۰ گرمی,عدد,35,34182,28485,1196370,مینی‌مارکت شبانه
1404/09/05,SKU00031,چای کیسه‌ای ۱۰۰ عددی,عدد,16,199392,158700,3190272,سوپر مارکت البرز
1404/09/05,SKU00032,قهوه فوری ۲۰۰ گرمی,عدد,3,423200,341815,1269600,سوپرمارکت پارسیان
1404/09/05,SKU00033,نوشابه خانواده ۱.۵ لیتری,عدد,37,39065,30926,1445405,تعاونی مصرف کارکنان
1404/09/05,SKU00034,آب معدنی ۱.۵ لیتری بسته ۶ عددی,بسته,11,78129,63480,859419,مینی‌مارکت شبانه
1404/09/05,SKU00035,ماکارونی ۷۰۰ گرمی,عدد,33,42320,34182,1396560,فروشگاه گلستان
1404/09/05,SKU00036,رب گوجه ۸۰۰ گرمی,عدد,15,87895,71618,1318425,فروشگاه زنجیره‌ای مهر
1404/09/05,SKU00037,تن ماهی ۱۸۰ گرمی,عدد,15,136726,109869,2050890,مینی‌مارکت نسیم
1404/09/05,SKU00038,لوبیا چیتی ۹۰۰ گرمی,عدد,9,115566,93592,1040094,فروشگاه سپیدار
1404/09/05,SKU00039,عدس ۹۰۰ گرمی,عدد,8,99289,79757,794312,مینی‌مارکت نسیم
1404/09/05,SKU00040,نخود ۹۰۰ گرمی,عدد,9,105800,85454,952200,کافه رستوران ونک
1404/09/05,SKU00041,پنیر سفید ۴۰۰ گرمی,عدد,15,89523,71618,1342845,فروشگاه سپیدار
1404/09/05,SKU00042,شیر کم‌چرب ۱ لیتری,عدد,33,42320,34182,1396560,سوپر پروتئین سبز
1404/09/05,SKU00043,ماست دبه ۲ کیلویی,عدد,15,166838,134285,2502570,فروشگاه سپیدار
1404/09/05,SKU00044,کره حیوانی ۱۰۰ گرمی,عدد,13,96034,77315,1248442,فروشگاه زنجیره‌ای مهر
1404/09/05,SKU00045,مایع ظرفشویی ۳.۷۵ لیتری,عدد,14,179046,142423,2506644,هایپر نیک
1404/09/05,SKU00046,پودر لباسشویی ۵ کیلویی,عدد,8,382508,313331,3060064,مینی‌مارکت شبانه
1404/09/05,SKU00047,دستمال کاغذی ۳۰۰ برگ,بسته,30,69177,55342,2075310,تعاونی مصرف کارکنان
1404/09/05,SKU00048,شامپو ۹۰۰ میلی‌لیتری,عدد,8,218111,174977,1744888,مینی‌مارکت نسیم
1404/09/05,SKU00049,خمیر دندان ۱۰۰ گرمی,عدد,11,74874,58597,823614,مینی‌مارکت نسیم
1404/09/05,SKU00050,صابون بسته ۶ عددی,بسته,10,97662,78129,976620,فروشگاه یاس
1404/09/06,SKU00001,برنج ایرانی هاشمی ۱۰ کیلویی,کارتن,5,3665769,3095538,18328845,بقالی برادران احمدی
1404/09/06,SKU00027,برنج پاکستانی باسماتی ۱۰ کیلویی,کارتن,6,2158731,1710692,12952386,هایپر نیک
1404/09/06,SKU00028,روغن آفتابگردان ۱.۸ لیتری,عدد,15,150704,122192,2260560,بقالی برادران احمدی
1404/09/06,SKU00029,روغن سرخ‌کردنی ۴.۵ لیتری,عدد,9,370650,309554,3335850,هایپر نیک
1404/09/06,SKU00030,شکر سفید ۹۰۰ گرمی,عدد,14,34214,28512,478996,فروشگاه گلستان
1404/09/06,SKU00031,چای کیسه‌ای ۱۰۰ عددی,عدد,16,199581,158850,3193296,هایپر نیک
1404/09/06,SKU00032,قهوه فوری ۲۰۰ گرمی,عدد,9,423600,342138,3812400,فروشگاه گلستان
1404/09/06,SKU00033,نوشابه خانواده ۱.۵ لیتری,عدد,90,39102,30955,3519180,سوپرمارکت آفتاب
1404/09/06,SKU00034,آب معدنی ۱.۵ لیتری بسته ۶ عددی,بسته,31,78203,63540,2424293,تعاونی مصرف کارکنان
1404/09/06,SKU00035,ماکارونی ۷۰۰ گرمی,عدد,67,42360,34214,2838120,فروشگاه سپیدار
1404/09/06,SKU00036,رب گوجه ۸۰۰ گرمی,عدد,11,87978,71686,967758,بوفه دانشگاه
1404/09/06,SKU00037,تن ماهی ۱۸۰ گرمی,عدد,10,136855,109973,1368550,فروشگاه امید
1404/09/06,SKU00038,لوبیا چیتی ۹۰۰ گرمی,عدد,10,115675,93681,1156750,فروشگاه سپیدار
1404/09/06,SKU00039,عدس ۹۰۰ گرمی,عدد,9,99383,79832,894447,فروشگاه سپیدار
1404/09/06,SKU00040,نخود ۹۰۰ گرمی,عدد,10,105900,85535,1059000,مینی‌مارکت شبانه
1404/09/06,SKU00041,پنیر سفید ۴۰۰ گرمی,عدد,33,89608,71686,2957064,مینی‌مارکت شبانه
1404/09/06,SKU00042,شیر کم‌چرب ۱ لیتری,عدد,34,42360,34214,1440240,هایپر نیک
1404/09/06,SKU00043,ماست دبه ۲ کیلویی,عدد,24,166996,134412,4007904,سوپرمارکت آفتاب
1404/09/06,SKU00044,کره حیوانی ۱۰۰ گرمی,عدد,19,96125,77388,1826375,کافه رستوران ونک
1404/09/06,SKU00045,مایع ظرفشویی ۳.۷۵ لیتری,عدد,13,179215,142558,2329795,فروشگاه امید
1404/09/06,SKU00046,پودر لباسشویی ۵ کیلویی,عدد,12,382869,313627,4594428,کافه رستوران ونک
1404/09/06,SKU00047,دستمال کاغذی ۳۰۰ برگ,بسته,40,69242,55394,2769680,سوپر پروتئین سبز
1404/09/06,SKU00048,شامپو ۹۰۰ میلی‌لیتری,عدد,7,218317,175142,1528219,بقالی برادران احمدی
1404/09/06,SKU00049,خمیر دندان ۱۰۰ گرمی,عدد,17,74945,58652,1274065,سوپرمارکت آفتاب
1404/09/06,SKU00050,صابون بسته ۶ عددی,بسته,7,97754,78203,684278,مینی‌مارکت نسیم
1404/09/07,SKU00001,برنج ایرانی هاشمی ۱۰ کیلویی,کارتن,2,3669231,3098462,7338462,هایپر ستاره شهر
1404/09/07,SKU00027,برنج پاکستانی باسماتی ۱۰ کیلویی,کارتن,2,2160769,1712308,4321538,کافه رستوران ونک
1404/09/07,SKU00028,روغن آفتابگردان ۱.۸ لیتری,عدد,13,150846,122308,1960998,کافه رستوران ونک
1404/09/07,SKU00029,روغن سرخ‌کردنی ۴.۵ لیتری,عدد,3,371000,309846,1113000,فروشگاه گلستان
1404/09/07,SKU00030,شکر سفید ۹۰۰ گرمی,عدد,18,34246,28538,616428,سوپرمارکت آفتاب
1404/09/07,SKU00031,چای کیسه‌ای ۱۰۰ عددی,عدد,4,199769,159000,799076,فروشگاه رفاه محلی
1404/09/07,SKU00032,قهوه فوری ۲۰۰ گرمی,عدد,2,424000,342462,848000,هایپر ستاره شهر
1404/09/07,SKU00033,نوشابه خانواده ۱.۵ لیتری,عدد,22,39138,30985,861036,هایپر نیک
1404/09/07,SKU00034,آب معدنی ۱.۵ لیتری بسته ۶ عددی,بسته,9,78277,63600,704493,فروشگاه امید
1404/09/07,SKU00035,ماکارونی ۷۰۰ گرمی,عدد,20,42400,34246,848000,هایپر ستاره شهر
1404/09/07,SKU00036,رب گوجه ۸۰۰ گرمی,عدد,9,88062,71754,792558,سوپرمارکت آفتاب
1404/09/07,SKU00037,تن ماهی ۱۸۰ گرمی,عدد,13,136985,110077,1780805,تعاونی مصرف کارکنان
1404/09/07,SKU00038,لوبیا چیتی ۹۰۰ گرمی,عدد,5,115785,93769,578925,فروشگاه یاس
1404/09/07,SKU00039,عدس ۹۰۰ گرمی,عدد,6,99477,79908,596862,فروشگاه زنجیره‌ای مهر
1404/09/07,SKU00040,نخود ۹۰۰ گرمی,عدد,5,106000,85615,530000,سوپرمارکت پارسیان
1404/09/07,SKU00041,پنیر سفید ۴۰۰ گرمی,عدد,9,89692,71754,807228,فروشگاه امید
1404/09/07,SKU00042,شیر کم‌چرب ۱ لیتری,عدد,26,42400,34246,1102400,سوپر پروتئین سبز
1404/09/07,SKU00043,ماست دبه ۲ کیلویی,عدد,5,167154,134538,835770,هایپر نیک
1404/09/07,SKU00044,کره حیوانی ۱۰۰ گرمی,عدد,5,96215,77462,481075,مینی‌مارکت نسیم
1404/09/07,SKU00045,مایع ظرفشویی ۳.۷۵ لیتری,عدد,8,179385,142692,1435080,فروشگاه امید
1404/09/07,SKU00046,پودر لباسشویی ۵ کیلویی,عدد,2,383231,313923,766462,مینی‌مارکت نسیم
1404/09/07,SKU00047,دستمال کاغذی ۳۰۰ برگ,بسته,7,69308,55446,485156,فروشگاه سپیدار
1404/09/07,SKU00048,شامپو ۹۰۰ میلی‌لیتری,عدد,4,218523,175308,874092,بوفه دانشگاه
1404/09/07,SKU00049,خمیر دندان ۱۰۰ گرمی,عدد,10,75015,58708,750150,کافه رستوران ونک
1404/09/07,SKU00050,صابون بسته ۶ عددی,بسته,4,97846,78277,391384,فروشگاه رفاه محلی
1404/09/08,SKU00001,برنج ایرانی هاشمی ۱۰ کیلویی,کارتن,3,3672692,3101385,11018076,مینی‌مارکت شبانه
1404/09/08,SKU00027,برنج پاکستانی باسماتی ۱۰ کیلویی,کارتن,4,2162808,1713923,8651232,فروشگاه رفاه محلی
1404/09/08,SKU00028,روغن آفتابگردان ۱.۸ لیتری,عدد,16,150988,122423,2415808,فروشگاه گلستان
1404/09/08,SKU00029,روغن سرخ‌کردنی ۴.۵ لیتری,عدد,8,371350,310138,2970800,کافه رستوران ونک
1404/09/08,SKU00030,شکر سفید ۹۰۰ گرمی,عدد,16,34278,28565,548448,تعاونی مصرف کارکنان
1404/09/08,SKU00031,چای کیسه‌ای ۱۰۰ عددی,عدد,11,199958,159150,2199538,سوپرمارکت آفتاب
1404/09/08,SKU00032,قهوه فوری ۲۰۰ گرمی,عدد,5,424400,342785,2122000,تعاونی مصرف کارکنان
1404/09/08,SKU00033,نوشابه خانواده ۱.۵ لیتری,عدد,41,39175,31014,1606175,بوفه دانشگاه
1404/09/08,SKU00034,آب معدنی ۱.۵ لیتری بسته ۶ عددی,بسته,16,78351,63660,1253616,فروشگاه گلستان
1404/09/08,SKU00035,ماکارونی ۷۰۰ گرمی,عدد,32,42440,34278,1358080,فروشگاه سپیدار
1404/09/08,SKU00036,رب گوجه ۸۰۰ گرمی,عدد,20,88145,71822,1762900,فروشگاه یاس
1404/09/08,SKU00037,تن ماهی ۱۸۰ گرمی,عدد,11,137114,110181,1508254,سوپر پروتئین سبز
1404/09/08,SKU00038,لوبیا چیتی ۹۰۰ گرمی,عدد,10,115894,93858,1158940,سوپرمارکت پارسیان
1404/09/08,SKU00039,عدس ۹۰۰ گرمی,عدد,4,99571,79983,398284,فروشگاه گلستان
1404/09/08,SKU00040,نخود ۹۰۰ گرمی,عدد,9,106100,85696,954900,مینی‌مارکت شبانه
1404/09/08,SKU00041,پنیر سفید ۴۰۰ گرمی,عدد,19,89777,71822,1705763,سوپرمارکت آفتاب
1404/09/08,SKU00042,شیر کم‌چرب ۱ لیتری,عدد,20,42440,34278,848800,مینی‌مارکت شبانه
1404/09/08,SKU00043,ماست دبه ۲ کیلویی,عدد,11,167312,134665,1840432,سوپرمارکت آفتاب
1404/09/08,SKU00044,کره حیوانی ۱۰۰ گرمی,عدد,9,96306,77535,866754,فروشگاه زنجیره‌ای مهر
1404/09/08,SKU00045,مایع ظرفشویی ۳.۷۵ لیتری,عدد,8,179554,142827,1436432,تعاونی مصرف کارکنان
1404/09/08,SKU00046,پودر لباسشویی ۵ کیلویی,عدد,6,383592,314219,2301552,سوپرمارکت پارسیان
1404/09/08,SKU00047,دستمال کاغذی ۳۰۰ برگ,بسته,23,69373,55498,1595579,فروشگاه امید
1404/09/08,SKU00048,شامپو ۹۰۰ میلی‌لیتری,عدد,8,218729,175473,1749832,فروشگاه سپیدار
1404/09/08,SKU00049,خمیر دندان ۱۰۰ گرمی,عدد,14,75086,58763,1051204,فروشگاه رفاه محلی
1404/09/08,SKU00050,صابون بسته ۶ عددی,بسته,9,97938,78351,881442,هایپر نیک
1404/09/09,SKU00001,برنج ایرانی هاشمی ۱۰ کیلویی,کارتن,2,3676154,3104308,7352308,فروشگاه سپیدار
1404/09/09,SKU00027,برنج پاکستانی باسماتی ۱۰ کیلویی,کارتن,4,2164846,1715538,8659384,هایپر نیک
1404/09/09,SKU00028,روغن آفتابگردان ۱.۸ لیتری,عدد,17,151131,122538,2569227,سوپرمارکت آفتاب
1404/09/09,SKU00029,روغن سرخ‌کردنی ۴.۵ لیتری,عدد,7,371700,310431,2601900,فروشگاه یاس
1404/09/09,SKU00030,شکر سفید ۹۰۰ گرمی,عدد,25,34311,28592,857775,فروشگاه زنجیره‌ای مهر
1404/09/09,SKU00031,چای کیسه‌ای ۱۰۰ عددی,عدد,11,200146,159300,2201606,هایپر ستاره شهر
1404/09/09,SKU00032,قهوه فوری ۲۰۰ گرمی,عدد,4,424800,343108,1699200,سوپرمارکت پارسیان
1404/09/09,SKU00033,نوشابه خانواده ۱.۵ لیتری,عدد,61,39212,31043,2391932,مینی‌مارکت شبانه
1404/09/09,SKU00034,آب معدنی ۱.۵ لیتری بسته ۶ عددی,بسته,17,78425,63720,1333225,فروشگاه سپیدار
1404/09/09,SKU00035,ماکارونی ۷۰۰ گرمی,عدد,27,42480,34311,1146960,فروشگاه زنجیره‌ای مهر
1404/09/09,SKU00036,رب گوجه ۸۰۰ گرمی,عدد,16,88228,71889,1411648,سوپرمارکت آفتاب
1404/09/09,SKU00037,تن ماهی ۱۸۰ گرمی,عدد,19,137243,110285,2607617,سوپرمارکت پارسیان
1404/09/09,SKU00038,لوبیا چیتی ۹۰۰ گرمی,عدد,10,116003,93946,1160030,سوپرمارکت آفتاب
1404/09/09,SKU00039,عدس ۹۰۰ گرمی,عدد,10,99665,80058,996650,فروشگاه امید
1404/09/09,SKU00040,نخود ۹۰۰ گرمی,عدد,9,106200,85777,955800,سوپر مارکت البرز
1404/09/09,SKU00041,پنیر سفید ۴۰۰ گرمی,عدد,17,89862,71889,1527654,سوپرمارکت آفتاب
1404/09/09,SKU00042,شیر کم‌چرب ۱ لیتری,عدد,24,42480,34311,1019520,سوپر مارکت البرز
1404/09/09,SKU00043,ماست دبه ۲ کیلویی,عدد,7,167469,134792,1172283,سوپرمارکت آفتاب
1404/09/09,SKU00044,کره حیوانی ۱۰۰ گرمی,عدد,13,96397,77608,1253161,هایپر نیک
1404/09/09,SKU00045,مایع ظرفشویی ۳.۷۵ لیتری,عدد,5,179723,142962,898615,سوپر پروتئین سبز
1404/09/09,SKU00046,پودر لباسشویی ۵ کیلویی,عدد,4,383954,314515,1535816,هایپر ستاره شهر
1404/09/09,SKU00047,دستمال کاغذی ۳۰۰ برگ,بسته,29,69438,55551,2013702,بوفه دانشگاه
1404/09/09,SKU00048,شامپو ۹۰۰ میلی‌لیتری,عدد,4,218935,175638,875740,فروشگاه امید
1404/09/09,SKU00049,خمیر دندان ۱۰۰ گرمی,عدد,12,75157,58818,901884,سوپرمارکت پارسیان
1404/09/09,SKU00050,صابون بسته ۶ عددی,بسته,9,98031,78425,882279,فروشگاه یاس
1404/09/10,SKU00001,برنج ایرانی هاشمی ۱۰ کیلویی,کارتن,3,3679615,3107231,11038845,هایپر نیک
1404/09/10,SKU00027,برنج پاکستانی باسماتی ۱۰ کیلویی,کارتن,5,2166885,1717154,10834425,تعاونی مصرف کارکنان
1404/09/10,SKU00028,روغن آفتابگردان ۱.۸ لیتری,عدد,15,151273,122654,2269095,کافه رستوران ونک
1404/09/10,SKU00029,روغن سرخ‌کردنی ۴.۵ لیتری,عدد,6,372050,310723,2232300,سوپرمارکت پارسیان
1404/09/10,SKU00030,شکر سفید ۹۰۰ گرمی,عدد,29,34343,28619,995947,سوپرمارکت پارسیان
1404/09/10,SKU00031,چای کیسه‌ای ۱۰۰ عددی,عدد,11,200335,159450,2203685,فروشگاه گلستان
1404/09/10,SKU00032,قهوه فوری ۲۰۰ گرمی,عدد,3,425200,343431,1275600,فروشگاه سپیدار
1404/09/10,SKU00033,نوشابه خانواده ۱.۵ لیتری,عدد,35,39249,31072,1373715,کافه رستوران ونک
1404/09/10,SKU00034,آب معدنی ۱.۵ لیتری بسته ۶ عددی,بسته,22,78498,63780,1726956,مینی‌مارکت شبانه
1404/09/10,SKU00035,ماکارونی ۷۰۰ گرمی,عدد,10,42520,34343,425200,مینی‌مارکت شبانه
1404/09/10,SKU00036,رب گوجه ۸۰۰ گرمی,عدد,12,88311,71957,1059732,بقالی برادران احمدی
1404/09/10,SKU00037,تن ماهی ۱۸۰ گرمی,عدد,20,137372,110388,2747440,بوفه دانشگاه
1404/09/10,SKU00038,لوبیا چیتی ۹۰۰ گرمی,عدد,11,116112,94035,1277232,سوپرمارکت پارسیان
1404/09/10,SKU00039,عدس ۹۰۰ گرمی,عدد,11,99758,80134,1097338,فروشگاه امید
1404/09/10,SKU00040,نخود ۹۰۰ گرمی,عدد,4,106300,85858,425200,سوپر مارکت البرز
1404/09/10,SKU00041,پنیر سفید ۴۰۰ گرمی,عدد,30,89946,71957,2698380,مینی‌مارکت شبانه
1404/09/10,SKU00042,شیر کم‌چرب ۱ لیتری,عدد,12,42520,34343,510240,سوپر مارکت البرز
1404/09/10,SKU00043,ماست دبه ۲ کیلویی,عدد,12,167627,134919,2011524,فروشگاه امید
1404/09/10,SKU00044,کره حیوانی ۱۰۰ گرمی,عدد,11,96488,77681,1061368,فروشگاه زنجیره‌ای مهر
1404/09/10,SKU00045,مایع ظرفشویی ۳.۷۵ لیتری,عدد,10,179892,143096,1798920,فروشگاه یاس
1404/09/10,SKU00046,پودر لباسشویی ۵ کیلویی,عدد,7,384315,314812,2690205,فروشگاه سپیدار
1404/09/10,SKU00047,دستمال کاغذی ۳۰۰ برگ,بسته,14,69504,55603,973056,بقالی برادران احمدی
1404/09/10,SKU00048,شامپو ۹۰۰ میلی‌لیتری,عدد,5,219142,175804,1095710,هایپر نیک
1404/09/10,SKU00049,خمیر دندان ۱۰۰ گرمی,عدد,10,75228,58874,752280,بقالی برادران احمدی
1404/09/10,SKU00050,صابون بسته ۶ عددی,بسته,11,98123,78498,1079353,سوپرمارکت پارسیان
1404/09/11,SKU00001,برنج ایرانی هاشمی ۱۰ کیلویی,کارتن,4,3683077,3110154,14732308,تعاونی مصرف کارکنان
1404/09/11,SKU00027,برنج پاکستانی باسماتی ۱۰ کیلویی,کارتن,5,2168923,1718769,10844615,فروشگاه گلستان
1404/09/11,SKU00028,روغن آفتابگردان ۱.۸ لیتری,عدد,29,151415,122769,4391035,سوپرمارکت پارسیان
1404/09/11,SKU00029,روغن سرخ‌کردنی ۴.۵ لیتری,عدد,6,372400,311015,2234400,فروشگاه سپیدار
1404/09/11,SKU00030,شکر سفید ۹۰۰ گرمی,عدد,39,34375,28646,1340625,فروشگاه یاس
1404/09/11,SKU00031,چای کیسه‌ای ۱۰۰ عددی,عدد,6,200523,159600,1203138,سوپرمارکت آفتاب
1404/09/11,SKU00032,قهوه فوری ۲۰۰ گرمی,عدد,4,425600,343754,1702400,سوپرمارکت آفتاب
1404/09/11,SKU00033,نوشابه خانواده ۱.۵ لیتری,عدد,38,39286,31102,1492868,فروشگاه گلستان
1404/09/11,SKU00034,آب معدنی ۱.۵ لیتری بسته ۶ عددی,بسته,14,78572,63840,1100008,سوپرمارکت آفتاب
1404/09/11,SKU00035,ماکارونی ۷۰۰ گرمی,عدد,20,42560,34375,851200,سوپرمارکت پارسیان
1404/09/11,SKU00036,رب گوجه ۸۰۰ گرمی,عدد,10,88394,72025,883940,سوپرمارکت پارسیان
1404/09/11,SKU00037,تن ماهی ۱۸۰ گرمی,عدد,14,137502,110492,1925028,فروشگاه امید
1404/09/11,SKU00038,لوبیا چیتی ۹۰۰ گرمی,عدد,4,116222,94123,464888,هایپر ستاره شهر
1404/09/11,SKU00039,عدس ۹۰۰ گرمی,عدد,9,99852,80209,898668,تعاونی مصرف کارکنان
1404/09/11,SKU00040,نخود ۹۰۰ گرمی,عدد,7,106400,85938,744800,فروشگاه گلستان
1404/09/11,SKU00041,پنیر سفید ۴۰۰ گرمی,عدد,18,90031,72025,1620558,سوپرمارکت پارسیان
1404/09/11,SKU00042,شیر کم‌چرب ۱ لیتری,عدد,28,42560,34375,1191680,فروشگاه زنجیره‌ای مهر
1404/09/11,SKU00043,ماست دبه ۲ کیلویی,عدد,13,167785,135046,2181205,سوپر مارکت البرز
1404/09/11,SKU00044,کره حیوانی ۱۰۰ گرمی,عدد,8,96578,77754,772624,کافه رستوران ونک
1404/09/11,SKU00045,مایع ظرفشویی ۳.۷۵ لیتری,عدد,14,180062,143231,2520868,فروشگاه یاس
1404/09/11,SKU00046,پودر لباسشویی ۵ کیلویی,عدد,1,384677,315108,384677,هایپر نیک
1404/09/11,SKU00047,دستمال کاغذی ۳۰۰ برگ,بسته,9,69569,55655,626121,سوپرمارکت آفتاب
1404/09/11,SKU00048,شامپو ۹۰۰ میلی‌لیتری,عدد,7,219348,175969,1535436,هایپر نیک
1404/09/11,SKU00049,خمیر دندان ۱۰۰ گرمی,عدد,10,75298,58929,752980,فروشگاه گلستان
1404/09/11,SKU00050,صابون بسته ۶ عددی,بسته,6,98215,78572,589290,مینی‌مارکت نسیم
1404/09/12,SKU00001,برنج ایرانی هاشمی ۱۰ کیلویی,کارتن,2,3686538,3113077,7373076,هایپر ستاره شهر
1404/09/12,SKU00027,برنج پاکستانی باسماتی ۱۰ کیلویی,کارتن,6,2170962,1720385,13025772,بقالی برادران احمدی
1404/09/12,SKU00028,روغن آفتابگردان ۱.۸ لیتری,عدد,18,151558,122885,2728044,هایپر نیک
1404/09/12,SKU00029,روغن سرخ‌کردنی ۴.۵ لیتری,عدد,6,372750,311308,2236500,فروشگاه رفاه محلی
1404/09/12,SKU00030,شکر سفید ۹۰۰ گرمی,عدد,31,34408,28673,1066648,کافه رستوران ونک
1404/09/12,SKU00031,چای کیسه‌ای ۱۰۰ عددی,عدد,7,200712,159750,1404984,سوپرمارکت پارسیان
1404/09/12,SKU00032,قهوه فوری ۲۰۰ گرمی,عدد,3,426000,344077,1278000,بقالی برادران احمدی
1404/09/12,SKU00033,نوشابه خانواده ۱.۵ لیتری,عدد,57,39323,31131,2241411,هایپر ستاره شهر
1404/09/12,SKU00034,آب معدنی ۱.۵ لیتری بسته ۶ عددی,بسته,26,78646,63900,2044796,فروشگاه یاس
1404/09/12,SKU00035,ماکارونی ۷۰۰ گرمی,عدد,26,42600,34408,1107600,فروشگاه رفاه محلی
1404/09/12,SKU00036,رب گوجه ۸۰۰ گرمی,عدد,13,88477,72092,1150201,فروشگاه امید
1404/09/12,SKU00037,تن ماهی ۱۸۰ گرمی,عدد,16,137631,110596,2202096,سوپرمارکت آفتاب
1404/09/12,SKU00038,لوبیا چیتی ۹۰۰ گرمی,عدد,8,116331,94212,930648,فروشگاه یاس
1404/09/12,SKU00039,عدس ۹۰۰ گرمی,عدد,10,99946,80285,999460,هایپر نیک
1404/09/12,SKU00040,نخود ۹۰۰ گرمی,عدد,8,106500,86019,852000,فروشگاه سپیدار
1404/09/12,SKU00041,پنیر سفید ۴۰۰ گرمی,عدد,15,90115,72092,1351725,سوپرمارکت آفتاب
1404/09/12,SKU00042,شیر کم‌چرب ۱ لیتری,عدد,30,42600,34408,1278000,کافه رستوران ونک
1404/09/12,SKU00043,ماست دبه ۲ کیلویی,عدد,16,167942,135173,2687072,سوپر پروتئین سبز
1404/09/12,SKU00044,کره حیوانی ۱۰۰ گرمی,عدد,20,96669,77827,1933380,هایپر نیک
1404/09/12,SKU00045,مایع ظرفشویی ۳.۷۵ لیتری,عدد,16,180231,143365,2883696,تعاونی مصرف کارکنان
1404/09/12,SKU00046,پودر لباسشویی ۵ کیلویی,عدد,4,385038,315404,1540152,سوپرمارکت آفتاب
1404/09/12,SKU00047,دستمال کاغذی ۳۰۰ برگ,بسته,30,69635,55708,2089050,فروشگاه زنجیره‌ای مهر
1404/09/12,SKU00048,شامپو ۹۰۰ میلی‌لیتری,عدد,5,219554,176135,1097770,سوپر پروتئین سبز
1404/09/12,SKU00049,خمیر دندان ۱۰۰ گرمی,عدد,21,75369,58985,1582749,فروشگاه گلستان
1404/09/12,SKU00050,صابون بسته ۶ عددی,بسته,11,98308,78646,1081388,مینی‌مارکت نسیم
1404/09/13,SKU00001,برنج ایرانی هاشمی ۱۰ کیلویی,کارتن,6,3690000,3116000,22140000,فروشگاه زنجیره‌ای مهر
1404/09/13,SKU00027,برنج پاکستانی باسماتی ۱۰ کیلویی,کارتن,7,2173000,1722000,15211000,تعاونی مصرف کارکنان
1404/09/13,SKU00028,روغن آفتابگردان ۱.۸ لیتری,عدد,25,151700,123000,3792500,فروشگاه امید
1404/09/13,SKU00029,روغن سرخ‌کردنی ۴.۵ لیتری,عدد,10,373100,311600,3731000,بقالی برادران احمدی
1404/09/13,SKU00030,شکر سفید ۹۰۰ گرمی,عدد,43,34440,28700,1480920,هایپر ستاره شهر
1404/09/13,SKU00031,چای کیسه‌ای ۱۰۰ عددی,عدد,14,200900,159900,2812600,فروشگاه یاس
1404/09/13,SKU00032,قهوه فوری ۲۰۰ گرمی,عدد,8,426400,344400,3411200,فروشگاه سپیدار
1404/09/13,SKU00033,نوشابه خانواده ۱.۵ لیتری,عدد,62,39360,31160,2440320,مینی‌مارکت نسیم
1404/09/13,SKU00034,آب معدنی ۱.۵ لیتری بسته ۶ عددی,بسته,36,78720,63960,2833920,سوپر مارکت البرز
1404/09/13,SKU00035,ماکارونی ۷۰۰ گرمی,عدد,38,42640,34440,1620320,فروشگاه امید
1404/09/13,SKU00036,رب گوجه ۸۰۰ گرمی,عدد,23,88560,72160,2036880,فروشگاه رفاه محلی
1404/09/13,SKU00037,تن ماهی ۱۸۰ گرمی,عدد,27,137760,110700,3719520,مینی‌مارکت شبانه
1404/09/13,SKU00038,لوبیا چیتی ۹۰۰ گرمی,عدد,19,116440,94300,2212360,فروشگاه سپیدار
1404/09/13,SKU00039,عدس ۹۰۰ گرمی,عدد,6,100040,80360,600240,سوپرمارکت آفتاب
1404/09/13,SKU00040,نخود ۹۰۰ گرمی,عدد,5,106600,86100,533000,مینی‌مارکت نسیم
1404/09/13,SKU00041,پنیر سفید ۴۰۰ گرمی,عدد,30,90200,72160,2706000,مینی‌مارکت شبانه
1404/09/13,SKU00042,شیر کم‌چرب ۱ لیتری,عدد,52,42640,34440,2217280,فروشگاه گلستان
1404/09/13,SKU00043,ماست دبه ۲ کیلویی,عدد,22,168100,135300,3698200,مینی‌مارکت نسیم
1404/09/13,SKU00044,کره حیوانی ۱۰۰ گرمی,عدد,14,96760,77900,1354640,مینی‌مارکت شبانه
1404/09/13,SKU00045,مایع ظرفشویی ۳.۷۵ لیتری,عدد,18,180400,143500,3247200,سوپرمارکت آفتاب
1404/09/13,SKU00046,پودر لباسشویی ۵ کیلویی,عدد,8,385400,315700,3083200,هایپر نیک
1404/09/13,SKU00047,دستمال کاغذی ۳۰۰ برگ,بسته,16,69700,55760,1115200,فروشگاه یاس
1404/09/13,SKU00048,شامپو ۹۰۰ میلی‌لیتری,عدد,11,219760,176300,2417360,سوپرمارکت پارسیان
1404/09/13,SKU00049,خمیر دندان ۱۰۰ گرمی,عدد,22,75440,59040,1659680,سوپرمارکت پارسیان
1404/09/13,SKU00050,صابون بسته ۶ عددی,بسته,10,98400,78720,984000,فروشگاه سپیدار
1404/09/14,SKU00001,برنج ایرانی هاشمی ۱۰ کیلویی,کارتن,3,3693462,3118923,11080386,تعاونی مصرف کارکنان
1404/09/14,SKU00027,برنج پاکستانی باسماتی ۱۰ کیلویی,کارتن,2,2175038,1723615,4350076,فروشگاه یاس
1404/09/14,SKU00028,روغن آفتابگردان ۱.۸ لیتری,عدد,9,151842,123115,1366578,تعاونی مصرف کارکنان
1404/09/14,SKU00029,روغن سرخ‌کردنی ۴.۵ لیتری,عدد,5,373450,311892,1867250,فروشگاه امید
1404/09/14,SKU00030,شکر سفید ۹۰۰ گرمی,عدد,15,34472,28727,517080,فروشگاه زنجیره‌ای مهر
1404/09/14,SKU00031,چای کیسه‌ای ۱۰۰ عددی,عدد,4,201088,160050,804352,مینی‌مارکت شبانه
1404/09/14,SKU00032,قهوه فوری ۲۰۰ گرمی,عدد,3,426800,344723,1280400,فروشگاه گلستان
1404/09/14,SKU00033,نوشابه خانواده ۱.۵ لیتری,عدد,28,39397,31189,1103116,فروشگاه یاس
1404/09/14,SKU00034,آب معدنی ۱.۵ لیتری بسته ۶ عددی,بسته,7,78794,64020,551558,مینی‌مارکت نسیم
1404/09/14,SKU00035,ماکارونی ۷۰۰ گرمی,عدد,13,42680,34472,554840,فروشگاه زنجیره‌ای مهر
1404/09/14,SKU00036,رب گوجه ۸۰۰ گرمی,عدد,10,88643,72228,886430,سوپر مارکت البرز
1404/09/14,SKU00037,تن ماهی ۱۸۰ گرمی,عدد,8,137889,110804,1103112,مینی‌مارکت نسیم
1404/09/14,SKU00038,لوبیا چیتی ۹۰۰ گرمی,عدد,6,116549,94388,699294,فروشگاه یاس
1404/09/14,SKU00039,عدس ۹۰۰ گرمی,عدد,4,100134,80435,400536,بوفه دانشگاه
1404/09/14,SKU00040,نخود ۹۰۰ گرمی,عدد,3,106700,86181,320100,فروشگاه امید
1404/09/14,SKU00041,پنیر سفید ۴۰۰ گرمی,عدد,12,90285,72228,1083420,فروشگاه زنجیره‌ای مهر
1404/09/14,SKU00042,شیر کم‌چرب ۱ لیتری,عدد,19,42680,34472,810920,سوپرمارکت پارسیان
1404/09/14,SKU00043,ماست دبه ۲ کیلویی,عدد,9,168258,135427,1514322,فروشگاه گلستان
1404/09/14,SKU00044,کره حیوانی ۱۰۰ گرمی,عدد,8,96851,77973,774808,مینی‌مارکت شبانه
1404/09/14,SKU00045,مایع ظرفشویی ۳.۷۵ لیتری,عدد,6,180569,143635,1083414,فروشگاه رفاه محلی
1404/09/14,SKU00046,پودر لباسشویی ۵ کیلویی,عدد,5,385762,315996,1928810,بوفه دانشگاه
1404/09/14,SKU00047,دستمال کاغذی ۳۰۰ برگ,بسته,13,69765,55812,906945,مینی‌مارکت شبانه
1404/09/14,SKU00048,شامپو ۹۰۰ میلی‌لیتری,عدد,2,219966,176465,439932,هایپر ستاره شهر
1404/09/14,SKU00049,خمیر دندان ۱۰۰ گرمی,عدد,4,75511,59095,302044,سوپر پروتئین سبز
1404/09/14,SKU00050,صابون بسته ۶ عددی,بسته,9,98492,78794,886428,فروشگاه سپیدار
1404/09/15,SKU00001,برنج ایرانی هاشمی ۱۰ کیلویی,کارتن,4,3696923,3121846,14787692,هایپر نیک
1404/09/15,SKU00027,برنج پاکستانی باسماتی ۱۰ کیلویی,کارتن,5,2177077,1725231,10885385,سوپرمارکت آفتاب
1404/09/15,SKU00028,روغن آفتابگردان ۱.۸ لیتری,عدد,25,151985,123231,3799625,کافه رستوران ونک
1404/09/15,SKU00029,روغن سرخ‌کردنی ۴.۵ لیتری,عدد,5,373800,312185,1869000,بوفه دانشگاه
1404/09/15,SKU00030,شکر سفید ۹۰۰ گرمی,عدد,23,34505,28754,793615,سوپر پروتئین سبز
1404/09/15,SKU00031,چای کیسه‌ای ۱۰۰ عددی,عدد,5,201277,160200,1006385,بقالی برادران احمدی
1404/09/15,SKU00032,قهوه فوری ۲۰۰ گرمی,عدد,4,427200,345046,1708800,فروشگاه یاس
1404/09/15,SKU00033,نوشابه خانواده ۱.۵ لیتری,عدد,20,39434,31218,788680,مینی‌مارکت شبانه
1404/09/15,SKU00034,آب معدنی ۱.۵ لیتری بسته ۶ عددی,بسته,23,78868,64080,1813964,بقالی برادران احمدی
1404/09/15,SKU00035,ماکارونی ۷۰۰ گرمی,عدد,35,42720,34505,1495200,مینی‌مارکت شبانه
1404/09/15,SKU00036,رب گوجه ۸۰۰ گرمی,عدد,16,88726,72295,1419616,مینی‌مارکت شبانه
1404/09/15,SKU00037,تن ماهی ۱۸۰ گرمی,عدد,21,138018,110908,2898378,فروشگاه امید
1404/09/15,SKU00038,لوبیا چیتی ۹۰۰ گرمی,عدد,8,116658,94477,933264,سوپر مارکت البرز
1404/09/15,SKU00039,عدس ۹۰۰ گرمی,عدد,8,100228,80511,801824,مینی‌مارکت نسیم
1404/09/15,SKU00040,نخود ۹۰۰ گرمی,عدد,7,106800,86262,747600,فروشگاه یاس
1404/09/15,SKU00041,پنیر سفید ۴۰۰ گرمی,عدد,27,90369,72295,2439963,هایپر ستاره شهر
1404/09/15,SKU00042,شیر کم‌چرب ۱ لیتری,عدد,40,42720,34505,1708800,مینی‌مارکت نسیم
1404/09/15,SKU00043,ماست دبه ۲ کیلویی,عدد,12,168415,135554,2020980,فروشگاه امید
1404/09/15,SKU00044,کره حیوانی ۱۰۰ گرمی,عدد,8,96942,78046,775536,تعاونی مصرف کارکنان
1404/09/15,SKU00045,مایع ظرفشویی ۳.۷۵ لیتری,عدد,17,180738,143769,3072546,سوپرمارکت آفتاب
1404/09/15,SKU00046,پودر لباسشویی ۵ کیلویی,عدد,5,386123,316292,1930615,هایپر نیک
1404/09/15,SKU00047,دستمال کاغذی ۳۰۰ برگ,بسته,23,69831,55865,1606113,سوپر مارکت البرز
1404/09/15,SKU00048,شامپو ۹۰۰ میلی‌لیتری,عدد,6,220172,176631,1321032,بوفه دانشگاه
1404/09/15,SKU00049,خمیر دندان ۱۰۰ گرمی,عدد,8,75582,59151,604656,فروشگاه یاس
1404/09/15,SKU00050,صابون بسته ۶ عددی,بسته,13,98585,78868,1281605,فروشگاه زنجیره‌ای مهر
1404/09/16,SKU00001,برنج ایرانی هاشمی ۱۰ کیلویی,کارتن,2,3700385,3124769,7400770,سوپرمارکت پارسیان
1404/09/16,SKU00027,برنج پاکستانی باسماتی ۱۰ کیلویی,کارتن,2,2179115,1726846,4358230,هایپر ستاره شهر
1404/09/16,SKU00028,روغن آفتابگردان ۱.۸ لیتری,عدد,10,152127,123346,1521270,تعاونی مصرف کارکنان
1404/09/16,SKU00029,روغن سرخ‌کردنی ۴.۵ لیتری,عدد,4,374150,312477,1496600,هایپر نیک
1404/09/16,SKU00030,شکر سفید ۹۰۰ گرمی,عدد,19,34537,28781,656203,فروشگاه سپیدار
1404/09/16,SKU00031,چای کیسه‌ای ۱۰۰ عددی,عدد,10,201465,160350,2014650,سوپر پروتئین سبز
1404/09/16,SKU00032,قهوه فوری ۲۰۰ گرمی,عدد,3,427600,345369,1282800,هایپر نیک
1404/09/16,SKU00033,نوشابه خانواده ۱.۵ لیتری,عدد,46,39471,31248,1815666,مینی‌مارکت نسیم
1404/09/16,SKU00034,آب معدنی ۱.۵ لیتری بسته ۶ عددی,بسته,11,78942,64140,868362,فروشگاه سپیدار
1404/09/16,SKU00035,ماکارونی ۷۰۰ گرمی,عدد,24,42760,34537,1026240,تعاونی مصرف کارکنان
1404/09/16,SKU00036,رب گوجه ۸۰۰ گرمی,عدد,13,88809,72363,1154517,فروشگاه گلستان
1404/09/16,SKU00037,تن ماهی ۱۸۰ گرمی,عدد,12,138148,111012,1657776,سوپر مارکت البرز
1404/09/16,SKU00038,لوبیا چیتی ۹۰۰ گرمی,عدد,7,116768,94565,817376,تعاونی مصرف کارکنان
1404/09/16,SKU00039,عدس ۹۰۰ گرمی,عدد,10,100322,80586,1003220,هایپر ستاره شهر
1404/09/16,SKU00040,نخود ۹۰۰ گرمی,عدد,6,106900,86342,641400,بقالی برادران احمدی
1404/09/16,SKU00041,پنیر سفید ۴۰۰ گرمی,عدد,28,90454,72363,2532712,فروشگاه زنجیره‌ای مهر
1404/09/16,SKU00042,شیر کم‌چرب ۱ لیتری,عدد,25,42760,34537,1069000,فروشگاه یاس
1404/09/16,SKU00043,ماست دبه ۲ کیلویی,عدد,10,168573,135681,1685730,سوپر پروتئین سبز
1404/09/16,SKU00044,کره حیوانی ۱۰۰ گرمی,عدد,16,97032,78119,1552512,سوپرمارکت پارسیان
1404/09/16,SKU00045,مایع ظرفشویی ۳.۷۵ لیتری,عدد,10,180908,143904,1809080,سوپرمارکت آفتاب
1404/09/16,SKU00046,پودر لباسشویی ۵ کیلویی,عدد,3,386485,316588,1159455,فروشگاه سپیدار
1404/09/16,SKU00047,دستمال کاغذی ۳۰۰ برگ,بسته,17,69896,55917,1188232,هایپر ستاره شهر
1404/09/16,SKU00048,شامپو ۹۰۰ میلی‌لیتری,عدد,4,220378,176796,881512,سوپرمارکت آفتاب
1404/09/16,SKU00049,خمیر دندان ۱۰۰ گرمی,عدد,13,75652,59206,983476,فروشگاه سپیدار
1404/09/16,SKU00050,صابون بسته ۶ عددی,بسته,13,98677,78942,1282801,سوپر مارکت البرز
1404/09/17,SKU00001,برنج ایرانی هاشمی ۱۰ کیلویی,کارتن,2,3703846,3127692,7407692,فروشگاه رفاه محلی
1404/09/17,SKU00027,برنج پاکستانی باسماتی ۱۰ کیلویی,کارتن,4,2181154,1728462,8724616,فروشگاه سپیدار
1404/09/17,SKU00028,روغن آفتابگردان ۱.۸ لیتری,عدد,24,152269,123462,3654456,فروشگاه گلستان
1404/09/17,SKU00029,روغن سرخ‌کردنی ۴.۵ لیتری,عدد,9,374500,312769,3370500,مینی‌مارکت نسیم
1404/09/17,SKU00030,شکر سفید ۹۰۰ گرمی,عدد,20,34569,28808,691380,بقالی برادران احمدی
1404/09/17,SKU00031,چای کیسه‌ای ۱۰۰ عددی,عدد,7,201654,160500,1411578,مینی‌مارکت نسیم
1404/09/17,SKU00032,قهوه فوری ۲۰۰ گرمی,عدد,5,428000,345692,2140000,سوپرمارکت پارسیان
1404/09/17,SKU00033,نوشابه خانواده ۱.۵ لیتری,عدد,28,39508,31277,1106224,فروشگاه سپیدار
1404/09/17,SKU00034,آب معدنی ۱.۵ لیتری بسته ۶ عددی,بسته,1,79015,64200,79015,فروشگاه رفاه محلی
1404/09/17,SKU00035,ماکارونی ۷۰۰ گرمی,عدد,37,42800,34569,1583600,فروشگاه امید
1404/09/17,SKU00036,رب گوجه ۸۰۰ گرمی,عدد,15,88892,72431,1333380,سوپر پروتئین سبز
1404/09/17,SKU00037,تن ماهی ۱۸۰ گرمی,عدد,9,138277,111115,1244493,مینی‌مارکت شبانه
1404/09/17,SKU00038,لوبیا چیتی ۹۰۰ گرمی,عدد,11,116877,94654,1285647,فروشگاه امید
1404/09/17,SKU00039,عدس ۹۰۰ گرمی,عدد,8,100415,80662,803320,فروشگاه گلستان
1404/09/17,SKU00040,نخود ۹۰۰ گرمی,عدد,7,107000,86423,749000,سوپرمارکت پارسیان
1404/09/17,SKU00041,پنیر سفید ۴۰۰ گرمی,عدد,26,90538,72431,2353988,مینی‌مارکت نسیم
1404/09/17,SKU00042,شیر کم‌چرب ۱ لیتری,عدد,41,42800,34569,1754800,کافه رستوران ونک
1404/09/17,SKU00043,ماست دبه ۲ کیلویی,عدد,11,168731,135808,1856041,هایپر نیک
1404/09/17,SKU00044,کره حیوانی ۱۰۰ گرمی,عدد,6,97123,78192,582738,هایپر ستاره شهر
1404/09/17,SKU00045,مایع ظرفشویی ۳.۷۵ لیتری,عدد,11,181077,144038,1991847,فروشگاه سپیدار
1404/09/17,SKU00046,پودر لباسشویی ۵ کیلویی,عدد,5,386846,316885,1934230,هایپر ستاره شهر
1404/09/17,SKU00047,دستمال کاغذی ۳۰۰ برگ,بسته,20,69962,55969,1399240,فروشگاه زنجیره‌ای مهر
1404/09/17,SKU00048,شامپو ۹۰۰ میلی‌لیتری,عدد,8,220585,176962,1764680,هایپر نیک
1404/09/17,SKU00049,خمیر دندان ۱۰۰ گرمی,عدد,15,75723,59262,1135845,سوپرمارکت پارسیان
1404/09/17,SKU00050,صابون بسته ۶ عددی,بسته,6,98769,79015,592614,مینی‌مارکت نسیم
1404/09/18,SKU00001,برنج ایرانی هاشمی ۱۰ کیلویی,کارتن,4,3707308,3130615,14829232,هایپر ستاره شهر
1404/09/18,SKU00027,برنج پاکستانی باسماتی ۱۰ کیلویی,کارتن,5,2183192,1730077,10915960,فروشگاه یاس
1404/09/18,SKU00028,روغن آفتابگردان ۱.۸ لیتری,عدد,23,152412,123577,3505476,هایپر نیک
1404/09/18,SKU00029,روغن سرخ‌کردنی ۴.۵ لیتری,عدد,7,374850,313062,2623950,کافه رستوران ونک
1404/09/18,SKU00030,شکر سفید ۹۰۰ گرمی,عدد,18,34602,28835,622836,بقالی برادران احمدی
1404/09/18,SKU00031,چای کیسه‌ای ۱۰۰ عددی,عدد,13,201842,160650,2623946,فروشگاه گلستان
1404/09/18,SKU00032,قهوه فوری ۲۰۰ گرمی,عدد,5,428400,346015,2142000,مینی‌مارکت نسیم
1404/09/18,SKU00033,نوشابه خانواده ۱.۵ لیتری,عدد,32,39545,31306,1265440,هایپر نیک
1404/09/18,SKU00034,آب معدنی ۱.۵ لیتری بسته ۶ عددی,بسته,19,79089,64260,1502691,سوپرمارکت پارسیان
1404/09/18,SKU00035,ماکارونی ۷۰۰ گرمی,عدد,19,42840,34602,813960,مینی‌مارکت شبانه
1404/09/18,SKU00036,رب گوجه ۸۰۰ گرمی,عدد,12,88975,72498,1067700,بوفه دانشگاه
1404/09/18,SKU00037,تن ماهی ۱۸۰ گرمی,عدد,9,138406,111219,1245654,بقالی برادران احمدی
1404/09/18,SKU00038,لوبیا چیتی ۹۰۰ گرمی,عدد,15,116986,94742,1754790,سوپرمارکت پارسیان
1404/09/18,SKU00039,عدس ۹۰۰ گرمی,عدد,2,100509,80737,201018,فروشگاه زنجیره‌ای مهر
1404/09/18,SKU00040,نخود ۹۰۰ گرمی,عدد,6,107100,86504,642600,سوپرمارکت آفتاب
1404/09/18,SKU00041,پنیر سفید ۴۰۰ گرمی,عدد,34,90623,72498,3081182,فروشگاه گلستان
1404/09/18,SKU00042,شیر کم‌چرب ۱ لیتری,عدد,28,42840,34602,1199520,مینی‌مارکت شبانه
1404/09/18,SKU00043,ماست دبه ۲ کیلویی,عدد,8,168888,135935,1351104,مینی‌مارکت نسیم
1404/09/18,SKU00044,کره حیوانی ۱۰۰ گرمی,عدد,7,97214,78265,680498,فروشگاه رفاه محلی
1404/09/18,SKU00045,مایع ظرفشویی ۳.۷۵ لیتری,عدد,11,181246,144173,1993706,سوپرمارکت پارسیان
1404/09/18,SKU00046,پودر لباسشویی ۵ کیلویی,عدد,4,387208,317181,1548832,کافه رستوران ونک
1404/09/18,SKU00047,دستمال کاغذی ۳۰۰ برگ,بسته,13,70027,56022,910351,هایپر نیک
1404/09/18,SKU00048,شامپو ۹۰۰ میلی‌لیتری,عدد,6,220791,177127,1324746,کافه رستوران ونک
1404/09/18,SKU00049,خمیر دندان ۱۰۰ گرمی,عدد,16,75794,59317,1212704,فروشگاه زنجیره‌ای مهر
1404/09/18,SKU00050,صابون بسته ۶ عددی,بسته,12,98862,79089,1186344,فروشگاه گلستان
1404/09/19,SKU00001,برنج ایرانی هاشمی ۱۰ کیلویی,کارتن,4,3710769,3133538,14843076,فروشگاه سپیدار
1404/09/19,SKU00027,برنج پاکستانی باسماتی ۱۰ کیلویی,کارتن,5,2185231,1731692,10926155,فروشگاه رفاه محلی
1404/09/19,SKU00028,روغن آفتابگردان ۱.۸ لیتری,عدد,24,152554,123692,3661296,تعاونی مصرف کارکنان
1404/09/19,SKU00029,روغن سرخ‌کردنی ۴.۵ لیتری,عدد,3,375200,313354,1125600,فروشگاه سپیدار
1404/09/19,SKU00030,شکر سفید ۹۰۰ گرمی,عدد,23,34634,28862,796582,سوپرمارکت آفتاب
1404/09/19,SKU00031,چای کیسه‌ای ۱۰۰ عددی,عدد,12,202031,160800,2424372,سوپرمارکت آفتاب
1404/09/19,SKU00032,قهوه فوری ۲۰۰ گرمی,عدد,7,428800,346338,3001600,فروشگاه یاس
1404/09/19,SKU00033,نوشابه خانواده ۱.۵ لیتری,عدد,25,39582,31335,989550,بقالی برادران احمدی
1404/09/19,SKU00034,آب معدنی ۱.۵ لیتری بسته ۶ عددی,بسته,8,79163,64320,633304,فروشگاه یاس
1404/09/19,SKU00035,ماکارونی ۷۰۰ گرمی,عدد,44,42880,34634,1886720,مینی‌مارکت شبانه
1404/09/19,SKU00036,رب گوجه ۸۰۰ گرمی,عدد,21,89058,72566,1870218,فروشگاه گلستان
1404/09/19,SKU00037,تن ماهی ۱۸۰ گرمی,عدد,6,138535,111323,831210,تعاونی مصرف کارکنان
1404/09/19,SKU00038,لوبیا چیتی ۹۰۰ گرمی,عدد,5,117095,94831,585475,سوپرمارکت پارسیان
1404/09/19,SKU00039,عدس ۹۰۰ گرمی,عدد,8,100603,80812,804824,فروشگاه یاس
1404/09/19,SKU00040,نخود ۹۰۰ گرمی,عدد,10,107200,86585,1072000,سوپر پروتئین سبز
1404/09/19,SKU00041,پنیر سفید ۴۰۰ گرمی,عدد,34,90708,72566,3084072,تعاونی مصرف کارکنان
1404/09/19,SKU00042,شیر کم‌چرب ۱ لیتری,عدد,36,42880,34634,1543680,سوپر پروتئین سبز
1404/09/19,SKU00043,ماست دبه ۲ کیلویی,عدد,7,169046,136062,1183322,فروشگاه گلستان
1404/09/19,SKU00044,کره حیوانی ۱۰۰ گرمی,عدد,14,97305,78338,1362270,کافه رستوران ونک
1404/09/19,SKU00045,مایع ظرفشویی ۳.۷۵ لیتری,عدد,9,181415,144308,1632735,سوپر مارکت البرز
1404/09/19,SKU00046,پودر لباسشویی ۵ کیلویی,عدد,5,387569,317477,1937845,فروشگاه یاس
1404/09/19,SKU00047,دستمال کاغذی ۳۰۰ برگ,بسته,12,70092,56074,841104,مینی‌مارکت نسیم
1404/09/19,SKU00048,شامپو ۹۰۰ میلی‌لیتری,عدد,6,220997,177292,1325982,فروشگاه گلستان
1404/09/19,SKU00049,خمیر دندان ۱۰۰ گرمی,عدد,16,75865,59372,1213840,مینی‌مارکت شبانه
1404/09/19,SKU00050,صابون بسته ۶ عددی,بسته,6,98954,79163,593724,فروشگاه امید
1404/09/20,SKU00001,برنج ایرانی هاشمی ۱۰ کیلویی,کارتن,4,3714231,3136462,14856924,تعاونی مصرف کارکنان
1404/09/20,SKU00027,برنج پاکستانی باسماتی ۱۰ کیلویی,کارتن,6,2187269,1733308,13123614,مینی‌مارکت نسیم
1404/09/20,SKU00028,روغن آفتابگردان ۱.۸ لیتری,عدد,28,152696,123808,4275488,بوفه دانشگاه
1404/09/20,SKU00029,روغن سرخ‌کردنی ۴.۵ لیتری,عدد,9,375550,313646,3379950,فروشگاه زنجیره‌ای مهر
1404/09/20,SKU00030,شکر سفید ۹۰۰ گرمی,عدد,56,34666,28888,1941296,بوفه دانشگاه
1404/09/20,SKU00031,چای کیسه‌ای ۱۰۰ عددی,عدد,11,202219,160950,2224409,سوپر پروتئین سبز
1404/09/20,SKU00032,قهوه فوری ۲۰۰ گرمی,عدد,11,429200,346662,4721200,بوفه دانشگاه
1404/09/20,SKU00033,نوشابه خانواده ۱.۵ لیتری,عدد,59,39618,31365,2337462,فروشگاه امید
1404/09/20,SKU00034,آب معدنی ۱.۵ لیتری بسته ۶ عددی,بسته,22,79237,64380,1743214,بوفه دانشگاه
1404/09/20,SKU00035,ماکارونی ۷۰۰ گرمی,عدد,48,42920,34666,2060160,فروشگاه امید
1404/09/20,SKU00036,رب گوجه ۸۰۰ گرمی,عدد,22,89142,72634,1961124,فروشگاه سپیدار
1404/09/20,SKU00037,تن ماهی ۱۸۰ گرمی,عدد,32,138665,111427,4437280,کافه رستوران ونک
1404/09/20,SKU00038,لوبیا چیتی ۹۰۰ گرمی,عدد,2,117205,94919,234410,بقالی برادران احمدی
1404/09/20,SKU00039,عدس ۹۰۰ گرمی,عدد,8,100697,80888,805576,فروشگاه امید
1404/09/20,SKU00040,نخود ۹۰۰ گرمی,عدد,3,107300,86665,321900,فروشگاه سپیدار
1404/09/20,SKU00041,پنیر سفید ۴۰۰ گرمی,عدد,43,90792,72634,3904056,فروشگاه سپیدار
1404/09/20,SKU00042,شیر کم‌چرب ۱ لیتری,عدد,50,42920,34666,2146000,هایپر نیک
1404/09/20,SKU00043,ماست دبه ۲ کیلویی,عدد,17,169204,136188,2876468,فروشگاه گلستان
1404/09/20,SKU00044,کره حیوانی ۱۰۰ گرمی,عدد,17,97395,78412,1655715,سوپرمارکت آفتاب
1404/09/20,SKU00045,مایع ظرفشویی ۳.۷۵ لیتری,عدد,13,181585,144442,2360605,سوپر مارکت البرز
1404/09/20,SKU00046,پودر لباسشویی ۵ کیلویی,عدد,5,387931,317773,1939655,هایپر ستاره شهر
1404/09/20,SKU00047,دستمال کاغذی ۳۰۰ برگ,بسته,36,70158,56126,2525688,فروشگاه یاس
1404/09/20,SKU00048,شامپو ۹۰۰ میلی‌لیتری,عدد,11,221203,177458,2433233,فروشگاه امید
1404/09/20,SKU00049,خمیر دندان ۱۰۰ گرمی,عدد,18,75935,59428,1366830,سوپرمارکت پارسیان
1404/09/20,SKU00050,صابون بسته ۶ عددی,بسته,18,99046,79237,1782828,مینی‌مارکت نسیم
1404/09/21,SKU00001,برنج ایرانی هاشمی ۱۰ کیلویی,کارتن,2,3717692,3139385,7435384,فروشگاه یاس
1404/09/21,SKU00027,برنج پاکستانی باسماتی ۱۰ کیلویی,کارتن,3,2189308,1734923,6567924,فروشگاه گلستان
1404/09/21,SKU00028,روغن آفتابگردان ۱.۸ لیتری,عدد,3,152838,123923,458514,سوپرمارکت پارسیان
1404/09/21,SKU00029,روغن سرخ‌کردنی ۴.۵ لیتری,عدد,3,375900,313938,1127700,سوپرمارکت پارسیان
1404/09/21,SKU00030,شکر سفید ۹۰۰ گرمی,عدد,11,34698,28915,381678,بوفه دانشگاه
1404/09/21,SKU00031,چای کیسه‌ای ۱۰۰ عددی,عدد,4,202408,161100,809632,سوپرمارکت پارسیان
1404/09/21,SKU00032,قهوه فوری ۲۰۰ گرمی,عدد,1,429600,346985,429600,هایپر نیک
1404/09/21,SKU00033,نوشابه خانواده ۱.۵ لیتری,عدد,29,39655,31394,1149995,سوپرمارکت پارسیان
1404/09/21,SKU00034,آب معدنی ۱.۵ لیتری بسته ۶ عددی,بسته,9,79311,64440,713799,سوپرمارکت آفتاب
1404/09/21,SKU00035,ماکارونی ۷۰۰ گرمی,عدد,16,42960,34698,687360,فروشگاه گلستان
1404/09/21,SKU00036,رب گوجه ۸۰۰ گرمی,عدد,4,89225,72702,356900,مینی‌مارکت نسیم
1404/09/21,SKU00037,تن ماهی ۱۸۰ گرمی,عدد,4,138794,111531,555176,فروشگاه گلستان
1404/09/21,SKU00038,لوبیا چیتی ۹۰۰ گرمی,عدد,5,117314,95008,586570,فروشگاه سپیدار
1404/09/21,SKU00039,عدس ۹۰۰ گرمی,عدد,5,100791,80963,503955,هایپر نیک
1404/09/21,SKU00040,نخود ۹۰۰ گرمی,عدد,2,107400,86746,214800,فروشگاه زنجیره‌ای مهر
1404/09/21,SKU00041,پنیر سفید ۴۰۰ گرمی,عدد,20,90877,72702,1817540,هایپر نیک
1404/09/21,SKU00042,شیر کم‌چرب ۱ لیتری,عدد,18,42960,34698,773280,فروشگاه گلستان
1404/09/21,SKU00043,ماست دبه ۲ کیلویی,عدد,11,169362,136315,1862982,فروشگاه زنجیره‌ای مهر
1404/09/21,SKU00044,کره حیوانی ۱۰۰ گرمی,عدد,3,97486,78485,292458,هایپر نیک
1404/09/21,SKU00045,مایع ظرفشویی ۳.۷۵ لیتری,عدد,6,181754,144577,1090524,سوپرمارکت پارسیان
1404/09/21,SKU00046,پودر لباسشویی ۵ کیلویی,عدد,3,388292,318069,1164876,فروشگاه رفاه محلی
1404/09/21,SKU00047,دستمال کاغذی ۳۰۰ برگ,بسته,3,70223,56178,210669,مینی‌مارکت شبانه
1404/09/21,SKU00048,شامپو ۹۰۰ میلی‌لیتری,عدد,2,221409,177623,442818,سوپر مارکت البرز
1404/09/21,SKU00049,خمیر دندان ۱۰۰ گرمی,عدد,9,76006,59483,684054,سوپرمارکت پارسیان
1404/09/21,SKU00050,صابون بسته ۶ عددی,بسته,4,99138,79311,396552,سوپر پروتئین سبز
1404/09/22,SKU00001,برنج ایرانی هاشمی ۱۰ کیلویی,کارتن,3,3721154,3142308,11163462,سوپرمارکت پارسیان
1404/09/22,SKU00027,برنج پاکستانی باسماتی ۱۰ کیلویی,کارتن,3,2191346,1736538,6574038,مینی‌مارکت نسیم
1404/09/22,SKU00028,روغن آفتابگردان ۱.۸ لیتری,عدد,21,152981,124038,3212601,فروشگاه رفاه محلی
1404/09/22,SKU00029,روغن سرخ‌کردنی ۴.۵ لیتری,عدد,5,376250,314231,1881250,کافه رستوران ونک
1404/09/22,SKU00030,شکر سفید ۹۰۰ گرمی,عدد,22,34731,28942,764082,تعاونی مصرف کارکنان
1404/09/22,SKU00031,چای کیسه‌ای ۱۰۰ عددی,عدد,10,202596,161250,2025960,فروشگاه گلستان
1404/09/22,SKU00032,قهوه فوری ۲۰۰ گرمی,عدد,3,430000,347308,1290000,مینی‌مارکت شبانه
1404/09/22,SKU00033,نوشابه خانواده ۱.۵ لیتری,عدد,49,39692,31423,1944908,سوپرمارکت پارسیان
1404/09/22,SKU00034,آب معدنی ۱.۵ لیتری بسته ۶ عددی,بسته,24,79385,64500,1905240,فروشگاه امید
1404/09/22,SKU00035,ماکارونی ۷۰۰ گرمی,عدد,28,43000,34731,1204000,فروشگاه یاس
1404/09/22,SKU00036,رب گوجه ۸۰۰ گرمی,عدد,6,89308,72769,535848,فروشگاه یاس
1404/09/22,SKU00037,تن ماهی ۱۸۰ گرمی,عدد,7,138923,111635,972461,هایپر نیک
1404/09/22,SKU00038,لوبیا چیتی ۹۰۰ گرمی,عدد,6,117423,95096,704538,فروشگاه گلستان
1404/09/22,SKU00039,عدس ۹۰۰ گرمی,عدد,5,100885,81038,504425,فروشگاه امید
1404/09/22,SKU00040,نخود ۹۰۰ گرمی,عدد,6,107500,86827,645000,هایپر ستاره شهر
1404/09/22,SKU00041,پنیر سفید ۴۰۰ گرمی,عدد,24,90962,72769,2183088,مینی‌مارکت شبانه
1404/09/22,SKU00042,شیر کم‌چرب ۱ لیتری,عدد,43,43000,34731,1849000,هایپر نیک
1404/09/22,SKU00043,ماست دبه ۲ کیلویی,عدد,10,169519,136442,1695190,سوپر مارکت البرز
1404/09/22,SKU00044,کره حیوانی ۱۰۰ گرمی,عدد,9,97577,78558,878193,فروشگاه یاس
1404/09/22,SKU00045,مایع ظرفشویی ۳.۷۵ لیتری,عدد,14,181923,144712,2546922,مینی‌مارکت نسیم
1404/09/22,SKU00046,پودر لباسشویی ۵ کیلویی,عدد,5,388654,318365,1943270,فروشگاه گلستان
1404/09/22,SKU00047,دستمال کاغذی ۳۰۰ برگ,بسته,18,70288,56231,1265184,سوپر پروتئین سبز
1404/09/22,SKU00048,شامپو ۹۰۰ میلی‌لیتری,عدد,6,221615,177788,1329690,هایپر ستاره شهر
1404/09/22,SKU00049,خمیر دندان ۱۰۰ گرمی,عدد,9,76077,59538,684693,سوپر مارکت البرز
1404/09/22,SKU00050,صابون بسته ۶ عددی,بسته,7,99231,79385,694617,مینی‌مارکت شبانه
1404/09/23,SKU00001,برنج ایرانی هاشمی ۱۰ کیلویی,کارتن,3,3724615,3145231,11173845,سوپر پروتئین سبز
1404/09/23,SKU00027,برنج پاکستانی باسماتی ۱۰ کیلویی,کارتن,4,2193385,1738154,8773540,بوفه دانشگاه
1404/09/23,SKU00028,روغن آفتابگردان ۱.۸ لیتری,عدد,11,153123,124154,1684353,مینی‌مارکت شبانه
1404/09/23,SKU00029,روغن سرخ‌کردنی ۴.۵ لیتری,عدد,5,376600,314523,1883000,کافه رستوران ونک
1404/09/23,SKU00030,شکر سفید ۹۰۰ گرمی,عدد,30,34763,28969,1042890,مینی‌مارکت شبانه
1404/09/23,SKU00031,چای کیسه‌ای ۱۰۰ عددی,عدد,6,202785,161400,1216710,سوپرمارکت پارسیان
1404/09/23,SKU00032,قهوه فوری ۲۰۰ گرمی,عدد,2,430400,347631,860800,فروشگاه گلستان
1404/09/23,SKU00033,نوشابه خانواده ۱.۵ لیتری,عدد,59,39729,31452,2344011,بقالی برادران احمدی
1404/09/23,SKU00034,آب معدنی ۱.۵ لیتری بسته ۶ عددی,بسته,22,79458,64560,1748076,سوپرمارکت پارسیان
1404/09/23,SKU00035,ماکارونی ۷۰۰ گرمی,عدد,38,43040,34763,1635520,سوپر پروتئین سبز
1404/09/23,SKU00036,رب گوجه ۸۰۰ گرمی,عدد,17,89391,72837,1519647,سوپر مارکت البرز
1404/09/23,SKU00037,تن ماهی ۱۸۰ گرمی,عدد,18,139052,111738,2502936,هایپر نیک
1404/09/23,SKU00038,لوبیا چیتی ۹۰۰ گرمی,عدد,6,117532,95185,705192,سوپرمارکت آفتاب
1404/09/23,SKU00039,عدس ۹۰۰ گرمی,عدد,10,100978,81114,1009780,بوفه دانشگاه
1404/09/23,SKU00040,نخود ۹۰۰ گرمی,عدد,6,107600,86908,645600,فروشگاه سپیدار
1404/09/23,SKU00041,پنیر سفید ۴۰۰ گرمی,عدد,29,91046,72837,2640334,فروشگاه امید
1404/09/23,SKU00042,شیر کم‌چرب ۱ لیتری,عدد,36,43040,34763,1549440,سوپرمارکت آفتاب
1404/09/23,SKU00043,ماست دبه ۲ کیلویی,عدد,16,169677,136569,2714832,هایپر ستاره شهر
1404/09/23,SKU00044,کره حیوانی ۱۰۰ گرمی,عدد,7,97668,78631,683676,سوپرمارکت آفتاب
1404/09/23,SKU00045,مایع ظرفشویی ۳.۷۵ لیتری,عدد,9,182092,144846,1638828,بوفه دانشگاه
1404/09/23,SKU00046,پودر لباسشویی ۵ کیلویی,عدد,5,389015,318662,1945075,مینی‌مارکت نسیم
1404/09/23,SKU00047,دستمال کاغذی ۳۰۰ برگ,بسته,17,70354,56283,1196018,فروشگاه زنجیره‌ای مهر
1404/09/23,SKU00048,شامپو ۹۰۰ میلی‌لیتری,عدد,9,221822,177954,1996398,فروشگاه سپیدار
1404/09/23,SKU00049,خمیر دندان ۱۰۰ گرمی,عدد,7,76148,59594,533036,سوپر مارکت البرز
1404/09/23,SKU00050,صابون بسته ۶ عددی,بسته,11,99323,79458,1092553,فروشگاه سپیدار
1404/09/24,SKU00001,برنج ایرانی هاشمی ۱۰ کیلویی,کارتن,3,3728077,3148154,11184231,مینی‌مارکت نسیم
1404/09/24,SKU00027,برنج پاکستانی باسماتی ۱۰ کیلویی,کارتن,5,2195423,1739769,10977115,فروشگاه سپیدار
1404/09/24,SKU00028,روغن آفتابگردان ۱.۸ لیتری,عدد,28,153265,124269,4291420,فروشگاه یاس
1404/09/24,SKU00029,روغن سرخ‌کردنی ۴.۵ لیتری,عدد,2,376950,314815,753900,فروشگاه گلستان
1404/09/24,SKU00030,شکر سفید ۹۰۰ گرمی,عدد,27,34795,28996,939465,بوفه دانشگاه
1404/09/24,SKU00031,چای کیسه‌ای ۱۰۰ عددی,عدد,7,202973,161550,1420811,سوپرمارکت آفتاب
1404/09/24,SKU00032,قهوه فوری ۲۰۰ گرمی,عدد,6,430800,347954,2584800,تعاونی مصرف کارکنان
1404/09/24,SKU00033,نوشابه خانواده ۱.۵ لیتری,عدد,33,39766,31482,1312278,تعاونی مصرف کارکنان
1404/09/24,SKU00034,آب معدنی ۱.۵ لیتری بسته ۶ عددی,بسته,12,79532,64620,954384,سوپر مارکت البرز
1404/09/24,SKU00035,ماکارونی ۷۰۰ گرمی,عدد,10,43080,34795,430800,مینی‌مارکت شبانه
1404/09/24,SKU00036,رب گوجه ۸۰۰ گرمی,عدد,11,89474,72905,984214,تعاونی مصرف کارکنان
1404/09/24,SKU00037,تن ماهی ۱۸۰ گرمی,عدد,14,139182,111842,1948548,سوپر مارکت البرز
1404/09/24,SKU00038,لوبیا چیتی ۹۰۰ گرمی,عدد,14,117642,95273,1646988,بوفه دانشگاه
1404/09/24,SKU00039,عدس ۹۰۰ گرمی,عدد,8,101072,81189,808576,تعاونی مصرف کارکنان
1404/09/24,SKU00040,نخود ۹۰۰ گرمی,عدد,8,107700,86988,861600,بقالی برادران احمدی
1404/09/24,SKU00041,پنیر سفید ۴۰۰ گرمی,عدد,17,91131,72905,1549227,هایپر نیک
1404/09/24,SKU00042,شیر کم‌چرب ۱ لیتری,عدد,40,43080,34795,1723200,فروشگاه امید
1404/09/24,SKU00043,ماست دبه ۲ کیلویی,عدد,7,169835,136696,1188845,فروشگاه سپیدار
1404/09/24,SKU00044,کره حیوانی ۱۰۰ گرمی,عدد,8,97758,78704,782064,مینی‌مارکت شبانه
1404/09/24,SKU00045,مایع ظرفشویی ۳.۷۵ لیتری,عدد,12,182262,144981,2187144,سوپرمارکت پارسیان
1404/09/24,SKU00046,پودر لباسشویی ۵ کیلویی,عدد,3,389377,318958,1168131,سوپرمارکت پارسیان
1404/09/24,SKU00047,دستمال کاغذی ۳۰۰ برگ,بسته,20,70419,56335,1408380,تعاونی مصرف کارکنان
1404/09/24,SKU00048,شامپو ۹۰۰ میلی‌لیتری,عدد,6,222028,178119,1332168,سوپر مارکت البرز
1404/09/24,SKU00049,خمیر دندان ۱۰۰ گرمی,عدد,11,76218,59649,838398,تعاونی مصرف کارکنان
1404/09/24,SKU00050,صابون بسته ۶ عددی,بسته,10,99415,79532,994150,بوفه دانشگاه
1404/09/25,SKU00001,برنج ایرانی هاشمی ۱۰ کیلویی,کارتن,2,3731538,3151077,7463076,هایپر ستاره شهر
1404/09/25,SKU00027,برنج پاکستانی باسماتی ۱۰ کیلویی,کارتن,5,2197462,1741385,10987310,مینی‌مارکت نسیم
1404/09/25,SKU00028,روغن آفتابگردان ۱.۸ لیتری,عدد,18,153408,124385,2761344,هایپر نیک
1404/09/25,SKU00029,روغن سرخ‌کردنی ۴.۵ لیتری,عدد,7,377300,315108,2641100,فروشگاه یاس
1404/09/25,SKU00030,شکر سفید ۹۰۰ گرمی,عدد,19,34828,29023,661732,فروشگاه زنجیره‌ای مهر
1404/09/25,SKU00031,چای کیسه‌ای ۱۰۰ عددی,عدد,12,203162,161700,2437944,سوپر مارکت البرز
1404/09/25,SKU00032,قهوه فوری ۲۰۰ گرمی,عدد,3,431200,348277,1293600,فروشگاه یاس
1404/09/25,SKU00033,نوشابه خانواده ۱.۵ لیتری,عدد,65,39803,31511,2587195,فروشگاه رفاه محلی
1404/09/25,SKU00034,آب معدنی ۱.۵ لیتری بسته ۶ عددی,بسته,28,79606,64680,2228968,بوفه دانشگاه
1404/09/25,SKU00035,ماکارونی ۷۰۰ گرمی,عدد,34,43120,34828,1466080,بوفه دانشگاه
1404/09/25,SKU00036,رب گوجه ۸۰۰ گرمی,عدد,8,89557,72972,716456,فروشگاه زنجیره‌ای مهر
1404/09/25,SKU00037,تن ماهی ۱۸۰ گرمی,عدد,14,139311,111946,1950354,فروشگاه یاس
1404/09/25,SKU00038,لوبیا چیتی ۹۰۰ گرمی,عدد,3,117751,95362,353253,فروشگاه رفاه محلی
1404/09/25,SKU00039,عدس ۹۰۰ گرمی,عدد,9,101166,81265,910494,هایپر ستاره شهر
1404/09/25,SKU00040,نخود ۹۰۰ گرمی,عدد,7,107800,87069,754600,بوفه دانشگاه
1404/09/25,SKU00041,پنیر سفید ۴۰۰ گرمی,عدد,23,91215,72972,2097945,فروشگاه گلستان
1404/09/25,SKU00042,شیر کم‌چرب ۱ لیتری,عدد,39,43120,34828,1681680,فروشگاه گلستان
1404/09/25,SKU00043,ماست دبه ۲ کیلویی,عدد,8,169992,136823,1359936,کافه رستوران ونک
1404/09/25,SKU00044,کره حیوانی ۱۰۰ گرمی,عدد,10,97849,78777,978490,سوپرمارکت آفتاب
1404/09/25,SKU00045,مایع ظرفشویی ۳.۷۵ لیتری,عدد,11,182431,145115,2006741,هایپر نیک
1404/09/25,SKU00046,پودر لباسشویی ۵ کیلویی,عدد,5,389738,319254,1948690,بقالی برادران احمدی
1404/09/25,SKU00047,دستمال کاغذی ۳۰۰ برگ,بسته,14,70485,56388,986790,هایپر نیک
1404/09/25,SKU00048,شامپو ۹۰۰ میلی‌لیتری,عدد,6,222234,178285,1333404,هایپر ستاره شهر
1404/09/25,SKU00049,خمیر دندان ۱۰۰ گرمی,عدد,6,76289,59705,457734,سوپر مارکت البرز
1404/09/25,SKU00050,صابون بسته ۶ عددی,بسته,11,99508,79606,1094588,فروشگاه امید
1404/09/26,SKU00001,برنج ایرانی هاشمی ۱۰ کیلویی,کارتن,3,3735000,3154000,11205000,مینی‌مارکت نسیم
1404/09/26,SKU00027,برنج پاکستانی باسماتی ۱۰ کیلویی,کارتن,6,2199500,1743000,13197000,هایپر نیک
1404/09/26,SKU00028,روغن آفتابگردان ۱.۸ لیتری,عدد,48,153550,124500,7370400,سوپر پروتئین سبز
1404/09/26,SKU00029,روغن سرخ‌کردنی ۴.۵ لیتری,عدد,10,377650,315400,3776500,فروشگاه رفاه محلی
1404/09/26,SKU00030,شکر سفید ۹۰۰ گرمی,عدد,27,34860,29050,941220,سوپر پروتئین سبز
1404/09/26,SKU00031,چای کیسه‌ای ۱۰۰ عددی,عدد,8,203350,161850,1626800,فروشگاه امید
1404/09/26,SKU00032,قهوه فوری ۲۰۰ گرمی,عدد,6,431600,348600,2589600,فروشگاه امید
1404/09/26,SKU00033,نوشابه خانواده ۱.۵ لیتری,عدد,41,39840,31540,1633440,فروشگاه زنجیره‌ای مهر
1404/09/26,SKU00034,آب معدنی ۱.۵ لیتری بسته ۶ عددی,بسته,25,79680,64740,1992000,کافه رستوران ونک
1404/09/26,SKU00035,ماکارونی ۷۰۰ گرمی,عدد,39,43160,34860,1683240,سوپر پروتئین سبز
1404/09/26,SKU00036,رب گوجه ۸۰۰ گرمی,عدد,13,89640,73040,1165320,هایپر ستاره شهر
1404/09/26,SKU00037,تن ماهی ۱۸۰ گرمی,عدد,16,139440,112050,2231040,سوپرمارکت آفتاب
1404/09/26,SKU00038,لوبیا چیتی ۹۰۰ گرمی,عدد,5,117860,95450,589300,هایپر ستاره شهر
1404/09/26,SKU00039,عدس ۹۰۰ گرمی,عدد,8,101260,81340,810080,فروشگاه یاس
1404/09/26,SKU00040,نخود ۹۰۰ گرمی,عدد,7,107900,87150,755300,فروشگاه زنجیره‌ای مهر
1404/09/26,SKU00041,پنیر سفید ۴۰۰ گرمی,عدد,25,91300,73040,2282500,هایپر ستاره شهر
1404/09/26,SKU00042,شیر کم‌چرب ۱ لیتری,عدد,27,43160,34860,1165320,فروشگاه یاس
1404/09/26,SKU00043,ماست دبه ۲ کیلویی,عدد,6,170150,136950,1020900,سوپرمارکت آفتاب
1404/09/26,SKU00044,کره حیوانی ۱۰۰ گرمی,عدد,18,97940,78850,1762920,سوپر پروتئین سبز
1404/09/26,SKU00045,مایع ظرفشویی ۳.۷۵ لیتری,عدد,13,182600,145250,2373800,فروشگاه گلستان
1404/09/26,SKU00046,پودر لباسشویی ۵ کیلویی,عدد,9,390100,319550,3510900,تعاونی مصرف کارکنان
1404/09/26,SKU00047,دستمال کاغذی ۳۰۰ برگ,بسته,14,70550,56440,987700,فروشگاه امید
1404/09/26,SKU00048,شامپو ۹۰۰ میلی‌لیتری,عدد,6,222440,178450,1334640,تعاونی مصرف کارکنان
1404/09/26,SKU00049,خمیر دندان ۱۰۰ گرمی,عدد,21,76360,59760,1603560,تعاونی مصرف کارکنان
1404/09/26,SKU00050,صابون بسته ۶ عددی,بسته,9,99600,79680,896400,فروشگاه رفاه محلی
1404/09/27,SKU00001,برنج ایرانی هاشمی ۱۰ کیلویی,کارتن,5,3738462,3156923,18692310,سوپرمارکت پارسیان
1404/09/27,SKU00027,برنج پاکستانی باسماتی ۱۰ کیلویی,کارتن,9,2201538,1744615,19813842,فروشگاه سپیدار
1404/09/27,SKU00028,روغن آفتابگردان ۱.۸ لیتری,عدد,21,153692,124615,3227532,هایپر نیک
1404/09/27,SKU00029,روغن سرخ‌کردنی ۴.۵ لیتری,عدد,10,378000,315692,3780000,سوپر پروتئین سبز
1404/09/27,SKU00030,شکر سفید ۹۰۰ گرمی,عدد,24,34892,29077,837408,مینی‌مارکت نسیم
1404/09/27,SKU00031,چای کیسه‌ای ۱۰۰ عددی,عدد,12,203538,162000,2442456,فروشگاه زنجیره‌ای مهر
1404/09/27,SKU00032,قهوه فوری ۲۰۰ گرمی,عدد,10,432000,348923,4320000,فروشگاه زنجیره‌ای مهر
1404/09/27,SKU00033,نوشابه خانواده ۱.۵ لیتری,عدد,46,39877,31569,1834342,سوپر پروتئین سبز
1404/09/27,SKU00034,آب معدنی ۱.۵ لیتری بسته ۶ عددی,بسته,28,79754,64800,2233112,فروشگاه یاس
1404/09/27,SKU00035,ماکارونی ۷۰۰ گرمی,عدد,32,43200,34892,1382400,سوپرمارکت پارسیان
1404/09/27,SKU00036,رب گوجه ۸۰۰ گرمی,عدد,19,89723,73108,1704737,مینی‌مارکت نسیم
1404/09/27,SKU00037,تن ماهی ۱۸۰ گرمی,عدد,17,139569,112154,2372673,هایپر ستاره شهر
1404/09/27,SKU00038,لوبیا چیتی ۹۰۰ گرمی,عدد,13,117969,95538,1533597,کافه رستوران ونک
1404/09/27,SKU00039,عدس ۹۰۰ گرمی,عدد,12,101354,81415,1216248,هایپر ستاره شهر
1404/09/27,SKU00040,نخود ۹۰۰ گرمی,عدد,10,108000,87231,1080000,سوپر پروتئین سبز
1404/09/27,SKU00041,پنیر سفید ۴۰۰ گرمی,عدد,52,91385,73108,4752020,مینی‌مارکت شبانه
1404/09/27,SKU00042,شیر کم‌چرب ۱ لیتری,عدد,68,43200,34892,2937600,هایپر نیک
1404/09/27,SKU00043,ماست دبه ۲ کیلویی,عدد,13,170308,137077,2214004,هایپر نیک
1404/09/27,SKU00044,کره حیوانی ۱۰۰ گرمی,عدد,11,98031,78923,1078341,تعاونی مصرف کارکنان
1404/09/27,SKU00045,مایع ظرفشویی ۳.۷۵ لیتری,عدد,18,182769,145385,3289842,فروشگاه یاس
1404/09/27,SKU00046,پودر لباسشویی ۵ کیلویی,عدد,10,390462,319846,3904620,فروشگاه زنجیره‌ای مهر
1404/09/27,SKU00047,دستمال کاغذی ۳۰۰ برگ,بسته,39,70615,56492,2753985,فروشگاه یاس
1404/09/27,SKU00048,شامپو ۹۰۰ میلی‌لیتری,عدد,11,222646,178615,2449106,سوپر مارکت البرز
1404/09/27,SKU00049,خمیر دندان ۱۰۰ گرمی,عدد,18,76431,59815,1375758,هایپر ستاره شهر
1404/09/27,SKU00050,صابون بسته ۶ عددی,بسته,12,99692,79754,1196304,سوپرمارکت پارسیان
1404/09/28,SKU00001,برنج ایرانی هاشمی ۱۰ کیلویی,کارتن,2,3741923,3159846,7483846,سوپر مارکت البرز
1404/09/28,SKU00027,برنج پاکستانی باسماتی ۱۰ کیلویی,کارتن,3,2203577,1746231,6610731,مینی‌مارکت نسیم
1404/09/28,SKU00028,روغن آفتابگردان ۱.۸ لیتری,عدد,12,153835,124731,1846020,تعاونی مصرف کارکنان
1404/09/28,SKU00029,روغن سرخ‌کردنی ۴.۵ لیتری,عدد,2,378350,315985,756700,مینی‌مارکت شبانه
1404/09/28,SKU00030,شکر سفید ۹۰۰ گرمی,عدد,20,34925,29104,698500,مینی‌مارکت نسیم
1404/09/28,SKU00031,چای کیسه‌ای ۱۰۰ عددی,عدد,2,203727,162150,407454,بوفه دانشگاه
1404/09/28,SKU00032,قهوه فوری ۲۰۰ گرمی,عدد,3,432400,349246,1297200,هایپر نیک
1404/09/28,SKU00033,نوشابه خانواده ۱.۵ لیتری,عدد,48,39914,31598,1915872,فروشگاه رفاه محلی
1404/09/28,SKU00034,آب معدنی ۱.۵ لیتری بسته ۶ عددی,بسته,15,79828,64860,1197420,سوپرمارکت پارسیان
1404/09/28,SKU00035,ماکارونی ۷۰۰ گرمی,عدد,15,43240,34925,648600,فروشگاه رفاه محلی
1404/09/28,SKU00036,رب گوجه ۸۰۰ گرمی,عدد,9,89806,73175,808254,فروشگاه رفاه محلی
1404/09/28,SKU00037,تن ماهی ۱۸۰ گرمی,عدد,8,139698,112258,1117584,کافه رستوران ونک
1404/09/28,SKU00038,لوبیا چیتی ۹۰۰ گرمی,عدد,5,118078,95627,590390,مینی‌مارکت نسیم
1404/09/28,SKU00039,عدس ۹۰۰ گرمی,عدد,5,101448,81491,507240,هایپر نیک
1404/09/28,SKU00040,نخود ۹۰۰ گرمی,عدد,3,108100,87312,324300,هایپر نیک
1404/09/28,SKU00041,پنیر سفید ۴۰۰ گرمی,عدد,13,91469,73175,1189097,مینی‌مارکت شبانه
1404/09/28,SKU00042,شیر کم‌چرب ۱ لیتری,عدد,21,43240,34925,908040,مینی‌مارکت شبانه
1404/09/28,SKU00043,ماست دبه ۲ کیلویی,عدد,4,170465,137204,681860,فروشگاه یاس
1404/09/28,SKU00044,کره حیوانی ۱۰۰ گرمی,عدد,8,98122,78996,784976,مینی‌مارکت شبانه
1404/09/28,SKU00045,مایع ظرفشویی ۳.۷۵ لیتری,عدد,4,182938,145519,731752,سوپرمارکت آفتاب
1404/09/28,SKU00046,پودر لباسشویی ۵ کیلویی,عدد,3,390823,320142,1172469,فروشگاه زنجیره‌ای مهر
1404/09/28,SKU00047,دستمال کاغذی ۳۰۰ برگ,بسته,10,70681,56545,706810,سوپر مارکت البرز
1404/09/28,SKU00048,شامپو ۹۰۰ میلی‌لیتری,عدد,3,222852,178781,668556,فروشگاه یاس
1404/09/28,SKU00049,خمیر دندان ۱۰۰ گرمی,عدد,7,76502,59871,535514,فروشگاه سپیدار
1404/09/28,SKU00050,صابون بسته ۶ عددی,بسته,5,99785,79828,498925,بوفه دانشگاه
1404/09/29,SKU00001,برنج ایرانی هاشمی ۱۰ کیلویی,کارتن,4,3745385,3162769,14981540,فروشگاه امید
1404/09/29,SKU00027,برنج پاکستانی باسماتی ۱۰ کیلویی,کارتن,3,2205615,1747846,6616845,سوپر پروتئین سبز
1404/09/29,SKU00028,روغن آفتابگردان ۱.۸ لیتری,عدد,32,153977,124846,4927264,سوپر پروتئین سبز
1404/09/29,SKU00029,روغن سرخ‌کردنی ۴.۵ لیتری,عدد,6,378700,316277,2272200,مینی‌مارکت نسیم
1404/09/29,SKU00030,شکر سفید ۹۰۰ گرمی,عدد,25,34957,29131,873925,سوپر مارکت البرز
1404/09/29,SKU00031,چای کیسه‌ای ۱۰۰ عددی,عدد,7,203915,162300,1427405,فروشگاه سپیدار
1404/09/29,SKU00032,قهوه فوری ۲۰۰ گرمی,عدد,5,432800,349569,2164000,فروشگاه زنجیره‌ای مهر
1404/09/29,SKU00033,نوشابه خانواده ۱.۵ لیتری,عدد,32,39951,31628,1278432,مینی‌مارکت شبانه
1404/09/29,SKU00034,آب معدنی ۱.۵ لیتری بسته ۶ عددی,بسته,19,79902,64920,1518138,فروشگاه زنجیره‌ای مهر
1404/09/29,SKU00035,ماکارونی ۷۰۰ گرمی,عدد,17,43280,34957,735760,مینی‌مارکت نسیم
1404/09/29,SKU00036,رب گوجه ۸۰۰ گرمی,عدد,10,89889,73243,898890,هایپر نیک
1404/09/29,SKU00037,تن ماهی ۱۸۰ گرمی,عدد,12,139828,112362,1677936,مینی‌مارکت نسیم
1404/09/29,SKU00038,لوبیا چیتی ۹۰۰ گرمی,عدد,9,118188,95715,1063692,سوپر پروتئین سبز
1404/09/29,SKU00039,عدس ۹۰۰ گرمی,عدد,7,101542,81566,710794,بقالی برادران احمدی
1404/09/29,SKU00040,نخود ۹۰۰ گرمی,عدد,7,108200,87392,757400,کافه رستوران ونک
1404/09/29,SKU00041,پنیر سفید ۴۰۰ گرمی,عدد,22,91554,73243,2014188,فروشگاه زنجیره‌ای مهر
1404/09/29,SKU00042,شیر کم‌چرب ۱ لیتری,عدد,45,43280,34957,1947600,مینی‌مارکت نسیم
1404/09/29,SKU00043,ماست دبه ۲ کیلویی,عدد,12,170623,137331,2047476,فروشگاه رفاه محلی
1404/09/29,SKU00044,کره حیوانی ۱۰۰ گرمی,عدد,10,98212,79069,982120,هایپر ستاره شهر
1404/09/29,SKU00045,مایع ظرفشویی ۳.۷۵ لیتری,عدد,10,183108,145654,1831080,سوپر پروتئین سبز
1404/09/29,SKU00046,پودر لباسشویی ۵ کیلویی,عدد,7,391185,320438,2738295,فروشگاه زنجیره‌ای مهر
1404/09/29,SKU00047,دستمال کاغذی ۳۰۰ برگ,بسته,36,70746,56597,2546856,فروشگاه یاس
1404/09/29,SKU00048,شامپو ۹۰۰ میلی‌لیتری,عدد,7,223058,178946,1561406,هایپر نیک
1404/09/29,SKU00049,خمیر دندان ۱۰۰ گرمی,عدد,17,76572,59926,1301724,سوپر مارکت البرز
1404/09/29,SKU00050,صابون بسته ۶ عددی,بسته,8,99877,79902,799016,فروشگاه رفاه محلی
1404/09/30,SKU00001,برنج ایرانی هاشمی ۱۰ کیلویی,کارتن,3,3748846,3165692,11246538,فروشگاه رفاه محلی
1404/09/30,SKU00027,برنج پاکستانی باسماتی ۱۰ کیلویی,کارتن,4,2207654,1749462,8830616,بقالی برادران احمدی
1404/09/30,SKU00028,روغن آفتابگردان ۱.۸ لیتری,عدد,20,154119,124962,3082380,فروشگاه زنجیره‌ای مهر
1404/09/30,SKU00029,روغن سرخ‌کردنی ۴.۵ لیتری,عدد,8,379050,316569,3032400,مینی‌مارکت نسیم
1404/09/30,SKU00030,شکر سفید ۹۰۰ گرمی,عدد,32,34989,29158,1119648,مینی‌مارکت شبانه
1404/09/30,SKU00031,چای کیسه‌ای ۱۰۰ عددی,عدد,11,204104,162450,2245144,فروشگاه یاس
1404/09/30,SKU00032,قهوه فوری ۲۰۰ گرمی,عدد,4,433200,349892,1732800,سوپر مارکت البرز
1404/09/30,SKU00033,نوشابه خانواده ۱.۵ لیتری,عدد,34,39988,31657,1359592,سوپرمارکت پارسیان
1404/09/30,SKU00034,آب معدنی ۱.۵ لیتری بسته ۶ عددی,بسته,19,79975,64980,1519525,هایپر نیک
1404/09/30,SKU00035,ماکارونی ۷۰۰ گرمی,عدد,44,43320,34989,1906080,فروشگاه گلستان
1404/09/30,SKU00036,رب گوجه ۸۰۰ گرمی,عدد,4,89972,73311,359888,هایپر ستاره شهر
1404/09/30,SKU00037,تن ماهی ۱۸۰ گرمی,عدد,20,139957,112465,2799140,فروشگاه رفاه محلی
1404/09/30,SKU00038,لوبیا چیتی ۹۰۰ گرمی,عدد,7,118297,95804,828079,مینی‌مارکت شبانه
1404/09/30,SKU00039,عدس ۹۰۰ گرمی,عدد,7,101635,81642,711445,سوپرمارکت آفتاب
1404/09/30,SKU00040,نخود ۹۰۰ گرمی,عدد,5,108300,87473,541500,بوفه دانشگاه
1404/09/30,SKU00041,پنیر سفید ۴۰۰ گرمی,عدد,21,91638,73311,1924398,سوپرمارکت آفتاب
1404/09/30,SKU00042,شیر کم‌چرب ۱ لیتری,عدد,47,43320,34989,2036040,فروشگاه یاس
1404/09/30,SKU00043,ماست دبه ۲ کیلویی,عدد,9,170781,137458,1537029,فروشگاه رفاه محلی
1404/09/30,SKU00044,کره حیوانی ۱۰۰ گرمی,عدد,10,98303,79142,983030,تعاونی مصرف کارکنان
1404/09/30,SKU00045,مایع ظرفشویی ۳.۷۵ لیتری,عدد,10,183277,145788,1832770,فروشگاه امید
1404/09/30,SKU00046,پودر لباسشویی ۵ کیلویی,عدد,4,391546,320735,1566184,فروشگاه رفاه محلی
1404/09/30,SKU00047,دستمال کاغذی ۳۰۰ برگ,بسته,19,70812,56649,1345428,مینی‌مارکت شبانه
1404/09/30,SKU00048,شامپو ۹۰۰ میلی‌لیتری,عدد,5,223265,179112,1116325,تعاونی مصرف کارکنان
1404/09/30,SKU00049,خمیر دندان ۱۰۰ گرمی,عدد,7,76643,59982,536501,هایپر ستاره شهر
1404/09/30,SKU00050,صابون بسته ۶ عددی,بسته,8,99969,79975,799752,سوپر پروتئین سبز
1404/10/01,SKU00001,برنج ایرانی هاشمی ۱۰ کیلویی,کارتن,2,3752308,3168615,7504616,سوپر مارکت البرز
1404/10/01,SKU00027,برنج پاکستانی باسماتی ۱۰ کیلویی,کارتن,5,2209692,1751077,11048460,سوپرمارکت پارسیان
1404/10/01,SKU00028,روغن آفتابگردان ۱.۸ لیتری,عدد,32,154262,125077,4936384,هایپر نیک
1404/10/01,SKU00029,روغن سرخ‌کردنی ۴.۵ لیتری,عدد,4,379400,316862,1517600,مینی‌مارکت نسیم
1404/10/01,SKU00030,شکر سفید ۹۰۰ گرمی,عدد,34,35022,29185,1190748,سوپرمارکت پارسیان
1404/10/01,SKU00031,چای کیسه‌ای ۱۰۰ عددی,عدد,5,204292,162600,1021460,مینی‌مارکت شبانه
1404/10/01,SKU00032,قهوه فوری ۲۰۰ گرمی,عدد,5,433600,350215,2168000,فروشگاه گلستان
1404/10/01,SKU00033,نوشابه خانواده ۱.۵ لیتری,عدد,34,40025,31686,1360850,سوپرمارکت پارسیان
1404/10/01,SKU00034,آب معدنی ۱.۵ لیتری بسته ۶ عددی,بسته,14,80049,65040,1120686,فروشگاه امید
1404/10/01,SKU00035,ماکارونی ۷۰۰ گرمی,عدد,28,43360,35022,1214080,بوفه دانشگاه
1404/10/01,SKU00036,رب گوجه ۸۰۰ گرمی,عدد,12,90055,73378,1080660,سوپر پروتئین سبز
1404/10/01,SKU00037,تن ماهی ۱۸۰ گرمی,عدد,21,140086,112569,2941806,فروشگاه زنجیره‌ای مهر
1404/10/01,SKU00038,لوبیا چیتی ۹۰۰ گرمی,عدد,8,118406,95892,947248,هایپر نیک
1404/10/01,SKU00039,عدس ۹۰۰ گرمی,عدد,8,101729,81717,813832,سوپر مارکت البرز
1404/10/01,SKU00040,نخود ۹۰۰ گرمی,عدد,7,108400,87554,758800,سوپر مارکت البرز
1404/10/01,SKU00041,پنیر سفید ۴۰۰ گرمی,عدد,34,91723,73378,3118582,مینی‌مارکت شبانه
1404/10/01,SKU00042,شیر کم‌چرب ۱ لیتری,عدد,26,43360,35022,1127360,هایپر ستاره شهر
1404/10/01,SKU00043,ماست دبه ۲ کیلویی,عدد,12,170938,137585,2051256,سوپر پروتئین سبز
1404/10/01,SKU00044,کره حیوانی ۱۰۰ گرمی,عدد,12,98394,79215,1180728,بوفه دانشگاه
1404/10/01,SKU00045,مایع ظرفشویی ۳.۷۵ لیتری,عدد,9,183446,145923,1651014,سوپر مارکت البرز
1404/10/01,SKU00046,پودر لباسشویی ۵ کیلویی,عدد,7,391908,321031,2743356,بقالی برادران احمدی
1404/10/01,SKU00047,دستمال کاغذی ۳۰۰ برگ,بسته,24,70877,56702,1701048,فروشگاه یاس
1404/10/01,SKU00048,شامپو ۹۰۰ میلی‌لیتری,عدد,8,223471,179277,1787768,فروشگاه امید
1404/10/01,SKU00049,خمیر دندان ۱۰۰ گرمی,عدد,12,76714,60037,920568,بوفه دانشگاه
1404/10/01,SKU00050,صابون بسته ۶ عددی,بسته,10,100062,80049,1000620,فروشگاه زنجیره‌ای مهر
1404/10/02,SKU00001,برنج ایرانی هاشمی ۱۰ کیلویی,کارتن,3,3755769,3171538,11267307,سوپرمارکت آفتاب
1404/10/02,SKU00027,برنج پاکستانی باسماتی ۱۰ کیلویی,کارتن,5,2211731,1752692,11058655,بقالی برادران احمدی
1404/10/02,SKU00028,روغن آفتابگردان ۱.۸ لیتری,عدد,26,154404,125192,4014504,سوپرمارکت پارسیان
1404/10/02,SKU00029,روغن سرخ‌کردنی ۴.۵ لیتری,عدد,9,379750,317154,3417750,سوپر پروتئین سبز
1404/10/02,SKU00030,شکر سفید ۹۰۰ گرمی,عدد,32,35054,29212,1121728,بقالی برادران احمدی
1404/10/02,SKU00031,چای کیسه‌ای ۱۰۰ عددی,عدد,14,204481,162750,2862734,سوپرمارکت پارسیان
1404/10/02,SKU00032,قهوه فوری ۲۰۰ گرمی,عدد,4,434000,350538,1736000,بوفه دانشگاه
1404/10/02,SKU00033,نوشابه خانواده ۱.۵ لیتری,عدد,69,40062,31715,2764278,سوپر پروتئین سبز
1404/10/02,SKU00034,آب معدنی ۱.۵ لیتری بسته ۶ عددی,بسته,22,80123,65100,1762706,بقالی برادران احمدی
1404/10/02,SKU00035,ماکارونی ۷۰۰ گرمی,عدد,14,43400,35054,607600,سوپرمارکت پارسیان
1404/10/02,SKU00036,رب گوجه ۸۰۰ گرمی,عدد,9,90138,73446,811242,تعاونی مصرف کارکنان
1404/10/02,SKU00037,تن ماهی ۱۸۰ گرمی,عدد,20,140215,112673,2804300,مینی‌مارکت نسیم
1404/10/02,SKU00038,لوبیا چیتی ۹۰۰ گرمی,عدد,6,118515,95981,711090,هایپر ستاره شهر
1404/10/02,SKU00039,عدس ۹۰۰ گرمی,عدد,2,101823,81792,203646,سوپرمارکت آفتاب
1404/10/02,SKU00040,نخود ۹۰۰ گرمی,عدد,8,108500,87635,868000,فروشگاه یاس
1404/10/02,SKU00041,پنیر سفید ۴۰۰ گرمی,عدد,27,91808,73446,2478816,سوپر مارکت البرز
1404/10/02,SKU00042,شیر کم‌چرب ۱ لیتری,عدد,42,43400,35054,1822800,فروشگاه سپیدار
1404/10/02,SKU00043,ماست دبه ۲ کیلویی,عدد,7,171096,137712,1197672,تعاونی مصرف کارکنان
1404/10/02,SKU00044,کره حیوانی ۱۰۰ گرمی,عدد,11,98485,79288,1083335,مینی‌مارکت شبانه
1404/10/02,SKU00045,مایع ظرفشویی ۳.۷۵ لیتری,عدد,13,183615,146058,2386995,فروشگاه رفاه محلی
1404/10/02,SKU00046,پودر لباسشویی ۵ کیلویی,عدد,7,392269,321327,2745883,سوپرمارکت آفتاب
1404/10/02,SKU00047,دستمال کاغذی ۳۰۰ برگ,بسته,23,70942,56754,1631666,فروشگاه سپیدار
1404/10/02,SKU00048,شامپو ۹۰۰ میلی‌لیتری,عدد,6,223677,179442,1342062,فروشگاه یاس
1404/10/02,SKU00049,خمیر دندان ۱۰۰ گرمی,عدد,17,76785,60092,1305345,کافه رستوران ونک
1404/10/02,SKU00050,صابون بسته ۶ عددی,بسته,10,100154,80123,1001540,فروشگاه زنجیره‌ای مهر
1404/10/03,SKU00001,برنج ایرانی هاشمی ۱۰ کیلویی,کارتن,3,3759231,3174462,11277693,مینی‌مارکت نسیم
1404/10/03,SKU00027,برنج پاکستانی باسماتی ۱۰ کیلویی,کارتن,5,2213769,1754308,11068845,فروشگاه رفاه محلی
1404/10/03,SKU00028,روغن آفتابگردان ۱.۸ لیتری,عدد,30,154546,125308,4636380,فروشگاه گلستان
1404/10/03,SKU00029,روغن سرخ‌کردنی ۴.۵ لیتری,عدد,9,380100,317446,3420900,فروشگاه سپیدار
1404/10/03,SKU00030,شکر سفید ۹۰۰ گرمی,عدد,21,35086,29238,736806,فروشگاه یاس
1404/10/03,SKU00031,چای کیسه‌ای ۱۰۰ عددی,عدد,12,204669,162900,2456028,فروشگاه زنجیره‌ای مهر
1404/10/03,SKU00032,قهوه فوری ۲۰۰ گرمی,عدد,6,434400,350862,2606400,فروشگاه زنجیره‌ای مهر
1404/10/03,SKU00033,نوشابه خانواده ۱.۵ لیتری,عدد,61,40098,31745,2445978,فروشگاه امید
1404/10/03,SKU00034,آب معدنی ۱.۵ لیتری بسته ۶ عددی,بسته,24,80197,65160,1924728,سوپر مارکت البرز
1404/10/03,SKU00035,ماکارونی ۷۰۰ گرمی,عدد,42,43440,35086,1824480,سوپرمارکت پارسیان
1404/10/03,SKU00036,رب گوجه ۸۰۰ گرمی,عدد,20,90222,73514,1804440,فروشگاه رفاه محلی
1404/10/03,SKU00037,تن ماهی ۱۸۰ گرمی,عدد,22,140345,112777,3087590,فروشگاه سپیدار
1404/10/03,SKU00038,لوبیا چیتی ۹۰۰ گرمی,عدد,10,118625,96069,1186250,هایپر ستاره شهر
1404/10/03,SKU00039,عدس ۹۰۰ گرمی,عدد,9,101917,81868,917253,هایپر نیک
1404/10/03,SKU00040,نخود ۹۰۰ گرمی,عدد,8,108600,87715,868800,فروشگاه رفاه محلی
1404/10/03,SKU00041,پنیر سفید ۴۰۰ گرمی,عدد,23,91892,73514,2113516,مینی‌مارکت نسیم
1404/10/03,SKU00042,شیر کم‌چرب ۱ لیتری,عدد,49,43440,35086,2128560,هایپر ستاره شهر
1404/10/03,SKU00043,ماست دبه ۲ کیلویی,عدد,19,171254,137838,3253826,هایپر نیک
1404/10/03,SKU00044,کره حیوانی ۱۰۰ گرمی,عدد,9,98575,79362,887175,مینی‌مارکت نسیم
1404/10/03,SKU00045,مایع ظرفشویی ۳.۷۵ لیتری,عدد,13,183785,146192,2389205,سوپر پروتئین سبز
1404/10/03,SKU00046,پودر لباسشویی ۵ کیلویی,عدد,5,392631,321623,1963155,سوپر مارکت البرز
1404/10/03,SKU00047,دستمال کاغذی ۳۰۰ برگ,بسته,24,71008,56806,1704192,مینی‌مارکت نسیم
1404/10/03,SKU00048,شامپو ۹۰۰ میلی‌لیتری,عدد,7,223883,179608,1567181,فروشگاه زنجیره‌ای مهر
1404/10/03,SKU00049,خمیر دندان ۱۰۰ گرمی,عدد,12,76855,60148,922260,بوفه دانشگاه
1404/10/03,SKU00050,صابون بسته ۶ عددی,بسته,8,100246,80197,801968,سوپر پروتئین سبز
1404/10/04,SKU00001,برنج ایرانی هاشمی ۱۰ کیلویی,کارتن,5,3762692,3177385,18813460,فروشگاه امید
1404/10/04,SKU00027,برنج پاکستانی باسماتی ۱۰ کیلویی,کارتن,6,2215808,1755923,13294848,مینی‌مارکت نسیم
1404/10/04,SKU00028,روغن آفتابگردان ۱.۸ لیتری,عدد,42,154688,125423,6496896,فروشگاه سپیدار
1404/10/04,SKU00029,روغن سرخ‌کردنی ۴.۵ لیتری,عدد,5,380450,317738,1902250,بوفه دانشگاه
1404/10/04,SKU00030,شکر سفید ۹۰۰ گرمی,عدد,28,35118,29265,983304,بوفه دانشگاه
1404/10/04,SKU00031,چای کیسه‌ای ۱۰۰ عددی,عدد,14,204858,163050,2868012,کافه رستوران ونک
1404/10/04,SKU00032,قهوه فوری ۲۰۰ گرمی,عدد,5,434800,351185,2174000,فروشگاه زنجیره‌ای مهر
1404/10/04,SKU00033,نوشابه خانواده ۱.۵ لیتری,عدد,64,40135,31774,2568640,فروشگاه گلستان
1404/10/04,SKU00034,آب معدنی ۱.۵ لیتری بسته ۶ عددی,بسته,23,80271,65220,1846233,فروشگاه یاس
1404/10/04,SKU00035,ماکارونی ۷۰۰ گرمی,عدد,29,43480,35118,1260920,فروشگاه یاس
1404/10/04,SKU00036,رب گوجه ۸۰۰ گرمی,عدد,25,90305,73582,2257625,فروشگاه سپیدار
1404/10/04,SKU00037,تن ماهی ۱۸۰ گرمی,عدد,21,140474,112881,2949954,مینی‌مارکت نسیم
1404/10/04,SKU00038,لوبیا چیتی ۹۰۰ گرمی,عدد,12,118734,96158,1424808,بوفه دانشگاه
1404/10/04,SKU00039,عدس ۹۰۰ گرمی,عدد,7,102011,81943,714077,مینی‌مارکت نسیم
1404/10/04,SKU00040,نخود ۹۰۰ گرمی,عدد,11,108700,87796,1195700,فروشگاه گلستان
1404/10/04,SKU00041,پنیر سفید ۴۰۰ گرمی,عدد,38,91977,73582,3495126,فروشگاه گلستان
1404/10/04,SKU00042,شیر کم‌چرب ۱ لیتری,عدد,29,43480,35118,1260920,هایپر نیک
1404/10/04,SKU00043,ماست دبه ۲ کیلویی,عدد,17,171412,137965,2914004,فروشگاه زنجیره‌ای مهر
1404/10/04,SKU00044,کره حیوانی ۱۰۰ گرمی,عدد,16,98666,79435,1578656,فروشگاه یاس
1404/10/04,SKU00045,مایع ظرفشویی ۳.۷۵ لیتری,عدد,17,183954,146327,3127218,فروشگاه امید
1404/10/04,SKU00046,پودر لباسشویی ۵ کیلویی,عدد,6,392992,321919,2357952,فروشگاه رفاه محلی
1404/10/04,SKU00047,دستمال کاغذی ۳۰۰ برگ,بسته,30,71073,56858,2132190,فروشگاه گلستان
1404/10/04,SKU00048,شامپو ۹۰۰ میلی‌لیتری,عدد,11,224089,179773,2464979,هایپر ستاره شهر
1404/10/04,SKU00049,خمیر دندان ۱۰۰ گرمی,عدد,18,76926,60203,1384668,بقالی برادران احمدی
1404/10/04,SKU00050,صابون بسته ۶ عددی,بسته,11,100338,80271,1103718,بقالی برادران احمدی
1404/10/05,SKU00001,برنج ایرانی هاشمی ۱۰ کیلویی,کارتن,2,3766154,3180308,7532308,سوپرمارکت آفتاب
1404/10/05,SKU00027,برنج پاکستانی باسماتی ۱۰ کیلویی,کارتن,2,2217846,1757538,4435692,سوپرمارکت آفتاب
1404/10/05,SKU00028,روغن آفتابگردان ۱.۸ لیتری,عدد,9,154831,125538,1393479,بقالی برادران احمدی
1404/10/05,SKU00029,روغن سرخ‌کردنی ۴.۵ لیتری,عدد,4,380800,318031,1523200,فروشگاه امید
1404/10/05,SKU00030,شکر سفید ۹۰۰ گرمی,عدد,20,35151,29292,703020,فروشگاه گلستان
1404/10/05,SKU00031,چای کیسه‌ای ۱۰۰ عددی,عدد,6,205046,163200,1230276,فروشگاه یاس
1404/10/05,SKU00032,قهوه فوری ۲۰۰ گرمی,عدد,2,435200,351508,870400,هایپر ستاره شهر
1404/10/05,SKU00033,نوشابه خانواده ۱.۵ لیتری,عدد,23,40172,31803,923956,مینی‌مارکت شبانه
1404/10/05,SKU00034,آب معدنی ۱.۵ لیتری بسته ۶ عددی,بسته,16,80345,65280,1285520,فروشگاه امید
1404/10/05,SKU00035,ماکارونی ۷۰۰ گرمی,عدد,16,43520,35151,696320,سوپرمارکت آفتاب
1404/10/05,SKU00036,رب گوجه ۸۰۰ گرمی,عدد,3,90388,73649,271164,فروشگاه زنجیره‌ای مهر
1404/10/05,SKU00037,تن ماهی ۱۸۰ گرمی,عدد,11,140603,112985,1546633,هایپر ستاره شهر
1404/10/05,SKU00038,لوبیا چیتی ۹۰۰ گرمی,عدد,6,118843,96246,713058,فروشگاه رفاه محلی
1404/10/05,SKU00039,عدس ۹۰۰ گرمی,عدد,4,102105,82018,408420,هایپر نیک
1404/10/05,SKU00040,نخود ۹۰۰ گرمی,عدد,3,108800,87877,326400,مینی‌مارکت نسیم
1404/10/05,SKU00041,پنیر سفید ۴۰۰ گرمی,عدد,9,92062,73649,828558,سوپرمارکت پارسیان
1404/10/05,SKU00042,شیر کم‌چرب ۱ لیتری,عدد,14,43520,35151,609280,سوپرمارکت پارسیان
1404/10/05,SKU00043,ماست دبه ۲ کیلویی,عدد,7,171569,138092,1200983,سوپرمارکت پارسیان
1404/10/05,SKU00044,کره حیوانی ۱۰۰ گرمی,عدد,5,98757,79508,493785,فروشگاه سپیدار
1404/10/05,SKU00045,مایع ظرفشویی ۳.۷۵ لیتری,عدد,6,184123,146462,1104738,تعاونی مصرف کارکنان
1404/10/05,SKU00046,پودر لباسشویی ۵ کیلویی,عدد,3,393354,322215,1180062,کافه رستوران ونک
1404/10/05,SKU00047,دستمال کاغذی ۳۰۰ برگ,بسته,11,71138,56911,782518,فروشگاه امید
1404/10/05,SKU00048,شامپو ۹۰۰ میلی‌لیتری,عدد,3,224295,179938,672885,مینی‌مارکت نسیم
1404/10/05,SKU00049,خمیر دندان ۱۰۰ گرمی,عدد,8,76997,60258,615976,سوپرمارکت پارسیان
1404/10/05,SKU00050,صابون بسته ۶ عددی,بسته,5,100431,80345,502155,فروشگاه گلستان
1404/10/06,SKU00001,برنج ایرانی هاشمی ۱۰ کیلویی,کارتن,2,3769615,3183231,7539230,فروشگاه گلستان
1404/10/06,SKU00027,برنج پاکستانی باسماتی ۱۰ کیلویی,کارتن,6,2219885,1759154,13319310,فروشگاه رفاه محلی
1404/10/06,SKU00028,روغن آفتابگردان ۱.۸ لیتری,عدد,13,154973,125654,2014649,هایپر ستاره شهر
1404/10/06,SKU00029,روغن سرخ‌کردنی ۴.۵ لیتری,عدد,7,381150,318323,2668050,تعاونی مصرف کارکنان
1404/10/06,SKU00030,شکر سفید ۹۰۰ گرمی,عدد,36,35183,29319,1266588,سوپر پروتئین سبز
1404/10/06,SKU00031,چای کیسه‌ای ۱۰۰ عددی,عدد,9,205235,163350,1847115,بوفه دانشگاه
1404/10/06,SKU00032,قهوه فوری ۲۰۰ گرمی,عدد,4,435600,351831,1742400,مینی‌مارکت شبانه
1404/10/06,SKU00033,نوشابه خانواده ۱.۵ لیتری,عدد,64,40209,31832,2573376,بقالی برادران احمدی
1404/10/06,SKU00034,آب معدنی ۱.۵ لیتری بسته ۶ عددی,بسته,12,80418,65340,965016,فروشگاه یاس
1404/10/06,SKU00035,ماکارونی ۷۰۰ گرمی,عدد,32,43560,35183,1393920,هایپر ستاره شهر
1404/10/06,SKU00036,رب گوجه ۸۰۰ گرمی,عدد,14,90471,73717,1266594,فروشگاه زنجیره‌ای مهر
1404/10/06,SKU00037,تن ماهی ۱۸۰ گرمی,عدد,21,140732,113088,2955372,بقالی برادران احمدی
1404/10/06,SKU00038,لوبیا چیتی ۹۰۰ گرمی,عدد,11,118952,96335,1308472,فروشگاه سپیدار
1404/10/06,SKU00039,عدس ۹۰۰ گرمی,عدد,10,102198,82094,1021980,سوپرمارکت پارسیان
1404/10/06,SKU00040,نخود ۹۰۰ گرمی,عدد,7,108900,87958,762300,هایپر نیک
1404/10/06,SKU00041,پنیر سفید ۴۰۰ گرمی,عدد,34,92146,73717,3132964,مینی‌مارکت شبانه
1404/10/06,SKU00042,شیر کم‌چرب ۱ لیتری,عدد,13,43560,35183,566280,فروشگاه سپیدار
1404/10/06,SKU00043,ماست دبه ۲ کیلویی,عدد,18,171727,138219,3091086,فروشگاه امید
1404/10/06,SKU00044,کره حیوانی ۱۰۰ گرمی,عدد,8,98848,79581,790784,فروشگاه رفاه محلی
1404/10/06,SKU00045,مایع ظرفشویی ۳.۷۵ لیتری,عدد,5,184292,146596,921460,بوفه دانشگاه
1404/10/06,SKU00046,پودر لباسشویی ۵ کیلویی,عدد,5,393715,322512,1968575,سوپر مارکت البرز
1404/10/06,SKU00047,دستمال کاغذی ۳۰۰ برگ,بسته,13,71204,56963,925652,سوپر مارکت البرز
1404/10/06,SKU00048,شامپو ۹۰۰ میلی‌لیتری,عدد,7,224502,180104,1571514,فروشگاه سپیدار
1404/10/06,SKU00049,خمیر دندان ۱۰۰ گرمی,عدد,18,77068,60314,1387224,سوپر پروتئین سبز
1404/10/06,SKU00050,صابون بسته ۶ عددی,بسته,10,100523,80418,1005230,هایپر ستاره شهر
1404/10/07,SKU00001,برنج ایرانی هاشمی ۱۰ کیلویی,کارتن,3,3773077,3186154,11319231,فروشگاه سپیدار
1404/10/07,SKU00027,برنج پاکستانی باسماتی ۱۰ کیلویی,کارتن,2,2221923,1760769,4443846,سوپرمارکت پارسیان
1404/10/07,SKU00028,روغن آفتابگردان ۱.۸ لیتری,عدد,15,155115,125769,2326725,فروشگاه رفاه محلی
1404/10/07,SKU00029,روغن سرخ‌کردنی ۴.۵ لیتری,عدد,8,381500,318615,3052000,سوپرمارکت پارسیان
1404/10/07,SKU00030,شکر سفید ۹۰۰ گرمی,عدد,37,35215,29346,1302955,فروشگاه زنجیره‌ای مهر
1404/10/07,SKU00031,چای کیسه‌ای ۱۰۰ عددی,عدد,6,205423,163500,1232538,کافه رستوران ونک
1404/10/07,SKU00032,قهوه فوری ۲۰۰ گرمی,عدد,4,436000,352154,1744000,سوپر پروتئین سبز
1404/10/07,SKU00033,نوشابه خانواده ۱.۵ لیتری,عدد,56,40246,31862,2253776,مینی‌مارکت شبانه
1404/10/07,SKU00034,آب معدنی ۱.۵ لیتری بسته ۶ عددی,بسته,18,80492,65400,1448856,تعاونی مصرف کارکنان
1404/10/07,SKU00035,ماکارونی ۷۰۰ گرمی,عدد,25,43600,35215,1090000,فروشگاه گلستان
1404/10/07,SKU00036,رب گوجه ۸۰۰ گرمی,عدد,16,90554,73785,1448864,بقالی برادران احمدی
1404/10/07,SKU00037,تن ماهی ۱۸۰ گرمی,عدد,14,140862,113192,1972068,بوفه دانشگاه
1404/10/07,SKU00038,لوبیا چیتی ۹۰۰ گرمی,عدد,3,119062,96423,357186,فروشگاه زنجیره‌ای مهر
1404/10/07,SKU00039,عدس ۹۰۰ گرمی,عدد,6,102292,82169,613752,تعاونی مصرف کارکنان
1404/10/07,SKU00040,نخود ۹۰۰ گرمی,عدد,5,109000,88038,545000,هایپر نیک
1404/10/07,SKU00041,پنیر سفید ۴۰۰ گرمی,عدد,22,92231,73785,2029082,هایپر ستاره شهر
1404/10/07,SKU00042,شیر کم‌چرب ۱ لیتری,عدد,28,43600,35215,1220800,فروشگاه یاس
1404/10/07,SKU00043,ماست دبه ۲ کیلویی,عدد,7,171885,138346,1203195,فروشگاه زنجیره‌ای مهر
1404/10/07,SKU00044,کره حیوانی ۱۰۰ گرمی,عدد,11,98938,79654,1088318,بوفه دانشگاه
1404/10/07,SKU00045,مایع ظرفشویی ۳.۷۵ لیتری,عدد,14,184462,146731,2582468,کافه رستوران ونک
1404/10/07,SKU00046,پودر لباسشویی ۵ کیلویی,عدد,5,394077,322808,1970385,مینی‌مارکت شبانه
1404/10/07,SKU00047,دستمال کاغذی ۳۰۰ برگ,بسته,21,71269,57015,1496649,بقالی برادران احمدی
1404/10/07,SKU00048,شامپو ۹۰۰ میلی‌لیتری,عدد,8,224708,180269,1797664,تعاونی مصرف کارکنان
1404/10/07,SKU00049,خمیر دندان ۱۰۰ گرمی,عدد,12,77138,60369,925656,مینی‌مارکت نسیم
1404/10/07,SKU00050,صابون بسته ۶ عددی,بسته,10,100615,80492,1006150,فروشگاه زنجیره‌ای مهر
1404/10/08,SKU00001,برنج ایرانی هاشمی ۱۰ کیلویی,کارتن,2,3776538,3189077,7553076,فروشگاه گلستان
1404/10/08,SKU00027,برنج پاکستانی باسماتی ۱۰ کیلویی,کارتن,4,2223962,1762385,8895848,هایپر ستاره شهر
1404/10/08,SKU00028,روغن آفتابگردان ۱.۸ لیتری,عدد,22,155258,125885,3415676,فروشگاه گلستان
1404/10/08,SKU00029,روغن سرخ‌کردنی ۴.۵ لیتری,عدد,3,381850,318908,1145550,سوپر پروتئین سبز
1404/10/08,SKU00030,شکر سفید ۹۰۰ گرمی,عدد,20,35248,29373,704960,فروشگاه زنجیره‌ای مهر
1404/10/08,SKU00031,چای کیسه‌ای ۱۰۰ عددی,عدد,4,205612,163650,822448,تعاونی مصرف کارکنان
1404/10/08,SKU00032,قهوه فوری ۲۰۰ گرمی,عدد,7,436400,352477,3054800,بوفه دانشگاه
1404/10/08,SKU00033,نوشابه خانواده ۱.۵ لیتری,عدد,36,40283,31891,1450188,فروشگاه رفاه محلی
1404/10/08,SKU00034,آب معدنی ۱.۵ لیتری بسته ۶ عددی,بسته,18,80566,65460,1450188,فروشگاه رفاه محلی
1404/10/08,SKU00035,ماکارونی ۷۰۰ گرمی,عدد,23,43640,35248,1003720,بوفه دانشگاه
1404/10/08,SKU00036,رب گوجه ۸۰۰ گرمی,عدد,14,90637,73852,1268918,سوپرمارکت پارسیان
1404/10/08,SKU00037,تن ماهی ۱۸۰ گرمی,عدد,14,140991,113296,1973874,مینی‌مارکت نسیم
1404/10/08,SKU00038,لوبیا چیتی ۹۰۰ گرمی,عدد,8,119171,96512,953368,بقالی برادران احمدی
1404/10/08,SKU00039,عدس ۹۰۰ گرمی,عدد,8,102386,82245,819088,فروشگاه گلستان
1404/10/08,SKU00040,نخود ۹۰۰ گرمی,عدد,3,109100,88119,327300,هایپر ستاره شهر
1404/10/08,SKU00041,پنیر سفید ۴۰۰ گرمی,عدد,18,92315,73852,1661670,مینی‌مارکت شبانه
1404/10/08,SKU00042,شیر کم‌چرب ۱ لیتری,عدد,30,43640,35248,1309200,هایپر نیک
1404/10/08,SKU00043,ماست دبه ۲ کیلویی,عدد,14,172042,138473,2408588,فروشگاه زنجیره‌ای مهر
1404/10/08,SKU00044,کره حیوانی ۱۰۰ گرمی,عدد,7,99029,79727,693203,کافه رستوران ونک
1404/10/08,SKU00045,مایع ظرفشویی ۳.۷۵ لیتری,عدد,9,184631,146865,1661679,فروشگاه سپیدار
1404/10/08,SKU00046,پودر لباسشویی ۵ کیلویی,عدد,3,394438,323104,1183314,سوپرمارکت آفتاب
1404/10/08,SKU00047,دستمال کاغذی ۳۰۰ برگ,بسته,19,71335,57068,1355365,سوپر مارکت البرز
1404/10/08,SKU00048,شامپو ۹۰۰ میلی‌لیتری,عدد,10,224914,180435,2249140,بوفه دانشگاه
1404/10/08,SKU00049,خمیر دندان ۱۰۰ گرمی,عدد,6,77209,60425,463254,بوفه دانشگاه
1404/10/08,SKU00050,صابون بسته ۶ عددی,بسته,8,100708,80566,805664,فروشگاه امید
1404/10/09,SKU00001,برنج ایرانی هاشمی ۱۰ کیلویی,کارتن,3,3780000,3192000,11340000,فروشگاه یاس
1404/10/09,SKU00027,برنج پاکستانی باسماتی ۱۰ کیلویی,کارتن,4,2226000,1764000,8904000,فروشگاه گلستان
1404/10/09,SKU00028,روغن آفتابگردان ۱.۸ لیتری,عدد,43,155400,126000,6682200,بقالی برادران احمدی
1404/10/09,SKU00029,روغن سرخ‌کردنی ۴.۵ لیتری,عدد,7,382200,319200,2675400,تعاونی مصرف کارکنان
1404/10/09,SKU00030,شکر سفید ۹۰۰ گرمی,عدد,20,35280,29400,705600,فروشگاه گلستان
1404/10/09,SKU00031,چای کیسه‌ای ۱۰۰ عددی,عدد,12,205800,163800,2469600,فروشگاه زنجیره‌ای مهر
1404/10/09,SKU00032,قهوه فوری ۲۰۰ گرمی,عدد,5,436800,352800,2184000,فروشگاه سپیدار
1404/10/09,SKU00033,نوشابه خانواده ۱.۵ لیتری,عدد,55,40320,31920,2217600,سوپرمارکت آفتاب
1404/10/09,SKU00034,آب معدنی ۱.۵ لیتری بسته ۶ عددی,بسته,27,80640,65520,2177280,سوپر پروتئین سبز
1404/10/09,SKU00035,ماکارونی ۷۰۰ گرمی,عدد,22,43680,35280,960960,سوپرمارکت آفتاب
1404/10/09,SKU00036,رب گوجه ۸۰۰ گرمی,عدد,7,90720,73920,635040,هایپر نیک
1404/10/09,SKU00037,تن ماهی ۱۸۰ گرمی,عدد,23,141120,113400,3245760,سوپرمارکت پارسیان
1404/10/09,SKU00038,لوبیا چیتی ۹۰۰ گرمی,عدد,6,119280,96600,715680,فروشگاه زنجیره‌ای مهر
1404/10/09,SKU00039,عدس ۹۰۰ گرمی,عدد,9,102480,82320,922320,کافه رستوران ونک
1404/10/09,SKU00040,نخود ۹۰۰ گرمی,عدد,3,109200,88200,327600,تعاونی مصرف کارکنان
1404/10/09,SKU00041,پنیر سفید ۴۰۰ گرمی,عدد,21,92400,73920,1940400,کافه رستوران ونک
1404/10/09,SKU00042,شیر کم‌چرب ۱ لیتری,عدد,18,43680,35280,786240,مینی‌مارکت شبانه
1404/10/09,SKU00043,ماست دبه ۲ کیلویی,عدد,10,172200,138600,1722000,کافه رستوران ونک
1404/10/09,SKU00044,کره حیوانی ۱۰۰ گرمی,عدد,9,99120,79800,892080,هایپر ستاره شهر
1404/10/09,SKU00045,مایع ظرفشویی ۳.۷۵ لیتری,عدد,15,184800,147000,2772000,مینی‌مارکت شبانه
1404/10/09,SKU00046,پودر لباسشویی ۵ کیلویی,عدد,4,394800,323400,1579200,فروشگاه امید
1404/10/09,SKU00047,دستمال کاغذی ۳۰۰ برگ,بسته,27,71400,57120,1927800,فروشگاه زنجیره‌ای مهر
1404/10/09,SKU00048,شامپو ۹۰۰ میلی‌لیتری,عدد,6,225120,180600,1350720,سوپرمارکت آفتاب
1404/10/09,SKU00049,خمیر دندان ۱۰۰ گرمی,عدد,20,77280,60480,1545600,فروشگاه گلستان
1404/10/09,SKU00050,صابون بسته ۶ عددی,بسته,6,100800,80640,604800,فروشگاه امید
1404/10/10,SKU00001,برنج ایرانی هاشمی ۱۰ کیلویی,کارتن,4,3783462,3194923,15133848,فروشگاه سپیدار
1404/10/10,SKU00027,برنج پاکستانی باسماتی ۱۰ کیلویی,کارتن,6,2228038,1765615,13368228,بقالی برادران احمدی
1404/10/10,SKU00028,روغن آفتابگردان ۱.۸ لیتری,عدد,24,155542,126115,3733008,تعاونی مصرف کارکنان
1404/10/10,SKU00029,روغن سرخ‌کردنی ۴.۵ لیتری,عدد,8,382550,319492,3060400,بقالی برادران احمدی
1404/10/10,SKU00030,شکر سفید ۹۰۰ گرمی,عدد,33,35312,29427,1165296,کافه رستوران ونک
1404/10/10,SKU00031,چای کیسه‌ای ۱۰۰ عددی,عدد,5,205988,163950,1029940,تعاونی مصرف کارکنان
1404/10/10,SKU00032,قهوه فوری ۲۰۰ گرمی,عدد,5,437200,353123,2186000,فروشگاه گلستان
1404/10/10,SKU00033,نوشابه خانواده ۱.۵ لیتری,عدد,63,40357,31949,2542491,فروشگاه رفاه محلی
1404/10/10,SKU00034,آب معدنی ۱.۵ لیتری بسته ۶ عددی,بسته,35,80714,65580,2824990,فروشگاه رفاه محلی
1404/10/10,SKU00035,ماکارونی ۷۰۰ گرمی,عدد,12,43720,35312,524640,فروشگاه یاس
1404/10/10,SKU00036,رب گوجه ۸۰۰ گرمی,عدد,7,90803,73988,635621,فروشگاه امید
1404/10/10,SKU00037,تن ماهی ۱۸۰ گرمی,عدد,15,141249,113504,2118735,فروشگاه زنجیره‌ای مهر
1404/10/10,SKU00038,لوبیا چیتی ۹۰۰ گرمی,عدد,10,119389,96688,1193890,فروشگاه رفاه محلی
1404/10/10,SKU00039,عدس ۹۰۰ گرمی,عدد,11,102574,82395,1128314,مینی‌مارکت شبانه
1404/10/10,SKU00040,نخود ۹۰۰ گرمی,عدد,6,109300,88281,655800,فروشگاه امید
1404/10/10,SKU00041,پنیر سفید ۴۰۰ گرمی,عدد,16,92485,73988,1479760,مینی‌مارکت شبانه
1404/10/10,SKU00042,شیر کم‌چرب ۱ لیتری,عدد,39,43720,35312,1705080,فروشگاه یاس
1404/10/10,SKU00043,ماست دبه ۲ کیلویی,عدد,13,172358,138727,2240654,فروشگاه امید
1404/10/10,SKU00044,کره حیوانی ۱۰۰ گرمی,عدد,10,99211,79873,992110,فروشگاه سپیدار
1404/10/10,SKU00045,مایع ظرفشویی ۳.۷۵ لیتری,عدد,13,184969,147135,2404597,فروشگاه سپیدار
1404/10/10,SKU00046,پودر لباسشویی ۵ کیلویی,عدد,9,395162,323696,3556458,فروشگاه گلستان
1404/10/10,SKU00047,دستمال کاغذی ۳۰۰ برگ,بسته,33,71465,57172,2358345,بقالی برادران احمدی
1404/10/10,SKU00048,شامپو ۹۰۰ میلی‌لیتری,عدد,9,225326,180765,2027934,بوفه دانشگاه
1404/10/10,SKU00049,خمیر دندان ۱۰۰ گرمی,عدد,9,77351,60535,696159,مینی‌مارکت نسیم
1404/10/10,SKU00050,صابون بسته ۶ عددی,بسته,2,100892,80714,201784,بوفه دانشگاه
1404/10/11,SKU00001,برنج ایرانی هاشمی ۱۰ کیلویی,کارتن,6,3786923,3197846,22721538,بوفه دانشگاه
1404/10/11,SKU00027,برنج پاکستانی باسماتی ۱۰ کیلویی,کارتن,1,2230077,1767231,2230077,مینی‌مارکت شبانه
1404/10/11,SKU00028,روغن آفتابگردان ۱.۸ لیتری,عدد,42,155685,126231,6538770,فروشگاه امید
1404/10/11,SKU00029,روغن سرخ‌کردنی ۴.۵ لیتری,عدد,6,382900,319785,2297400,فروشگاه زنجیره‌ای مهر
1404/10/11,SKU00030,شکر سفید ۹۰۰ گرمی,عدد,69,35345,29454,2438805,مینی‌مارکت شبانه
1404/10/11,SKU00031,چای کیسه‌ای ۱۰۰ عددی,عدد,14,206177,164100,2886478,فروشگاه سپیدار
1404/10/11,SKU00032,قهوه فوری ۲۰۰ گرمی,عدد,8,437600,353446,3500800,هایپر نیک
1404/10/11,SKU00033,نوشابه خانواده ۱.۵ لیتری,عدد,57,40394,31978,2302458,مینی‌مارکت نسیم
1404/10/11,SKU00034,آب معدنی ۱.۵ لیتری بسته ۶ عددی,بسته,17,80788,65640,1373396,فروشگاه زنجیره‌ای مهر
1404/10/11,SKU00035,ماکارونی ۷۰۰ گرمی,عدد,41,43760,35345,1794160,فروشگاه رفاه محلی
1404/10/11,SKU00036,رب گوجه ۸۰۰ گرمی,عدد,4,90886,74055,363544,هایپر نیک
1404/10/11,SKU00037,تن ماهی ۱۸۰ گرمی,عدد,19,141378,113608,2686182,تعاونی مصرف کارکنان
1404/10/11,SKU00038,لوبیا چیتی ۹۰۰ گرمی,عدد,3,119498,96777,358494,سوپرمارکت پارسیان
1404/10/11,SKU00039,عدس ۹۰۰ گرمی,عدد,12,102668,82471,1232016,بوفه دانشگاه
1404/10/11,SKU00040,نخود ۹۰۰ گرمی,عدد,9,109400,88362,984600,فروشگاه زنجیره‌ای مهر
1404/10/11,SKU00041,پنیر سفید ۴۰۰ گرمی,عدد,37,92569,74055,3425053,سوپرمارکت آفتاب
1404/10/11,SKU00042,شیر کم‌چرب ۱ لیتری,عدد,39,43760,35345,1706640,سوپرمارکت پارسیان
1404/10/11,SKU00043,ماست دبه ۲ کیلویی,عدد,24,172515,138854,4140360,فروشگاه یاس
1404/10/11,SKU00044,کره حیوانی ۱۰۰ گرمی,عدد,21,99302,79946,2085342,سوپرمارکت پارسیان
1404/10/11,SKU00045,مایع ظرفشویی ۳.۷۵ لیتری,عدد,23,185138,147269,4258174,فروشگاه سپیدار
1404/10/11,SKU00046,پودر لباسشویی ۵ کیلویی,عدد,11,395523,323992,4350753,فروشگاه زنجیره‌ای مهر
1404/10/11,SKU00047,دستمال کاغذی ۳۰۰ برگ,بسته,20,71531,57225,1430620,تعاونی مصرف کارکنان
1404/10/11,SKU00048,شامپو ۹۰۰ میلی‌لیتری,عدد,11,225532,180931,2480852,فروشگاه زنجیره‌ای مهر
1404/10/11,SKU00049,خمیر دندان ۱۰۰ گرمی,عدد,19,77422,60591,1471018,کافه رستوران ونک
1404/10/11,SKU00050,صابون بسته ۶ عددی,بسته,19,100985,80788,1918715,فروشگاه گلستان
1404/10/12,SKU00001,برنج ایرانی هاشمی ۱۰ کیلویی,کارتن,2,3790385,3200769,7580770,بوفه دانشگاه
1404/10/12,SKU00027,برنج پاکستانی باسماتی ۱۰ کیلویی,کارتن,1,2232115,1768846,2232115,هایپر ستاره شهر
1404/10/12,SKU00028,روغن آفتابگردان ۱.۸ لیتری,عدد,15,155827,126346,2337405,سوپرمارکت پارسیان
1404/10/12,SKU00029,روغن سرخ‌کردنی ۴.۵ لیتری,عدد,4,383250,320077,1533000,سوپر مارکت البرز
1404/10/12,SKU00030,شکر سفید ۹۰۰ گرمی,عدد,17,35377,29481,601409,تعاونی مصرف کارکنان
1404/10/12,SKU00031,چای کیسه‌ای ۱۰۰ عددی,عدد,5,206365,164250,1031825,فروشگاه سپیدار
1404/10/12,SKU00032,قهوه فوری ۲۰۰ گرمی,عدد,5,438000,353769,2190000,مینی‌مارکت نسیم
1404/10/12,SKU00033,نوشابه خانواده ۱.۵ لیتری,عدد,24,40431,32008,970344,سوپرمارکت پارسیان
1404/10/12,SKU00034,آب معدنی ۱.۵ لیتری بسته ۶ عددی,بسته,13,80862,65700,1051206,بوفه دانشگاه
1404/10/12,SKU00035,ماکارونی ۷۰۰ گرمی,عدد,17,43800,35377,744600,سوپرمارکت پارسیان
1404/10/12,SKU00036,رب گوجه ۸۰۰ گرمی,عدد,4,90969,74123,363876,مینی‌مارکت نسیم
1404/10/12,SKU00037,تن ماهی ۱۸۰ گرمی,عدد,14,141508,113712,1981112,سوپر مارکت البرز
1404/10/12,SKU00038,لوبیا چیتی ۹۰۰ گرمی,عدد,2,119608,96865,239216,فروشگاه سپیدار
1404/10/12,SKU00039,عدس ۹۰۰ گرمی,عدد,4,102762,82546,411048,کافه رستوران ونک
1404/10/12,SKU00040,نخود ۹۰۰ گرمی,عدد,3,109500,88442,328500,سوپرمارکت آفتاب
1404/10/12,SKU00041,پنیر سفید ۴۰۰ گرمی,عدد,13,92654,74123,1204502,فروشگاه رفاه محلی
1404/10/12,SKU00042,شیر کم‌چرب ۱ لیتری,عدد,13,43800,35377,569400,سوپر پروتئین سبز
1404/10/12,SKU00043,ماست دبه ۲ کیلویی,عدد,8,172673,138981,1381384,فروشگاه یاس
1404/10/12,SKU00044,کره حیوانی ۱۰۰ گرمی,عدد,4,99392,80019,397568,فروشگاه امید
1404/10/12,SKU00045,مایع ظرفشویی ۳.۷۵ لیتری,عدد,7,185308,147404,1297156,سوپرمارکت آفتاب
1404/10/12,SKU00046,پودر لباسشویی ۵ کیلویی,عدد,1,395885,324288,395885,سوپر مارکت البرز
1404/10/12,SKU00047,دستمال کاغذی ۳۰۰ برگ,بسته,19,71596,57277,1360324,بوفه دانشگاه
1404/10/12,SKU00048,شامپو ۹۰۰ میلی‌لیتری,عدد,2,225738,181096,451476,بوفه دانشگاه
1404/10/12,SKU00049,خمیر دندان ۱۰۰ گرمی,عدد,5,77492,60646,387460,تعاونی مصرف کارکنان
1404/10/12,SKU00050,صابون بسته ۶ عددی,بسته,6,101077,80862,606462,کافه رستوران ونک
1404/10/13,SKU00001,برنج ایرانی هاشمی ۱۰ کیلویی,کارتن,4,3793846,3203692,15175384,کافه رستوران ونک
1404/10/13,SKU00027,برنج پاکستانی باسماتی ۱۰ کیلویی,کارتن,5,2234154,1770462,11170770,هایپر نیک
1404/10/13,SKU00028,روغن آفتابگردان ۱.۸ لیتری,عدد,34,155969,126462,5302946,بوفه دانشگاه
1404/10/13,SKU00029,روغن سرخ‌کردنی ۴.۵ لیتری,عدد,5,383600,320369,1918000,فروشگاه یاس
1404/10/13,SKU00030,شکر سفید ۹۰۰ گرمی,عدد,34,35409,29508,1203906,تعاونی مصرف کارکنان
1404/10/13,SKU00031,چای کیسه‌ای ۱۰۰ عددی,عدد,7,206554,164400,1445878,هایپر نیک
1404/10/13,SKU00032,قهوه فوری ۲۰۰ گرمی,عدد,3,438400,354092,1315200,کافه رستوران ونک
1404/10/13,SKU00033,نوشابه خانواده ۱.۵ لیتری,عدد,49,40468,32037,1982932,فروشگاه رفاه محلی
1404/10/13,SKU00034,آب معدنی ۱.۵ لیتری بسته ۶ عددی,بسته,25,80935,65760,2023375,سوپرمارکت پارسیان
1404/10/13,SKU00035,ماکارونی ۷۰۰ گرمی,عدد,36,43840,35409,1578240,هایپر ستاره شهر
1404/10/13,SKU00036,رب گوجه ۸۰۰ گرمی,عدد,13,91052,74191,1183676,تعاونی مصرف کارکنان
1404/10/13,SKU00037,تن ماهی ۱۸۰ گرمی,عدد,18,141637,113815,2549466,فروشگاه سپیدار
1404/10/13,SKU00038,لوبیا چیتی ۹۰۰ گرمی,عدد,10,119717,96954,1197170,فروشگاه یاس
1404/10/13,SKU00039,عدس ۹۰۰ گرمی,عدد,1,102855,82622,102855,هایپر نیک
1404/10/13,SKU00040,نخود ۹۰۰ گرمی,عدد,1,109600,88523,109600,کافه رستوران ونک
1404/10/13,SKU00041,پنیر سفید ۴۰۰ گرمی,عدد,25,92738,74191,2318450,بقالی برادران احمدی
1404/10/13,SKU00042,شیر کم‌چرب ۱ لیتری,عدد,50,43840,35409,2192000,بوفه دانشگاه
1404/10/13,SKU00043,ماست دبه ۲ کیلویی,عدد,13,172831,139108,2246803,هایپر نیک
1404/10/13,SKU00044,کره حیوانی ۱۰۰ گرمی,عدد,13,99483,80092,1293279,فروشگاه رفاه محلی
1404/10/13,SKU00045,مایع ظرفشویی ۳.۷۵ لیتری,عدد,16,185477,147538,2967632,مینی‌مارکت نسیم
1404/10/13,SKU00046,پودر لباسشویی ۵ کیلویی,عدد,6,396246,324585,2377476,فروشگاه امید
1404/10/13,SKU00047,دستمال کاغذی ۳۰۰ برگ,بسته,21,71662,57329,1504902,هایپر ستاره شهر
1404/10/13,SKU00048,شامپو ۹۰۰ میلی‌لیتری,عدد,4,225945,181262,903780,مینی‌مارکت نسیم
1404/10/13,SKU00049,خمیر دندان ۱۰۰ گرمی,عدد,1,77563,60702,77563,فروشگاه سپیدار
1404/10/13,SKU00050,صابون بسته ۶ عددی,بسته,9,101169,80935,910521,سوپرمارکت پارسیان
1404/10/14,SKU00001,برنج ایرانی هاشمی ۱۰ کیلویی,کارتن,2,3797308,3206615,7594616,فروشگاه گلستان
1404/10/14,SKU00027,برنج پاکستانی باسماتی ۱۰ کیلویی,کارتن,1,2236192,1772077,2236192,فروشگاه رفاه محلی
1404/10/14,SKU00028,روغن آفتابگردان ۱.۸ لیتری,عدد,30,156112,126577,4683360,سوپرمارکت پارسیان
1404/10/14,SKU00029,روغن سرخ‌کردنی ۴.۵ لیتری,عدد,1,383950,320662,383950,سوپرمارکت پارسیان
1404/10/14,SKU00030,شکر سفید ۹۰۰ گرمی,عدد,17,35442,29535,602514,سوپرمارکت آفتاب
1404/10/14,SKU00031,چای کیسه‌ای ۱۰۰ عددی,عدد,5,206742,164550,1033710,فروشگاه امید
1404/10/14,SKU00032,قهوه فوری ۲۰۰ گرمی,عدد,3,438800,354415,1316400,سوپر پروتئین سبز
1404/10/14,SKU00033,نوشابه خانواده ۱.۵ لیتری,عدد,35,40505,32066,1417675,فروشگاه زنجیره‌ای مهر
1404/10/14,SKU00034,آب معدنی ۱.۵ لیتری بسته ۶ عددی,بسته,16,81009,65820,1296144,هایپر نیک
1404/10/14,SKU00035,ماکارونی ۷۰۰ گرمی,عدد,17,43880,35442,745960,فروشگاه گلستان
1404/10/14,SKU00036,رب گوجه ۸۰۰ گرمی,عدد,7,91135,74258,637945,کافه رستوران ونک
1404/10/14,SKU00037,تن ماهی ۱۸۰ گرمی,عدد,16,141766,113919,2268256,فروشگاه زنجیره‌ای مهر
1404/10/14,SKU00038,لوبیا چیتی ۹۰۰ گرمی,عدد,8,119826,97042,958608,مینی‌مارکت شبانه
1404/10/14,SKU00039,عدس ۹۰۰ گرمی,عدد,9,102949,82697,926541,فروشگاه رفاه محلی
1404/10/14,SKU00040,نخود ۹۰۰ گرمی,عدد,4,109700,88604,438800,سوپرمارکت پارسیان
1404/10/14,SKU00041,پنیر سفید ۴۰۰ گرمی,عدد,30,92823,74258,2784690,فروشگاه امید
1404/10/14,SKU00042,شیر کم‌چرب ۱ لیتری,عدد,37,43880,35442,1623560,بقالی برادران احمدی
1404/10/14,SKU00043,ماست دبه ۲ کیلویی,عدد,6,172988,139235,1037928,سوپر پروتئین سبز
1404/10/14,SKU00044,کره حیوانی ۱۰۰ گرمی,عدد,8,99574,80165,796592,هایپر ستاره شهر
1404/10/14,SKU00045,مایع ظرفشویی ۳.۷۵ لیتری,عدد,12,185646,147673,2227752,مینی‌مارکت نسیم
1404/10/14,SKU00046,پودر لباسشویی ۵ کیلویی,عدد,5,396608,324881,1983040,تعاونی مصرف کارکنان
1404/10/14,SKU00047,دستمال کاغذی ۳۰۰ برگ,بسته,12,71727,57382,860724,فروشگاه زنجیره‌ای مهر
1404/10/14,SKU00048,شامپو ۹۰۰ میلی‌لیتری,عدد,4,226151,181427,904604,بوفه دانشگاه
1404/10/14,SKU00049,خمیر دندان ۱۰۰ گرمی,عدد,13,77634,60757,1009242,کافه رستوران ونک
1404/10/14,SKU00050,صابون بسته ۶ عددی,بسته,7,101262,81009,708834,مینی‌مارکت نسیم
1404/10/15,SKU00001,برنج ایرانی هاشمی ۱۰ کیلویی,کارتن,2,3800769,3209538,7601538,فروشگاه گلستان
1404/10/15,SKU00027,برنج پاکستانی باسماتی ۱۰ کیلویی,کارتن,4,2238231,1773692,8952924,فروشگاه سپیدار
1404/10/15,SKU00028,روغن آفتابگردان ۱.۸ لیتری,عدد,30,156254,126692,4687620,سوپرمارکت پارسیان
1404/10/15,SKU00029,روغن سرخ‌کردنی ۴.۵ لیتری,عدد,3,384300,320954,1152900,هایپر ستاره شهر
1404/10/15,SKU00030,شکر سفید ۹۰۰ گرمی,عدد,33,35474,29562,1170642,کافه رستوران ونک
1404/10/15,SKU00031,چای کیسه‌ای ۱۰۰ عددی,عدد,8,206931,164700,1655448,بقالی برادران احمدی
1404/10/15,SKU00032,قهوه فوری ۲۰۰ گرمی,عدد,3,439200,354738,1317600,فروشگاه رفاه محلی
1404/10/15,SKU00033,نوشابه خانواده ۱.۵ لیتری,عدد,50,40542,32095,2027100,فروشگاه یاس
1404/10/15,SKU00034,آب معدنی ۱.۵ لیتری بسته ۶ عددی,بسته,18,81083,65880,1459494,سوپر مارکت البرز
1404/10/15,SKU00035,ماکارونی ۷۰۰ گرمی,عدد,31,43920,35474,1361520,هایپر ستاره شهر
1404/10/15,SKU00036,رب گوجه ۸۰۰ گرمی,عدد,11,91218,74326,1003398,سوپر پروتئین سبز
1404/10/15,SKU00037,تن ماهی ۱۸۰ گرمی,عدد,15,141895,114023,2128425,فروشگاه زنجیره‌ای مهر
1404/10/15,SKU00038,لوبیا چیتی ۹۰۰ گرمی,عدد,8,119935,97131,959480,فروشگاه رفاه محلی
1404/10/15,SKU00039,عدس ۹۰۰ گرمی,عدد,9,103043,82772,927387,فروشگاه گلستان
1404/10/15,SKU00040,نخود ۹۰۰ گرمی,عدد,6,109800,88685,658800,فروشگاه زنجیره‌ای مهر
1404/10/15,SKU00041,پنیر سفید ۴۰۰ گرمی,عدد,14,92908,74326,1300712,فروشگاه امید
1404/10/15,SKU00042,شیر کم‌چرب ۱ لیتری,عدد,31,43920,35474,1361520,هایپر ستاره شهر
1404/10/15,SKU00043,ماست دبه ۲ کیلویی,عدد,15,173146,139362,2597190,کافه رستوران ونک
1404/10/15,SKU00044,کره حیوانی ۱۰۰ گرمی,عدد,7,99665,80238,697655,سوپر مارکت البرز
1404/10/15,SKU00045,مایع ظرفشویی ۳.۷۵ لیتری,عدد,13,185815,147808,2415595,هایپر ستاره شهر
1404/10/15,SKU00046,پودر لباسشویی ۵ کیلویی,عدد,7,396969,325177,2778783,فروشگاه زنجیره‌ای مهر
1404/10/15,SKU00047,دستمال کاغذی ۳۰۰ برگ,بسته,15,71792,57434,1076880,مینی‌مارکت شبانه
1404/10/15,SKU00048,شامپو ۹۰۰ میلی‌لیتری,عدد,7,226357,181592,1584499,کافه رستوران ونک
1404/10/15,SKU00049,خمیر دندان ۱۰۰ گرمی,عدد,11,77705,60812,854755,فروشگاه امید
1404/10/15,SKU00050,صابون بسته ۶ عددی,بسته,10,101354,81083,1013540,فروشگاه یاس
1404/10/16,SKU00001,برنج ایرانی هاشمی ۱۰ کیلویی,کارتن,2,3804231,3212462,7608462,سوپرمارکت آفتاب
1404/10/16,SKU00027,برنج پاکستانی باسماتی ۱۰ کیلویی,کارتن,2,2240269,1775308,4480538,بقالی برادران احمدی
1404/10/16,SKU00028,روغن آفتابگردان ۱.۸ لیتری,عدد,16,156396,126808,2502336,بوفه دانشگاه
1404/10/16,SKU00029,روغن سرخ‌کردنی ۴.۵ لیتری,عدد,6,384650,321246,2307900,فروشگاه امید
1404/10/16,SKU00030,شکر سفید ۹۰۰ گرمی,عدد,29,35506,29588,1029674,فروشگاه یاس
1404/10/16,SKU00031,چای کیسه‌ای ۱۰۰ عددی,عدد,7,207119,164850,1449833,تعاونی مصرف کارکنان
1404/10/16,SKU00032,قهوه فوری ۲۰۰ گرمی,عدد,6,439600,355062,2637600,مینی‌مارکت شبانه
1404/10/16,SKU00033,نوشابه خانواده ۱.۵ لیتری,عدد,67,40578,32125,2718726,سوپر مارکت البرز
1404/10/16,SKU00034,آب معدنی ۱.۵ لیتری بسته ۶ عددی,بسته,15,81157,65940,1217355,مینی‌مارکت شبانه
1404/10/16,SKU00035,ماکارونی ۷۰۰ گرمی,عدد,25,43960,35506,1099000,مینی‌مارکت شبانه
1404/10/16,SKU00036,رب گوجه ۸۰۰ گرمی,عدد,12,91302,74394,1095624,بقالی برادران احمدی
1404/10/16,SKU00037,تن ماهی ۱۸۰ گرمی,عدد,10,142025,114127,1420250,کافه رستوران ونک
1404/10/16,SKU00038,لوبیا چیتی ۹۰۰ گرمی,عدد,7,120045,97219,840315,بوفه دانشگاه
1404/10/16,SKU00039,عدس ۹۰۰ گرمی,عدد,6,103137,82848,618822,بوفه دانشگاه
1404/10/16,SKU00040,نخود ۹۰۰ گرمی,عدد,7,109900,88765,769300,سوپر مارکت البرز
1404/10/16,SKU00041,پنیر سفید ۴۰۰ گرمی,عدد,22,92992,74394,2045824,هایپر ستاره شهر
1404/10/16,SKU00042,شیر کم‌چرب ۱ لیتری,عدد,13,43960,35506,571480,فروشگاه سپیدار
1404/10/16,SKU00043,ماست دبه ۲ کیلویی,عدد,12,173304,139488,2079648,فروشگاه یاس
1404/10/16,SKU00044,کره حیوانی ۱۰۰ گرمی,عدد,7,99755,80312,698285,سوپر پروتئین سبز
1404/10/16,SKU00045,مایع ظرفشویی ۳.۷۵ لیتری,عدد,11,185985,147942,2045835,مینی‌مارکت شبانه
1404/10/16,SKU00046,پودر لباسشویی ۵ کیلویی,عدد,8,397331,325473,3178648,فروشگاه امید
1404/10/16,SKU00047,دستمال کاغذی ۳۰۰ برگ,بسته,26,71858,57486,1868308,فروشگاه زنجیره‌ای مهر
1404/10/16,SKU00048,شامپو ۹۰۰ میلی‌لیتری,عدد,3,226563,181758,679689,سوپرمارکت پارسیان
1404/10/16,SKU00049,خمیر دندان ۱۰۰ گرمی,عدد,12,77775,60868,933300,فروشگاه رفاه محلی
1404/10/16,SKU00050,صابون بسته ۶ عددی,بسته,7,101446,81157,710122,سوپرمارکت آفتاب
1404/10/17,SKU00001,برنج ایرانی هاشمی ۱۰ کیلویی,کارتن,3,3807692,3215385,11423076,سوپرمارکت پارسیان
1404/10/17,SKU00027,برنج پاکستانی باسماتی ۱۰ کیلویی,کارتن,7,2242308,1776923,15696156,سوپر مارکت البرز
1404/10/17,SKU00028,روغن آفتابگردان ۱.۸ لیتری,عدد,20,156538,126923,3130760,فروشگاه امید
1404/10/17,SKU00029,روغن سرخ‌کردنی ۴.۵ لیتری,عدد,8,385000,321538,3080000,فروشگاه یاس
1404/10/17,SKU00030,شکر سفید ۹۰۰ گرمی,عدد,32,35538,29615,1137216,سوپر مارکت البرز
1404/10/17,SKU00031,چای کیسه‌ای ۱۰۰ عددی,عدد,17,207308,165000,3524236,هایپر نیک
1404/10/17,SKU00032,قهوه فوری ۲۰۰ گرمی,عدد,2,440000,355385,880000,فروشگاه یاس
1404/10/17,SKU00033,نوشابه خانواده ۱.۵ لیتری,عدد,68,40615,32154,2761820,کافه رستوران ونک
1404/10/17,SKU00034,آب معدنی ۱.۵ لیتری بسته ۶ عددی,بسته,17,81231,66000,1380927,تعاونی مصرف کارکنان
1404/10/17,SKU00035,ماکارونی ۷۰۰ گرمی,عدد,42,44000,35538,1848000,فروشگاه امید
1404/10/17,SKU00036,رب گوجه ۸۰۰ گرمی,عدد,16,91385,74462,1462160,کافه رستوران ونک
1404/10/17,SKU00037,تن ماهی ۱۸۰ گرمی,عدد,17,142154,114231,2416618,سوپر پروتئین سبز
1404/10/17,SKU00038,لوبیا چیتی ۹۰۰ گرمی,عدد,9,120154,97308,1081386,مینی‌مارکت نسیم
1404/10/17,SKU00039,عدس ۹۰۰ گرمی,عدد,10,103231,82923,1032310,بوفه دانشگاه
1404/10/17,SKU00040,نخود ۹۰۰ گرمی,عدد,4,110000,88846,440000,سوپرمارکت آفتاب
1404/10/17,SKU00041,پنیر سفید ۴۰۰ گرمی,عدد,21,93077,74462,1954617,مینی‌مارکت نسیم
1404/10/17,SKU00042,شیر کم‌چرب ۱ لیتری,عدد,47,44000,35538,2068000,مینی‌مارکت شبانه
1404/10/17,SKU00043,ماست دبه ۲ کیلویی,عدد,18,173462,139615,3122316,سوپرمارکت پارسیان
1404/10/17,SKU00044,کره حیوانی ۱۰۰ گرمی,عدد,13,99846,80385,1297998,مینی‌مارکت نسیم
1404/10/17,SKU00045,مایع ظرفشویی ۳.۷۵ لیتری,عدد,14,186154,148077,2606156,سوپرمارکت آفتاب
1404/10/17,SKU00046,پودر لباسشویی ۵ کیلویی,عدد,7,397692,325769,2783844,سوپرمارکت پارسیان
1404/10/17,SKU00047,دستمال کاغذی ۳۰۰ برگ,بسته,16,71923,57538,1150768,تعاونی مصرف کارکنان
1404/10/17,SKU00048,شامپو ۹۰۰ میلی‌لیتری,عدد,8,226769,181923,1814152,سوپر پروتئین سبز
1404/10/17,SKU00049,خمیر دندان ۱۰۰ گرمی,عدد,13,77846,60923,1011998,بقالی برادران احمدی
1404/10/17,SKU00050,صابون بسته ۶ عددی,بسته,9,101538,81231,913842,بوفه دانشگاه
1404/10/18,SKU00001,برنج ایرانی هاشمی ۱۰ کیلویی,کارتن,3,3811154,3218308,11433462,بوفه دانشگاه
1404/10/18,SKU00027,برنج پاکستانی باسماتی ۱۰ کیلویی,کارتن,4,2244346,1778538,8977384,سوپر مارکت البرز
1404/10/18,SKU00028,روغن آفتابگردان ۱.۸ لیتری,عدد,43,156681,127038,6737283,فروشگاه رفاه محلی
1404/10/18,SKU00029,روغن سرخ‌کردنی ۴.۵ لیتری,عدد,10,385350,321831,3853500,فروشگاه گلستان
1404/10/18,SKU00030,شکر سفید ۹۰۰ گرمی,عدد,35,35571,29642,1244985,سوپرمارکت پارسیان
1404/10/18,SKU00031,چای کیسه‌ای ۱۰۰ عددی,عدد,11,207496,165150,2282456,فروشگاه زنجیره‌ای مهر
1404/10/18,SKU00032,قهوه فوری ۲۰۰ گرمی,عدد,10,440400,355708,4404000,فروشگاه سپیدار
1404/10/18,SKU00033,نوشابه خانواده ۱.۵ لیتری,عدد,93,40652,32183,3780636,بقالی برادران احمدی
1404/10/18,SKU00034,آب معدنی ۱.۵ لیتری بسته ۶ عددی,بسته,42,81305,66060,3414810,سوپر مارکت البرز
1404/10/18,SKU00035,ماکارونی ۷۰۰ گرمی,عدد,26,44040,35571,1145040,تعاونی مصرف کارکنان
1404/10/18,SKU00036,رب گوجه ۸۰۰ گرمی,عدد,19,91468,74529,1737892,فروشگاه گلستان
1404/10/18,SKU00037,تن ماهی ۱۸۰ گرمی,عدد,12,142283,114335,1707396,فروشگاه زنجیره‌ای مهر
1404/10/18,SKU00038,لوبیا چیتی ۹۰۰ گرمی,عدد,11,120263,97396,1322893,فروشگاه سپیدار
1404/10/18,SKU00039,عدس ۹۰۰ گرمی,عدد,19,103325,82998,1963175,کافه رستوران ونک
1404/10/18,SKU00040,نخود ۹۰۰ گرمی,عدد,6,110100,88927,660600,هایپر نیک
1404/10/18,SKU00041,پنیر سفید ۴۰۰ گرمی,عدد,24,93162,74529,2235888,فروشگاه امید
1404/10/18,SKU00042,شیر کم‌چرب ۱ لیتری,عدد,30,44040,35571,1321200,سوپرمارکت پارسیان
1404/10/18,SKU00043,ماست دبه ۲ کیلویی,عدد,21,173619,139742,3645999,فروشگاه یاس
1404/10/18,SKU00044,کره حیوانی ۱۰۰ گرمی,عدد,16,99937,80458,1598992,بوفه دانشگاه
1404/10/18,SKU00045,مایع ظرفشویی ۳.۷۵ لیتری,عدد,12,186323,148212,2235876,مینی‌مارکت نسیم
1404/10/18,SKU00046,پودر لباسشویی ۵ کیلویی,عدد,8,398054,326065,3184432,سوپر پروتئین سبز
1404/10/18,SKU00047,دستمال کاغذی ۳۰۰ برگ,بسته,22,71988,57591,1583736,بقالی برادران احمدی
1404/10/18,SKU00048,شامپو ۹۰۰ میلی‌لیتری,عدد,6,226975,182088,1361850,کافه رستوران ونک
1404/10/18,SKU00049,خمیر دندان ۱۰۰ گرمی,عدد,24,77917,60978,1870008,هایپر نیک
1404/10/18,SKU00050,صابون بسته ۶ عددی,بسته,24,101631,81305,2439144,هایپر نیک
1404/10/19,SKU00001,برنج ایرانی هاشمی ۱۰ کیلویی,کارتن,2,3814615,3221231,7629230,هایپر ستاره شهر
1404/10/19,SKU00027,برنج پاکستانی باسماتی ۱۰ کیلویی,کارتن,2,2246385,1780154,4492770,سوپرمارکت پارسیان
1404/10/19,SKU00028,روغن آفتابگردان ۱.۸ لیتری,عدد,15,156823,127154,2352345,هایپر ستاره شهر
1404/10/19,SKU00029,روغن سرخ‌کردنی ۴.۵ لیتری,عدد,5,385700,322123,1928500,بوفه دانشگاه
1404/10/19,SKU00030,شکر سفید ۹۰۰ گرمی,عدد,8,35603,29669,284824,فروشگاه سپیدار
1404/10/19,SKU00031,چای کیسه‌ای ۱۰۰ عددی,عدد,7,207685,165300,1453795,کافه رستوران ونک
1404/10/19,SKU00032,قهوه فوری ۲۰۰ گرمی,عدد,2,440800,356031,881600,فروشگاه گلستان
1404/10/19,SKU00033,نوشابه خانواده ۱.۵ لیتری,عدد,36,40689,32212,1464804,فروشگاه گلستان
1404/10/19,SKU00034,آب معدنی ۱.۵ لیتری بسته ۶ عددی,بسته,8,81378,66120,651024,سوپر مارکت البرز
1404/10/19,SKU00035,ماکارونی ۷۰۰ گرمی,عدد,13,44080,35603,573040,سوپرمارکت آفتاب
1404/10/19,SKU00036,رب گوجه ۸۰۰ گرمی,عدد,10,91551,74597,915510,سوپرمارکت پارسیان
1404/10/19,SKU00037,تن ماهی ۱۸۰ گرمی,عدد,8,142412,114438,1139296,کافه رستوران ونک
1404/10/19,SKU00038,لوبیا چیتی ۹۰۰ گرمی,عدد,4,120372,97485,481488,هایپر نیک
1404/10/19,SKU00039,عدس ۹۰۰ گرمی,عدد,3,103418,83074,310254,فروشگاه امید
1404/10/19,SKU00040,نخود ۹۰۰ گرمی,عدد,3,110200,89008,330600,فروشگاه گلستان
1404/10/19,SKU00041,پنیر سفید ۴۰۰ گرمی,عدد,10,93246,74597,932460,سوپر مارکت البرز
1404/10/19,SKU00042,شیر کم‌چرب ۱ لیتری,عدد,11,44080,35603,484880,فروشگاه امید
1404/10/19,SKU00043,ماست دبه ۲ کیلویی,عدد,8,173777,139869,1390216,مینی‌مارکت نسیم
1404/10/19,SKU00044,کره حیوانی ۱۰۰ گرمی,عدد,3,100028,80531,300084,فروشگاه امید
1404/10/19,SKU00045,مایع ظرفشویی ۳.۷۵ لیتری,عدد,9,186492,148346,1678428,هایپر نیک
1404/10/19,SKU00046,پودر لباسشویی ۵ کیلویی,عدد,4,398415,326362,1593660,تعاونی مصرف کارکنان
1404/10/19,SKU00047,دستمال کاغذی ۳۰۰ برگ,بسته,10,72054,57643,720540,سوپرمارکت پارسیان
1404/10/19,SKU00048,شامپو ۹۰۰ میلی‌لیتری,عدد,4,227182,182254,908728,فروشگاه گلستان
1404/10/19,SKU00049,خمیر دندان ۱۰۰ گرمی,عدد,7,77988,61034,545916,تعاونی مصرف کارکنان
1404/10/19,SKU00050,صابون بسته ۶ عددی,بسته,5,101723,81378,508615,فروشگاه امید
1404/10/20,SKU00001,برنج ایرانی هاشمی ۱۰ کیلویی,کارتن,3,3818077,3224154,11454231,هایپر ستاره شهر
1404/10/20,SKU00027,برنج پاکستانی باسماتی ۱۰ کیلویی,کارتن,2,2248423,1781769,4496846,بوفه دانشگاه
1404/10/20,SKU00028,روغن آفتابگردان ۱.۸ لیتری,عدد,33,156965,127269,5179845,فروشگاه رفاه محلی
1404/10/20,SKU00029,روغن سرخ‌کردنی ۴.۵ لیتری,عدد,5,386050,322415,1930250,فروشگاه سپیدار
1404/10/20,SKU00030,شکر سفید ۹۰۰ گرمی,عدد,34,35635,29696,1211590,فروشگاه سپیدار
1404/10/20,SKU00031,چای کیسه‌ای ۱۰۰ عددی,عدد,5,207873,165450,1039365,بقالی برادران احمدی
1404/10/20,SKU00032,قهوه فوری ۲۰۰ گرمی,عدد,1,441200,356354,441200,مینی‌مارکت شبانه
1404/10/20,SKU00033,نوشابه خانواده ۱.۵ لیتری,عدد,57,40726,32242,2321382,هایپر نیک
1404/10/20,SKU00034,آب معدنی ۱.۵ لیتری بسته ۶ عددی,بسته,16,81452,66180,1303232,بقالی برادران احمدی
1404/10/20,SKU00035,ماکارونی ۷۰۰ گرمی,عدد,32,44120,35635,1411840,سوپر مارکت البرز
1404/10/20,SKU00036,رب گوجه ۸۰۰ گرمی,عدد,12,91634,74665,1099608,فروشگاه رفاه محلی
1404/10/20,SKU00037,تن ماهی ۱۸۰ گرمی,عدد,12,142542,114542,1710504,سوپر پروتئین سبز
1404/10/20,SKU00038,لوبیا چیتی ۹۰۰ گرمی,عدد,11,120482,97573,1325302,تعاونی مصرف کارکنان
1404/10/20,SKU00039,عدس ۹۰۰ گرمی,عدد,5,103512,83149,517560,مینی‌مارکت نسیم
1404/10/20,SKU00040,نخود ۹۰۰ گرمی,عدد,5,110300,89088,551500,بقالی برادران احمدی
1404/10/20,SKU00041,پنیر سفید ۴۰۰ گرمی,عدد,3,93331,74665,279993,فروشگاه رفاه محلی
1404/10/20,SKU00042,شیر کم‌چرب ۱ لیتری,عدد,26,44120,35635,1147120,فروشگاه زنجیره‌ای مهر
1404/10/20,SKU00043,ماست دبه ۲ کیلویی,عدد,12,173935,139996,2087220,سوپر پروتئین سبز
1404/10/20,SKU00044,کره حیوانی ۱۰۰ گرمی,عدد,5,100118,80604,500590,سوپر مارکت البرز
1404/10/20,SKU00045,مایع ظرفشویی ۳.۷۵ لیتری,عدد,11,186662,148481,2053282,هایپر نیک
1404/10/20,SKU00046,پودر لباسشویی ۵ کیلویی,عدد,7,398777,326658,2791439,فروشگاه زنجیره‌ای مهر
1404/10/20,SKU00047,دستمال کاغذی ۳۰۰ برگ,بسته,16,72119,57695,1153904,بوفه دانشگاه
1404/10/20,SKU00048,شامپو ۹۰۰ میلی‌لیتری,عدد,3,227388,182419,682164,کافه رستوران ونک
1404/10/20,SKU00049,خمیر دندان ۱۰۰ گرمی,عدد,11,78058,61089,858638,سوپر مارکت البرز
1404/10/20,SKU00050,صابون بسته ۶ عددی,بسته,13,101815,81452,1323595,سوپرمارکت آفتاب
1404/10/21,SKU00001,برنج ایرانی هاشمی ۱۰ کیلویی,کارتن,1,3821538,3227077,3821538,سوپرمارکت آفتاب
1404/10/21,SKU00027,برنج پاکستانی باسماتی ۱۰ کیلویی,کارتن,3,2250462,1783385,6751386,فروشگاه امید
1404/10/21,SKU00028,روغن آفتابگردان ۱.۸ لیتری,عدد,21,157108,127385,3299268,کافه رستوران ونک
1404/10/21,SKU00029,روغن سرخ‌کردنی ۴.۵ لیتری,عدد,8,386400,322708,3091200,بوفه دانشگاه
1404/10/21,SKU00030,شکر سفید ۹۰۰ گرمی,عدد,22,35668,29723,784696,سوپرمارکت آفتاب
1404/10/21,SKU00031,چای کیسه‌ای ۱۰۰ عددی,عدد,8,208062,165600,1664496,فروشگاه یاس
1404/10/21,SKU00032,قهوه فوری ۲۰۰ گرمی,عدد,2,441600,356677,883200,فروشگاه گلستان
1404/10/21,SKU00033,نوشابه خانواده ۱.۵ لیتری,عدد,45,40763,32271,1834335,بوفه دانشگاه
1404/10/21,SKU00034,آب معدنی ۱.۵ لیتری بسته ۶ عددی,بسته,21,81526,66240,1712046,فروشگاه گلستان
1404/10/21,SKU00035,ماکارونی ۷۰۰ گرمی,عدد,35,44160,35668,1545600,سوپر مارکت البرز
1404/10/21,SKU00036,رب گوجه ۸۰۰ گرمی,عدد,20,91717,74732,1834340,فروشگاه سپیدار
1404/10/21,SKU00037,تن ماهی ۱۸۰ گرمی,عدد,18,142671,114646,2568078,فروشگاه یاس
1404/10/21,SKU00038,لوبیا چیتی ۹۰۰ گرمی,عدد,5,120591,97662,602955,سوپر مارکت البرز
1404/10/21,SKU00039,عدس ۹۰۰ گرمی,عدد,4,103606,83225,414424,بوفه دانشگاه
1404/10/21,SKU00040,نخود ۹۰۰ گرمی,عدد,4,110400,89169,441600,فروشگاه گلستان
1404/10/21,SKU00041,پنیر سفید ۴۰۰ گرمی,عدد,22,93415,74732,2055130,بوفه دانشگاه
1404/10/21,SKU00042,شیر کم‌چرب ۱ لیتری,عدد,43,44160,35668,1898880,فروشگاه امید
1404/10/21,SKU00043,ماست دبه ۲ کیلویی,عدد,18,174092,140123,3133656,مینی‌مارکت نسیم
1404/10/21,SKU00044,کره حیوانی ۱۰۰ گرمی,عدد,12,100209,80677,1202508,فروشگاه زنجیره‌ای مهر
1404/10/21,SKU00045,مایع ظرفشویی ۳.۷۵ لیتری,عدد,9,186831,148615,1681479,سوپر مارکت البرز
1404/10/21,SKU00046,پودر لباسشویی ۵ کیلویی,عدد,5,399138,326954,1995690,بوفه دانشگاه
1404/10/21,SKU00047,دستمال کاغذی ۳۰۰ برگ,بسته,1,72185,57748,72185,بوفه دانشگاه
1404/10/21,SKU00048,شامپو ۹۰۰ میلی‌لیتری,عدد,5,227594,182585,1137970,سوپرمارکت آفتاب
1404/10/21,SKU00049,خمیر دندان ۱۰۰ گرمی,عدد,16,78129,61145,1250064,مینی‌مارکت شبانه
1404/10/21,SKU00050,صابون بسته ۶ عددی,بسته,1,101908,81526,101908,مینی‌مارکت شبانه
1404/10/22,SKU00001,برنج ایرانی هاشمی ۱۰ کیلویی,کارتن,3,3825000,3230000,11475000,هایپر نیک
1404/10/22,SKU00027,برنج پاکستانی باسماتی ۱۰ کیلویی,کارتن,5,2252500,1785000,11262500,سوپرمارکت آفتاب
1404/10/22,SKU00028,روغن آفتابگردان ۱.۸ لیتری,عدد,19,157250,127500,2987750,فروشگاه رفاه محلی
1404/10/22,SKU00029,روغن سرخ‌کردنی ۴.۵ لیتری,عدد,6,386750,323000,2320500,سوپر پروتئین سبز
1404/10/22,SKU00030,شکر سفید ۹۰۰ گرمی,عدد,19,35700,29750,678300,مینی‌مارکت شبانه
1404/10/22,SKU00031,چای کیسه‌ای ۱۰۰ عددی,عدد,8,208250,165750,1666000,کافه رستوران ونک
1404/10/22,SKU00032,قهوه فوری ۲۰۰ گرمی,عدد,4,442000,357000,1768000,تعاونی مصرف کارکنان
1404/10/22,SKU00033,نوشابه خانواده ۱.۵ لیتری,عدد,27,40800,32300,1101600,فروشگاه زنجیره‌ای مهر
1404/10/22,SKU00034,آب معدنی ۱.۵ لیتری بسته ۶ عددی,بسته,20,81600,66300,1632000,بوفه دانشگاه
1404/10/22,SKU00035,ماکارونی ۷۰۰ گرمی,عدد,24,44200,35700,1060800,فروشگاه زنجیره‌ای مهر
1404/10/22,SKU00036,رب گوجه ۸۰۰ گرمی,عدد,7,91800,74800,642600,فروشگاه سپیدار
1404/10/22,SKU00037,تن ماهی ۱۸۰ گرمی,عدد,13,142800,114750,1856400,فروشگاه رفاه محلی
1404/10/22,SKU00038,لوبیا چیتی ۹۰۰ گرمی,عدد,4,120700,97750,482800,هایپر نیک
1404/10/22,SKU00039,عدس ۹۰۰ گرمی,عدد,6,103700,83300,622200,فروشگاه رفاه محلی
1404/10/22,SKU00040,نخود ۹۰۰ گرمی,عدد,3,110500,89250,331500,مینی‌مارکت نسیم
1404/10/22,SKU00041,پنیر سفید ۴۰۰ گرمی,عدد,16,93500,74800,1496000,سوپرمارکت آفتاب
1404/10/22,SKU00042,شیر کم‌چرب ۱ لیتری,عدد,24,44200,35700,1060800,سوپر پروتئین سبز
1404/10/22,SKU00043,ماست دبه ۲ کیلویی,عدد,14,174250,140250,2439500,فروشگاه گلستان
1404/10/22,SKU00044,کره حیوانی ۱۰۰ گرمی,عدد,11,100300,80750,1103300,فروشگاه رفاه محلی
1404/10/22,SKU00045,مایع ظرفشویی ۳.۷۵ لیتری,عدد,7,187000,148750,1309000,سوپرمارکت آفتاب
1404/10/22,SKU00046,پودر لباسشویی ۵ کیلویی,عدد,4,399500,327250,1598000,کافه رستوران ونک
1404/10/22,SKU00047,دستمال کاغذی ۳۰۰ برگ,بسته,18,72250,57800,1300500,سوپرمارکت آفتاب
1404/10/22,SKU00048,شامپو ۹۰۰ میلی‌لیتری,عدد,9,227800,182750,2050200,هایپر نیک
1404/10/22,SKU00049,خمیر دندان ۱۰۰ گرمی,عدد,13,78200,61200,1016600,سوپر مارکت البرز
1404/10/22,SKU00050,صابون بسته ۶ عددی,بسته,12,102000,81600,1224000,بقالی برادران احمدی
1404/10/23,SKU00001,برنج ایرانی هاشمی ۱۰ کیلویی,کارتن,3,3828462,3232923,11485386,تعاونی مصرف کارکنان
1404/10/23,SKU00027,برنج پاکستانی باسماتی ۱۰ کیلویی,کارتن,3,2254538,1786615,6763614,فروشگاه یاس
1404/10/23,SKU00028,روغن آفتابگردان ۱.۸ لیتری,عدد,20,157392,127615,3147840,فروشگاه سپیدار
1404/10/23,SKU00029,روغن سرخ‌کردنی ۴.۵ لیتری,عدد,4,387100,323292,1548400,مینی‌مارکت نسیم
1404/10/23,SKU00030,شکر سفید ۹۰۰ گرمی,عدد,27,35732,29777,964764,سوپرمارکت آفتاب
1404/10/23,SKU00031,چای کیسه‌ای ۱۰۰ عددی,عدد,13,208438,165900,2709694,سوپر پروتئین سبز
1404/10/23,SKU00032,قهوه فوری ۲۰۰ گرمی,عدد,1,442400,357323,442400,فروشگاه رفاه محلی
1404/10/23,SKU00033,نوشابه خانواده ۱.۵ لیتری,عدد,54,40837,32329,2205198,فروشگاه سپیدار
1404/10/23,SKU00034,آب معدنی ۱.۵ لیتری بسته ۶ عددی,بسته,20,81674,66360,1633480,فروشگاه یاس
1404/10/23,SKU00035,ماکارونی ۷۰۰ گرمی,عدد,25,44240,35732,1106000,بوفه دانشگاه
1404/10/23,SKU00036,رب گوجه ۸۰۰ گرمی,عدد,6,91883,74868,551298,هایپر ستاره شهر
1404/10/23,SKU00037,تن ماهی ۱۸۰ گرمی,عدد,12,142929,114854,1715148,کافه رستوران ونک
1404/10/23,SKU00038,لوبیا چیتی ۹۰۰ گرمی,عدد,10,120809,97838,1208090,بقالی برادران احمدی
1404/10/23,SKU00039,عدس ۹۰۰ گرمی,عدد,5,103794,83375,518970,فروشگاه امید
1404/10/23,SKU00040,نخود ۹۰۰ گرمی,عدد,3,110600,89331,331800,بوفه دانشگاه
1404/10/23,SKU00041,پنیر سفید ۴۰۰ گرمی,عدد,29,93585,74868,2713965,مینی‌مارکت نسیم
1404/10/23,SKU00042,شیر کم‌چرب ۱ لیتری,عدد,41,44240,35732,1813840,کافه رستوران ونک
1404/10/23,SKU00043,ماست دبه ۲ کیلویی,عدد,10,174408,140377,1744080,فروشگاه زنجیره‌ای مهر
1404/10/23,SKU00044,کره حیوانی ۱۰۰ گرمی,عدد,7,100391,80823,702737,سوپر مارکت البرز
1404/10/23,SKU00045,مایع ظرفشویی ۳.۷۵ لیتری,عدد,12,187169,148885,2246028,هایپر نیک
1404/10/23,SKU00046,پودر لباسشویی ۵ کیلویی,عدد,2,399862,327546,799724,تعاونی مصرف کارکنان
1404/10/23,SKU00047,دستمال کاغذی ۳۰۰ برگ,بسته,19,72315,57852,1373985,بقالی برادران احمدی
1404/10/23,SKU00048,شامپو ۹۰۰ میلی‌لیتری,عدد,7,228006,182915,1596042,فروشگاه سپیدار
1404/10/23,SKU00049,خمیر دندان ۱۰۰ گرمی,عدد,21,78271,61255,1643691,بوفه دانشگاه
1404/10/23,SKU00050,صابون بسته ۶ عددی,بسته,11,102092,81674,1123012,مینی‌مارکت نسیم
1404/10/24,SKU00001,برنج ایرانی هاشمی ۱۰ کیلویی,کارتن,5,3831923,3235846,19159615,فروشگاه یاس
1404/10/24,SKU00027,برنج پاکستانی باسماتی ۱۰ کیلویی,کارتن,6,2256577,1788231,13539462,سوپرمارکت پارسیان
1404/10/24,SKU00028,روغن آفتابگردان ۱.۸ لیتری,عدد,40,157535,127731,6301400,فروشگاه امید
1404/10/24,SKU00029,روغن سرخ‌کردنی ۴.۵ لیتری,عدد,4,387450,323585,1549800,فروشگاه سپیدار
1404/10/24,SKU00030,شکر سفید ۹۰۰ گرمی,عدد,6,35765,29804,214590,فروشگاه یاس
1404/10/24,SKU00031,چای کیسه‌ای ۱۰۰ عددی,عدد,11,208627,166050,2294897,فروشگاه یاس
1404/10/24,SKU00032,قهوه فوری ۲۰۰ گرمی,عدد,6,442800,357646,2656800,سوپرمارکت آفتاب
1404/10/24,SKU00033,نوشابه خانواده ۱.۵ لیتری,عدد,31,40874,32358,1267094,تعاونی مصرف کارکنان
1404/10/24,SKU00034,آب معدنی ۱.۵ لیتری بسته ۶ عددی,بسته,22,81748,66420,1798456,سوپرمارکت پارسیان
1404/10/24,SKU00035,ماکارونی ۷۰۰ گرمی,عدد,50,44280,35765,2214000,تعاونی مصرف کارکنان
1404/10/24,SKU00036,رب گوجه ۸۰۰ گرمی,عدد,13,91966,74935,1195558,فروشگاه رفاه محلی
1404/10/24,SKU00037,تن ماهی ۱۸۰ گرمی,عدد,13,143058,114958,1859754,تعاونی مصرف کارکنان
1404/10/24,SKU00038,لوبیا چیتی ۹۰۰ گرمی,عدد,8,120918,97927,967344,فروشگاه سپیدار
1404/10/24,SKU00039,عدس ۹۰۰ گرمی,عدد,13,103888,83451,1350544,فروشگاه رفاه محلی
1404/10/24,SKU00040,نخود ۹۰۰ گرمی,عدد,6,110700,89412,664200,مینی‌مارکت شبانه
1404/10/24,SKU00041,پنیر سفید ۴۰۰ گرمی,عدد,22,93669,74935,2060718,بوفه دانشگاه
1404/10/24,SKU00042,شیر کم‌چرب ۱ لیتری,عدد,6,44280,35765,265680,فروشگاه سپیدار
1404/10/24,SKU00043,ماست دبه ۲ کیلویی,عدد,9,174565,140504,1571085,سوپر مارکت البرز
1404/10/24,SKU00044,کره حیوانی ۱۰۰ گرمی,عدد,9,100482,80896,904338,بوفه دانشگاه
1404/10/24,SKU00045,مایع ظرفشویی ۳.۷۵ لیتری,عدد,12,187338,149019,2248056,سوپر پروتئین سبز
1404/10/24,SKU00046,پودر لباسشویی ۵ کیلویی,عدد,8,400223,327842,3201784,بقالی برادران احمدی
1404/10/24,SKU00047,دستمال کاغذی ۳۰۰ برگ,بسته,15,72381,57905,1085715,سوپر مارکت البرز
1404/10/24,SKU00048,شامپو ۹۰۰ میلی‌لیتری,عدد,8,228212,183081,1825696,سوپر مارکت البرز
1404/10/24,SKU00049,خمیر دندان ۱۰۰ گرمی,عدد,11,78342,61311,861762,فروشگاه زنجیره‌ای مهر
1404/10/24,SKU00050,صابون بسته ۶ عددی,بسته,10,102185,81748,1021850,تعاونی مصرف کارکنان
1404/10/25,SKU00001,برنج ایرانی هاشمی ۱۰ کیلویی,کارتن,4,3835385,3238769,15341540,تعاونی مصرف کارکنان
1404/10/25,SKU00027,برنج پاکستانی باسماتی ۱۰ کیلویی,کارتن,6,2258615,1789846,13551690,هایپر ستاره شهر
1404/10/25,SKU00028,روغن آفتابگردان ۱.۸ لیتری,عدد,43,157677,127846,6780111,بوفه دانشگاه
1404/10/25,SKU00029,روغن سرخ‌کردنی ۴.۵ لیتری,عدد,9,387800,323877,3490200,مینی‌مارکت نسیم
1404/10/25,SKU00030,شکر سفید ۹۰۰ گرمی,عدد,37,35797,29831,1324489,بقالی برادران احمدی
1404/10/25,SKU00031,چای کیسه‌ای ۱۰۰ عددی,عدد,14,208815,166200,2923410,تعاونی مصرف کارکنان
1404/10/25,SKU00032,قهوه فوری ۲۰۰ گرمی,عدد,5,443200,357969,2216000,فروشگاه رفاه محلی
1404/10/25,SKU00033,نوشابه خانواده ۱.۵ لیتری,عدد,40,40911,32388,1636440,سوپر مارکت البرز
1404/10/25,SKU00034,آب معدنی ۱.۵ لیتری بسته ۶ عددی,بسته,29,81822,66480,2372838,بوفه دانشگاه
1404/10/25,SKU00035,ماکارونی ۷۰۰ گرمی,عدد,26,44320,35797,1152320,بقالی برادران احمدی
1404/10/25,SKU00036,رب گوجه ۸۰۰ گرمی,عدد,13,92049,75003,1196637,سوپر مارکت البرز
1404/10/25,SKU00037,تن ماهی ۱۸۰ گرمی,عدد,27,143188,115062,3866076,تعاونی مصرف کارکنان
1404/10/25,SKU00038,لوبیا چیتی ۹۰۰ گرمی,عدد,10,121028,98015,1210280,هایپر نیک
1404/10/25,SKU00039,عدس ۹۰۰ گرمی,عدد,6,103982,83526,623892,بقالی برادران احمدی
1404/10/25,SKU00040,نخود ۹۰۰ گرمی,عدد,7,110800,89492,775600,فروشگاه گلستان
1404/10/25,SKU00041,پنیر سفید ۴۰۰ گرمی,عدد,29,93754,75003,2718866,بقالی برادران احمدی
1404/10/25,SKU00042,شیر کم‌چرب ۱ لیتری,عدد,44,44320,35797,1950080,مینی‌مارکت نسیم
1404/10/25,SKU00043,ماست دبه ۲ کیلویی,عدد,22,174723,140631,3843906,مینی‌مارکت شبانه
1404/10/25,SKU00044,کره حیوانی ۱۰۰ گرمی,عدد,7,100572,80969,704004,هایپر نیک
1404/10/25,SKU00045,مایع ظرفشویی ۳.۷۵ لیتری,عدد,6,187508,149154,1125048,سوپر پروتئین سبز
1404/10/25,SKU00046,پودر لباسشویی ۵ کیلویی,عدد,4,400585,328138,1602340,هایپر ستاره شهر
1404/10/25,SKU00047,دستمال کاغذی ۳۰۰ برگ,بسته,37,72446,57957,2680502,فروشگاه گلستان
1404/10/25,SKU00048,شامپو ۹۰۰ میلی‌لیتری,عدد,3,228418,183246,685254,هایپر نیک
1404/10/25,SKU00049,خمیر دندان ۱۰۰ گرمی,عدد,28,78412,61366,2195536,هایپر ستاره شهر
1404/10/25,SKU00050,صابون بسته ۶ عددی,بسته,12,102277,81822,1227324,سوپرمارکت آفتاب
1404/10/26,SKU00001,برنج ایرانی هاشمی ۱۰ کیلویی,کارتن,1,3838846,3241692,3838846,فروشگاه زنجیره‌ای مهر
1404/10/26,SKU00027,برنج پاکستانی باسماتی ۱۰ کیلویی,کارتن,4,2260654,1791462,9042616,هایپر نیک
1404/10/26,SKU00028,روغن آفتابگردان ۱.۸ لیتری,عدد,18,157819,127962,2840742,بوفه دانشگاه
1404/10/26,SKU00029,روغن سرخ‌کردنی ۴.۵ لیتری,عدد,4,388150,324169,1552600,سوپر مارکت البرز
1404/10/26,SKU00030,شکر سفید ۹۰۰ گرمی,عدد,13,35829,29858,465777,فروشگاه زنجیره‌ای مهر
1404/10/26,SKU00031,چای کیسه‌ای ۱۰۰ عددی,عدد,5,209004,166350,1045020,مینی‌مارکت نسیم
1404/10/26,SKU00032,قهوه فوری ۲۰۰ گرمی,عدد,1,443600,358292,443600,سوپر پروتئین سبز
1404/10/26,SKU00033,نوشابه خانواده ۱.۵ لیتری,عدد,35,40948,32417,1433180,مینی‌مارکت شبانه
1404/10/26,SKU00034,آب معدنی ۱.۵ لیتری بسته ۶ عددی,بسته,8,81895,66540,655160,فروشگاه سپیدار
1404/10/26,SKU00035,ماکارونی ۷۰۰ گرمی,عدد,22,44360,35829,975920,بقالی برادران احمدی
1404/10/26,SKU00036,رب گوجه ۸۰۰ گرمی,عدد,6,92132,75071,552792,فروشگاه زنجیره‌ای مهر
1404/10/26,SKU00037,تن ماهی ۱۸۰ گرمی,عدد,3,143317,115165,429951,فروشگاه یاس
1404/10/26,SKU00038,لوبیا چیتی ۹۰۰ گرمی,عدد,6,121137,98104,726822,فروشگاه سپیدار
1404/10/26,SKU00039,عدس ۹۰۰ گرمی,عدد,5,104075,83602,520375,فروشگاه زنجیره‌ای مهر
1404/10/26,SKU00040,نخود ۹۰۰ گرمی,عدد,2,110900,89573,221800,فروشگاه یاس
1404/10/26,SKU00041,پنیر سفید ۴۰۰ گرمی,عدد,10,93838,75071,938380,فروشگاه گلستان
1404/10/26,SKU00042,شیر کم‌چرب ۱ لیتری,عدد,30,44360,35829,1330800,فروشگاه رفاه محلی
1404/10/26,SKU00043,ماست دبه ۲ کیلویی,عدد,4,174881,140758,699524,سوپرمارکت پارسیان
1404/10/26,SKU00044,کره حیوانی ۱۰۰ گرمی,عدد,5,100663,81042,503315,سوپر پروتئین سبز
1404/10/26,SKU00045,مایع ظرفشویی ۳.۷۵ لیتری,عدد,7,187677,149288,1313739,سوپر پروتئین سبز
1404/10/26,SKU00046,پودر لباسشویی ۵ کیلویی,عدد,2,400946,328435,801892,سوپرمارکت آفتاب
1404/10/26,SKU00047,دستمال کاغذی ۳۰۰ برگ,بسته,8,72512,58009,580096,تعاونی مصرف کارکنان
1404/10/26,SKU00048,شامپو ۹۰۰ میلی‌لیتری,عدد,3,228625,183412,685875,سوپر مارکت البرز
1404/10/26,SKU00049,خمیر دندان ۱۰۰ گرمی,عدد,10,78483,61422,784830,سوپر مارکت البرز
1404/10/26,SKU00050,صابون بسته ۶ عددی,بسته,6,102369,81895,614214,مینی‌مارکت شبانه
1404/10/27,SKU00001,برنج ایرانی هاشمی ۱۰ کیلویی,کارتن,4,3842308,3244615,15369232,فروشگاه یاس
1404/10/27,SKU00027,برنج پاکستانی باسماتی ۱۰ کیلویی,کارتن,8,2262692,1793077,18101536,فروشگاه سپیدار
1404/10/27,SKU00028,روغن آفتابگردان ۱.۸ لیتری,عدد,14,157962,128077,2211468,سوپر پروتئین سبز
1404/10/27,SKU00029,روغن سرخ‌کردنی ۴.۵ لیتری,عدد,3,388500,324462,1165500,فروشگاه رفاه محلی
1404/10/27,SKU00030,شکر سفید ۹۰۰ گرمی,عدد,24,35862,29885,860688,سوپر مارکت البرز
1404/10/27,SKU00031,چای کیسه‌ای ۱۰۰ عددی,عدد,7,209192,166500,1464344,فروشگاه یاس
1404/10/27,SKU00032,قهوه فوری ۲۰۰ گرمی,عدد,5,444000,358615,2220000,فروشگاه امید
1404/10/27,SKU00033,نوشابه خانواده ۱.۵ لیتری,عدد,79,40985,32446,3237815,سوپر پروتئین سبز
1404/10/27,SKU00034,آب معدنی ۱.۵ لیتری بسته ۶ عددی,بسته,13,81969,66600,1065597,کافه رستوران ونک
1404/10/27,SKU00035,ماکارونی ۷۰۰ گرمی,عدد,33,44400,35862,1465200,سوپرمارکت آفتاب
1404/10/27,SKU00036,رب گوجه ۸۰۰ گرمی,عدد,15,92215,75138,1383225,سوپرمارکت آفتاب
1404/10/27,SKU00037,تن ماهی ۱۸۰ گرمی,عدد,18,143446,115269,2582028,سوپرمارکت پارسیان
1404/10/27,SKU00038,لوبیا چیتی ۹۰۰ گرمی,عدد,9,121246,98192,1091214,فروشگاه امید
1404/10/27,SKU00039,عدس ۹۰۰ گرمی,عدد,7,104169,83677,729183,هایپر نیک
1404/10/27,SKU00040,نخود ۹۰۰ گرمی,عدد,8,111000,89654,888000,تعاونی مصرف کارکنان
1404/10/27,SKU00041,پنیر سفید ۴۰۰ گرمی,عدد,27,93923,75138,2535921,سوپرمارکت آفتاب
1404/10/27,SKU00042,شیر کم‌چرب ۱ لیتری,عدد,19,44400,35862,843600,تعاونی مصرف کارکنان
1404/10/27,SKU00043,ماست دبه ۲ کیلویی,عدد,16,175038,140885,2800608,فروشگاه رفاه محلی
1404/10/27,SKU00044,کره حیوانی ۱۰۰ گرمی,عدد,7,100754,81115,705278,فروشگاه گلستان
1404/10/27,SKU00045,مایع ظرفشویی ۳.۷۵ لیتری,عدد,12,187846,149423,2254152,مینی‌مارکت نسیم
1404/10/27,SKU00046,پودر لباسشویی ۵ کیلویی,عدد,4,401308,328731,1605232,سوپر پروتئین سبز
1404/10/27,SKU00047,دستمال کاغذی ۳۰۰ برگ,بسته,19,72577,58062,1378963,هایپر ستاره شهر
1404/10/27,SKU00048,شامپو ۹۰۰ میلی‌لیتری,عدد,6,228831,183577,1372986,فروشگاه گلستان
1404/10/27,SKU00049,خمیر دندان ۱۰۰ گرمی,عدد,6,78554,61477,471324,فروشگاه زنجیره‌ای مهر
1404/10/27,SKU00050,صابون بسته ۶ عددی,بسته,10,102462,81969,1024620,کافه رستوران ونک
1404/10/28,SKU00001,برنج ایرانی هاشمی ۱۰ کیلویی,کارتن,3,3845769,3247538,11537307,فروشگاه رفاه محلی
1404/10/28,SKU00027,برنج پاکستانی باسماتی ۱۰ کیلویی,کارتن,4,2264731,1794692,9058924,فروشگاه امید
1404/10/28,SKU00028,روغن آفتابگردان ۱.۸ لیتری,عدد,11,158104,128192,1739144,کافه رستوران ونک
1404/10/28,SKU00029,روغن سرخ‌کردنی ۴.۵ لیتری,عدد,6,388850,324754,2333100,بقالی برادران احمدی
1404/10/28,SKU00030,شکر سفید ۹۰۰ گرمی,عدد,32,35894,29912,1148608,فروشگاه یاس
1404/10/28,SKU00031,چای کیسه‌ای ۱۰۰ عددی,عدد,10,209381,166650,2093810,سوپر مارکت البرز
1404/10/28,SKU00032,قهوه فوری ۲۰۰ گرمی,عدد,3,444400,358938,1333200,مینی‌مارکت شبانه
1404/10/28,SKU00033,نوشابه خانواده ۱.۵ لیتری,عدد,47,41022,32475,1928034,بوفه دانشگاه
1404/10/28,SKU00034,آب معدنی ۱.۵ لیتری بسته ۶ عددی,بسته,21,82043,66660,1722903,سوپرمارکت پارسیان
1404/10/28,SKU00035,ماکارونی ۷۰۰ گرمی,عدد,21,44440,35894,933240,فروشگاه یاس
1404/10/28,SKU00036,رب گوجه ۸۰۰ گرمی,عدد,8,92298,75206,738384,بقالی برادران احمدی
1404/10/28,SKU00037,تن ماهی ۱۸۰ گرمی,عدد,11,143575,115373,1579325,فروشگاه سپیدار
1404/10/28,SKU00038,لوبیا چیتی ۹۰۰ گرمی,عدد,9,121355,98281,1092195,فروشگاه امید
1404/10/28,SKU00039,عدس ۹۰۰ گرمی,عدد,7,104263,83752,729841,هایپر نیک
1404/10/28,SKU00040,نخود ۹۰۰ گرمی,عدد,5,111100,89735,555500,سوپرمارکت آفتاب
1404/10/28,SKU00041,پنیر سفید ۴۰۰ گرمی,عدد,23,94008,75206,2162184,مینی‌مارکت شبانه
1404/10/28,SKU00042,شیر کم‌چرب ۱ لیتری,عدد,15,44440,35894,666600,هایپر ستاره شهر
1404/10/28,SKU00043,ماست دبه ۲ کیلویی,عدد,14,175196,141012,2452744,فروشگاه زنجیره‌ای مهر
1404/10/28,SKU00044,کره حیوانی ۱۰۰ گرمی,عدد,11,100845,81188,1109295,فروشگاه یاس
1404/10/28,SKU00045,مایع ظرفشویی ۳.۷۵ لیتری,عدد,13,188015,149558,2444195,تعاونی مصرف کارکنان
1404/10/28,SKU00046,پودر لباسشویی ۵ کیلویی,عدد,4,401669,329027,1606676,تعاونی مصرف کارکنان
1404/10/28,SKU00047,دستمال کاغذی ۳۰۰ برگ,بسته,14,72642,58114,1016988,فروشگاه گلستان
1404/10/28,SKU00048,شامپو ۹۰۰ میلی‌لیتری,عدد,6,229037,183742,1374222,سوپرمارکت آفتاب
1404/10/28,SKU00049,خمیر دندان ۱۰۰ گرمی,عدد,20,78625,61532,1572500,بقالی برادران احمدی
1404/10/28,SKU00050,صابون بسته ۶ عددی,بسته,8,102554,82043,820432,فروشگاه رفاه محلی
1404/10/29,SKU00001,برنج ایرانی هاشمی ۱۰ کیلویی,کارتن,3,3849231,3250462,11547693,سوپر مارکت البرز
1404/10/29,SKU00027,برنج پاکستانی باسماتی ۱۰ کیلویی,کارتن,2,2266769,1796308,4533538,سوپرمارکت آفتاب
1404/10/29,SKU00028,روغن آفتابگردان ۱.۸ لیتری,عدد,11,158246,128308,1740706,سوپر پروتئین سبز
1404/10/29,SKU00029,روغن سرخ‌کردنی ۴.۵ لیتری,عدد,7,389200,325046,2724400,سوپرمارکت آفتاب
1404/10/29,SKU00030,شکر سفید ۹۰۰ گرمی,عدد,29,35926,29938,1041854,فروشگاه سپیدار
1404/10/29,SKU00031,چای کیسه‌ای ۱۰۰ عددی,عدد,11,209569,166800,2305259,تعاونی مصرف کارکنان
1404/10/29,SKU00032,قهوه فوری ۲۰۰ گرمی,عدد,7,444800,359262,3113600,فروشگاه گلستان
1404/10/29,SKU00033,نوشابه خانواده ۱.۵ لیتری,عدد,57,41058,32505,2340306,هایپر ستاره شهر
1404/10/29,SKU00034,آب معدنی ۱.۵ لیتری بسته ۶ عددی,بسته,20,82117,66720,1642340,فروشگاه امید
1404/10/29,SKU00035,ماکارونی ۷۰۰ گرمی,عدد,32,44480,35926,1423360,فروشگاه یاس
1404/10/29,SKU00036,رب گوجه ۸۰۰ گرمی,عدد,8,92382,75274,739056,سوپر مارکت البرز
1404/10/29,SKU00037,تن ماهی ۱۸۰ گرمی,عدد,13,143705,115477,1868165,فروشگاه رفاه محلی
1404/10/29,SKU00038,لوبیا چیتی ۹۰۰ گرمی,عدد,7,121465,98369,850255,فروشگاه زنجیره‌ای مهر
1404/10/29,SKU00039,عدس ۹۰۰ گرمی,عدد,2,104357,83828,208714,فروشگاه زنجیره‌ای مهر
1404/10/29,SKU00040,نخود ۹۰۰ گرمی,عدد,4,111200,89815,444800,سوپرمارکت آفتاب
1404/10/29,SKU00041,پنیر سفید ۴۰۰ گرمی,عدد,20,94092,75274,1881840,فروشگاه زنجیره‌ای مهر
1404/10/29,SKU00042,شیر کم‌چرب ۱ لیتری,عدد,25,44480,35926,1112000,سوپر مارکت البرز
1404/10/29,SKU00043,ماست دبه ۲ کیلویی,عدد,12,175354,141138,2104248,سوپر پروتئین سبز
1404/10/29,SKU00044,کره حیوانی ۱۰۰ گرمی,عدد,11,100935,81262,1110285,بوفه دانشگاه
1404/10/29,SKU00045,مایع ظرفشویی ۳.۷۵ لیتری,عدد,8,188185,149692,1505480,کافه رستوران ونک
1404/10/29,SKU00046,پودر لباسشویی ۵ کیلویی,عدد,6,402031,329323,2412186,فروشگاه یاس
1404/10/29,SKU00047,دستمال کاغذی ۳۰۰ برگ,بسته,25,72708,58166,1817700,هایپر نیک
1404/10/29,SKU00048,شامپو ۹۰۰ میلی‌لیتری,عدد,8,229243,183908,1833944,بوفه دانشگاه
1404/10/29,SKU00049,خمیر دندان ۱۰۰ گرمی,عدد,10,78695,61588,786950,سوپرمارکت پارسیان
1404/10/29,SKU00050,صابون بسته ۶ عددی,بسته,7,102646,82117,718522,فروشگاه یاس
1404/10/30,SKU00001,برنج ایرانی هاشمی ۱۰ کیلویی,کارتن,3,3852692,3253385,11558076,بوفه دانشگاه
1404/10/30,SKU00027,برنج پاکستانی باسماتی ۱۰ کیلویی,کارتن,5,2268808,1797923,11344040,هایپر ستاره شهر
1404/10/30,SKU00028,روغن آفتابگردان ۱.۸ لیتری,عدد,22,158388,128423,3484536,فروشگاه گلستان
1404/10/30,SKU00029,روغن سرخ‌کردنی ۴.۵ لیتری,عدد,10,389550,325338,3895500,سوپرمارکت آفتاب
1404/10/30,SKU00030,شکر سفید ۹۰۰ گرمی,عدد,39,35958,29965,1402362,فروشگاه یاس
1404/10/30,SKU00031,چای کیسه‌ای ۱۰۰ عددی,عدد,8,209758,166950,1678064,هایپر نیک
1404/10/30,SKU00032,قهوه فوری ۲۰۰ گرمی,عدد,4,445200,359585,1780800,سوپرمارکت پارسیان
1404/10/30,SKU00033,نوشابه خانواده ۱.۵ لیتری,عدد,35,41095,32534,1438325,سوپر مارکت البرز
1404/10/30,SKU00034,آب معدنی ۱.۵ لیتری بسته ۶ عددی,بسته,23,82191,66780,1890393,هایپر نیک
1404/10/30,SKU00035,ماکارونی ۷۰۰ گرمی,عدد,37,44520,35958,1647240,بوفه دانشگاه
1404/10/30,SKU00036,رب گوجه ۸۰۰ گرمی,عدد,13,92465,75342,1202045,سوپرمارکت آفتاب
1404/10/30,SKU00037,تن ماهی ۱۸۰ گرمی,عدد,12,143834,115581,1726008,تعاونی مصرف کارکنان
1404/10/30,SKU00038,لوبیا چیتی ۹۰۰ گرمی,عدد,8,121574,98458,972592,بقالی برادران احمدی
1404/10/30,SKU00039,عدس ۹۰۰ گرمی,عدد,8,104451,83903,835608,فروشگاه زنجیره‌ای مهر
1404/10/30,SKU00040,نخود ۹۰۰ گرمی,عدد,6,111300,89896,667800,فروشگاه سپیدار
1404/10/30,SKU00041,پنیر سفید ۴۰۰ گرمی,عدد,19,94177,75342,1789363,فروشگاه رفاه محلی
1404/10/30,SKU00042,شیر کم‌چرب ۱ لیتری,عدد,28,44520,35958,1246560,فروشگاه گلستان
1404/10/30,SKU00043,ماست دبه ۲ کیلویی,عدد,15,175512,141265,2632680,بقالی برادران احمدی
1404/10/30,SKU00044,کره حیوانی ۱۰۰ گرمی,عدد,7,101026,81335,707182,مینی‌مارکت شبانه
1404/10/30,SKU00045,مایع ظرفشویی ۳.۷۵ لیتری,عدد,12,188354,149827,2260248,مینی‌مارکت نسیم
1404/10/30,SKU00046,پودر لباسشویی ۵ کیلویی,عدد,5,402392,329619,2011960,فروشگاه رفاه محلی
1404/10/30,SKU00047,دستمال کاغذی ۳۰۰ برگ,بسته,17,72773,58218,1237141,مینی‌مارکت شبانه
1404/10/30,SKU00048,شامپو ۹۰۰ میلی‌لیتری,عدد,8,229449,184073,1835592,کافه رستوران ونک
1404/10/30,SKU00049,خمیر دندان ۱۰۰ گرمی,عدد,14,78766,61643,1102724,مینی‌مارکت شبانه
1404/10/30,SKU00050,صابون بسته ۶ عددی,بسته,8,102738,82191,821904,هایپر نیک
1404/11/01,SKU00001,برنج ایرانی هاشمی ۱۰ کیلویی,کارتن,3,3856154,3256308,11568462,سوپرمارکت پارسیان
1404/11/01,SKU00027,برنج پاکستانی باسماتی ۱۰ کیلویی,کارتن,5,2270846,1799538,11354230,سوپرمارکت پارسیان
1404/11/01,SKU00028,روغن آفتابگردان ۱.۸ لیتری,عدد,36,158531,128538,5707116,فروشگاه گلستان
1404/11/01,SKU00029,روغن سرخ‌کردنی ۴.۵ لیتری,عدد,5,389900,325631,1949500,فروشگاه یاس
1404/11/01,SKU00030,شکر سفید ۹۰۰ گرمی,عدد,23,35991,29992,827793,فروشگاه یاس
1404/11/01,SKU00031,چای کیسه‌ای ۱۰۰ عددی,عدد,16,209946,167100,3359136,مینی‌مارکت نسیم
1404/11/01,SKU00032,قهوه فوری ۲۰۰ گرمی,عدد,4,445600,359908,1782400,فروشگاه گلستان
1404/11/01,SKU00033,نوشابه خانواده ۱.۵ لیتری,عدد,53,41132,32563,2179996,بقالی برادران احمدی
1404/11/01,SKU00034,آب معدنی ۱.۵ لیتری بسته ۶ عددی,بسته,15,82265,66840,1233975,هایپر نیک
1404/11/01,SKU00035,ماکارونی ۷۰۰ گرمی,عدد,22,44560,35991,980320,کافه رستوران ونک
1404/11/01,SKU00036,رب گوجه ۸۰۰ گرمی,عدد,12,92548,75409,1110576,مینی‌مارکت شبانه
1404/11/01,SKU00037,تن ماهی ۱۸۰ گرمی,عدد,14,143963,115685,2015482,بقالی برادران احمدی
1404/11/01,SKU00038,لوبیا چیتی ۹۰۰ گرمی,عدد,14,121683,98546,1703562,سوپر مارکت البرز
1404/11/01,SKU00039,عدس ۹۰۰ گرمی,عدد,3,104545,83978,313635,فروشگاه یاس
1404/11/01,SKU00040,نخود ۹۰۰ گرمی,عدد,8,111400,89977,891200,بوفه دانشگاه
1404/11/01,SKU00041,پنیر سفید ۴۰۰ گرمی,عدد,23,94262,75409,2168026,سوپر پروتئین سبز
1404/11/01,SKU00042,شیر کم‌چرب ۱ لیتری,عدد,33,44560,35991,1470480,هایپر ستاره شهر
1404/11/01,SKU00043,ماست دبه ۲ کیلویی,عدد,9,175669,141392,1581021,مینی‌مارکت نسیم
1404/11/01,SKU00044,کره حیوانی ۱۰۰ گرمی,عدد,1,101117,81408,101117,فروشگاه رفاه محلی
1404/11/01,SKU00045,مایع ظرفشویی ۳.۷۵ لیتری,عدد,7,188523,149962,1319661,بوفه دانشگاه
1404/11/01,SKU00046,پودر لباسشویی ۵ کیلویی,عدد,5,402754,329915,2013770,بقالی برادران احمدی
1404/11/01,SKU00047,دستمال کاغذی ۳۰۰ برگ,بسته,31,72838,58271,2257978,تعاونی مصرف کارکنان
1404/11/01,SKU00048,شامپو ۹۰۰ میلی‌لیتری,عدد,5,229655,184238,1148275,فروشگاه یاس
1404/11/01,SKU00049,خمیر دندان ۱۰۰ گرمی,عدد,12,78837,61698,946044,هایپر ستاره شهر
1404/11/01,SKU00050,صابون بسته ۶ عددی,بسته,10,102831,82265,1028310,فروشگاه سپیدار
1404/11/02,SKU00001,برنج ایرانی هاشمی ۱۰ کیلویی,کارتن,5,3859615,3259231,19298075,مینی‌مارکت نسیم
1404/11/02,SKU00027,برنج پاکستانی باسماتی ۱۰ کیلویی,کارتن,4,2272885,1801154,9091540,مینی‌مارکت شبانه
1404/11/02,SKU00028,روغن آفتابگردان ۱.۸ لیتری,عدد,14,158673,128654,2221422,فروشگاه گلستان
1404/11/02,SKU00029,روغن سرخ‌کردنی ۴.۵ لیتری,عدد,6,390250,325923,2341500,هایپر نیک
1404/11/02,SKU00030,شکر سفید ۹۰۰ گرمی,عدد,45,36023,30019,1621035,سوپرمارکت پارسیان
1404/11/02,SKU00031,چای کیسه‌ای ۱۰۰ عددی,عدد,13,210135,167250,2731755,مینی‌مارکت شبانه
1404/11/02,SKU00032,قهوه فوری ۲۰۰ گرمی,عدد,7,446000,360231,3122000,تعاونی مصرف کارکنان
1404/11/02,SKU00033,نوشابه خانواده ۱.۵ لیتری,عدد,83,41169,32592,3417027,سوپر مارکت البرز
1404/11/02,SKU00034,آب معدنی ۱.۵ لیتری بسته ۶ عددی,بسته,32,82338,66900,2634816,بوفه دانشگاه
1404/11/02,SKU00035,ماکارونی ۷۰۰ گرمی,عدد,28,44600,36023,1248800,سوپر مارکت البرز
1404/11/02,SKU00036,رب گوجه ۸۰۰ گرمی,عدد,7,92631,75477,648417,فروشگاه سپیدار
1404/11/02,SKU00037,تن ماهی ۱۸۰ گرمی,عدد,25,144092,115788,3602300,تعاونی مصرف کارکنان
1404/11/02,SKU00038,لوبیا چیتی ۹۰۰ گرمی,عدد,15,121792,98635,1826880,فروشگاه گلستان
1404/11/02,SKU00039,عدس ۹۰۰ گرمی,عدد,1,104638,84054,104638,فروشگاه یاس
1404/11/02,SKU00040,نخود ۹۰۰ گرمی,عدد,9,111500,90058,1003500,بقالی برادران احمدی
1404/11/02,SKU00041,پنیر سفید ۴۰۰ گرمی,عدد,43,94346,75477,4056878,سوپرمارکت پارسیان
1404/11/02,SKU00042,شیر کم‌چرب ۱ لیتری,عدد,76,44600,36023,3389600,کافه رستوران ونک
1404/11/02,SKU00043,ماست دبه ۲ کیلویی,عدد,16,175827,141519,2813232,بوفه دانشگاه
1404/11/02,SKU00044,کره حیوانی ۱۰۰ گرمی,عدد,21,101208,81481,2125368,بوفه دانشگاه
1404/11/02,SKU00045,مایع ظرفشویی ۳.۷۵ لیتری,عدد,11,188692,150096,2075612,فروشگاه یاس
1404/11/02,SKU00046,پودر لباسشویی ۵ کیلویی,عدد,6,403115,330212,2418690,هایپر نیک
1404/11/02,SKU00047,دستمال کاغذی ۳۰۰ برگ,بسته,27,72904,58323,1968408,تعاونی مصرف کارکنان
1404/11/02,SKU00048,شامپو ۹۰۰ میلی‌لیتری,عدد,9,229862,184404,2068758,فروشگاه زنجیره‌ای مهر
1404/11/02,SKU00049,خمیر دندان ۱۰۰ گرمی,عدد,12,78908,61754,946896,هایپر ستاره شهر
1404/11/02,SKU00050,صابون بسته ۶ عددی,بسته,11,102923,82338,1132153,فروشگاه زنجیره‌ای مهر
1404/11/03,SKU00001,برنج ایرانی هاشمی ۱۰ کیلویی,کارتن,2,3863077,3262154,7726154,فروشگاه زنجیره‌ای مهر
1404/11/03,SKU00027,برنج پاکستانی باسماتی ۱۰ کیلویی,کارتن,2,2274923,1802769,4549846,فروشگاه سپیدار
1404/11/03,SKU00028,روغن آفتابگردان ۱.۸ لیتری,عدد,14,158815,128769,2223410,سوپر مارکت البرز
1404/11/03,SKU00029,روغن سرخ‌کردنی ۴.۵ لیتری,عدد,3,390600,326215,1171800,فروشگاه زنجیره‌ای مهر
1404/11/03,SKU00030,شکر سفید ۹۰۰ گرمی,عدد,19,36055,30046,685045,سوپر پروتئین سبز
1404/11/03,SKU00031,چای کیسه‌ای ۱۰۰ عددی,عدد,4,210323,167400,841292,هایپر ستاره شهر
1404/11/03,SKU00032,قهوه فوری ۲۰۰ گرمی,عدد,2,446400,360554,892800,بقالی برادران احمدی
1404/11/03,SKU00033,نوشابه خانواده ۱.۵ لیتری,عدد,39,41206,32622,1607034,فروشگاه امید
1404/11/03,SKU00034,آب معدنی ۱.۵ لیتری بسته ۶ عددی,بسته,10,82412,66960,824120,مینی‌مارکت نسیم
1404/11/03,SKU00035,ماکارونی ۷۰۰ گرمی,عدد,24,44640,36055,1071360,هایپر ستاره شهر
1404/11/03,SKU00036,رب گوجه ۸۰۰ گرمی,عدد,8,92714,75545,741712,سوپر پروتئین سبز
1404/11/03,SKU00037,تن ماهی ۱۸۰ گرمی,عدد,9,144222,115892,1297998,سوپرمارکت آفتاب
1404/11/03,SKU00038,لوبیا چیتی ۹۰۰ گرمی,عدد,4,121902,98723,487608,سوپر مارکت البرز
1404/11/03,SKU00039,عدس ۹۰۰ گرمی,عدد,6,104732,84129,628392,کافه رستوران ونک
1404/11/03,SKU00040,نخود ۹۰۰ گرمی,عدد,3,111600,90138,334800,سوپرمارکت آفتاب
1404/11/03,SKU00041,پنیر سفید ۴۰۰ گرمی,عدد,8,94431,75545,755448,مینی‌مارکت شبانه
1404/11/03,SKU00042,شیر کم‌چرب ۱ لیتری,عدد,17,44640,36055,758880,کافه رستوران ونک
1404/11/03,SKU00043,ماست دبه ۲ کیلویی,عدد,10,175985,141646,1759850,سوپرمارکت آفتاب
1404/11/03,SKU00044,کره حیوانی ۱۰۰ گرمی,عدد,9,101298,81554,911682,فروشگاه گلستان
1404/11/03,SKU00045,مایع ظرفشویی ۳.۷۵ لیتری,عدد,8,188862,150231,1510896,فروشگاه یاس
1404/11/03,SKU00046,پودر لباسشویی ۵ کیلویی,عدد,3,403477,330508,1210431,سوپرمارکت آفتاب
1404/11/03,SKU00047,دستمال کاغذی ۳۰۰ برگ,بسته,10,72969,58375,729690,مینی‌مارکت شبانه
1404/11/03,SKU00048,شامپو ۹۰۰ میلی‌لیتری,عدد,3,230068,184569,690204,هایپر ستاره شهر
1404/11/03,SKU00049,خمیر دندان ۱۰۰ گرمی,عدد,7,78978,61809,552846,هایپر ستاره شهر
1404/11/03,SKU00050,صابون بسته ۶ عددی,بسته,5,103015,82412,515075,مینی‌مارکت نسیم
1404/11/04,SKU00001,برنج ایرانی هاشمی ۱۰ کیلویی,کارتن,2,3866538,3265077,7733076,سوپرمارکت آفتاب
1404/11/04,SKU00027,برنج پاکستانی باسماتی ۱۰ کیلویی,کارتن,5,2276962,1804385,11384810,فروشگاه رفاه محلی
1404/11/04,SKU00028,روغن آفتابگردان ۱.۸ لیتری,عدد,25,158958,128885,3973950,فروشگاه زنجیره‌ای مهر
1404/11/04,SKU00029,روغن سرخ‌کردنی ۴.۵ لیتری,عدد,3,390950,326508,1172850,فروشگاه امید
1404/11/04,SKU00030,شکر سفید ۹۰۰ گرمی,عدد,22,36088,30073,793936,فروشگاه زنجیره‌ای مهر
1404/11/04,SKU00031,چای کیسه‌ای ۱۰۰ عددی,عدد,11,210512,167550,2315632,سوپر مارکت البرز
1404/11/04,SKU00032,قهوه فوری ۲۰۰ گرمی,عدد,6,446800,360877,2680800,فروشگاه سپیدار
1404/11/04,SKU00033,نوشابه خانواده ۱.۵ لیتری,عدد,34,41243,32651,1402262,هایپر نیک
1404/11/04,SKU00034,آب معدنی ۱.۵ لیتری بسته ۶ عددی,بسته,11,82486,67020,907346,بوفه دانشگاه
1404/11/04,SKU00035,ماکارونی ۷۰۰ گرمی,عدد,36,44680,36088,1608480,فروشگاه گلستان
1404/11/04,SKU00036,رب گوجه ۸۰۰ گرمی,عدد,17,92797,75612,1577549,مینی‌مارکت نسیم
1404/11/04,SKU00037,تن ماهی ۱۸۰ گرمی,عدد,11,144351,115996,1587861,سوپر مارکت البرز
1404/11/04,SKU00038,لوبیا چیتی ۹۰۰ گرمی,عدد,6,122011,98812,732066,فروشگاه سپیدار
1404/11/04,SKU00039,عدس ۹۰۰ گرمی,عدد,12,104826,84205,1257912,فروشگاه امید
1404/11/04,SKU00040,نخود ۹۰۰ گرمی,عدد,7,111700,90219,781900,فروشگاه امید
1404/11/04,SKU00041,پنیر سفید ۴۰۰ گرمی,عدد,22,94515,75612,2079330,سوپرمارکت پارسیان
1404/11/04,SKU00042,شیر کم‌چرب ۱ لیتری,عدد,27,44680,36088,1206360,هایپر ستاره شهر
1404/11/04,SKU00043,ماست دبه ۲ کیلویی,عدد,19,176142,141773,3346698,سوپرمارکت آفتاب
1404/11/04,SKU00044,کره حیوانی ۱۰۰ گرمی,عدد,9,101389,81627,912501,فروشگاه امید
1404/11/04,SKU00045,مایع ظرفشویی ۳.۷۵ لیتری,عدد,17,189031,150365,3213527,سوپر پروتئین سبز
1404/11/04,SKU00046,پودر لباسشویی ۵ کیلویی,عدد,9,403838,330804,3634542,سوپرمارکت پارسیان
1404/11/04,SKU00047,دستمال کاغذی ۳۰۰ برگ,بسته,23,73035,58428,1679805,مینی‌مارکت نسیم
1404/11/04,SKU00048,شامپو ۹۰۰ میلی‌لیتری,عدد,2,230274,184735,460548,تعاونی مصرف کارکنان
1404/11/04,SKU00049,خمیر دندان ۱۰۰ گرمی,عدد,15,79049,61865,1185735,کافه رستوران ونک
1404/11/04,SKU00050,صابون بسته ۶ عددی,بسته,16,103108,82486,1649728,تعاونی مصرف کارکنان
1404/11/05,SKU00001,برنج ایرانی هاشمی ۱۰ کیلویی,کارتن,3,3870000,3268000,11610000,مینی‌مارکت نسیم
1404/11/05,SKU00027,برنج پاکستانی باسماتی ۱۰ کیلویی,کارتن,3,2279000,1806000,6837000,کافه رستوران ونک
1404/11/05,SKU00028,روغن آفتابگردان ۱.۸ لیتری,عدد,34,159100,129000,5409400,سوپر مارکت البرز
1404/11/05,SKU00029,روغن سرخ‌کردنی ۴.۵ لیتری,عدد,8,391300,326800,3130400,فروشگاه گلستان
1404/11/05,SKU00030,شکر سفید ۹۰۰ گرمی,عدد,32,36120,30100,1155840,سوپر پروتئین سبز
1404/11/05,SKU00031,چای کیسه‌ای ۱۰۰ عددی,عدد,10,210700,167700,2107000,سوپر پروتئین سبز
1404/11/05,SKU00032,قهوه فوری ۲۰۰ گرمی,عدد,8,447200,361200,3577600,بوفه دانشگاه
1404/11/05,SKU00033,نوشابه خانواده ۱.۵ لیتری,عدد,50,41280,32680,2064000,مینی‌مارکت نسیم
1404/11/05,SKU00034,آب معدنی ۱.۵ لیتری بسته ۶ عددی,بسته,19,82560,67080,1568640,مینی‌مارکت نسیم
1404/11/05,SKU00035,ماکارونی ۷۰۰ گرمی,عدد,18,44720,36120,804960,سوپر مارکت البرز
1404/11/05,SKU00036,رب گوجه ۸۰۰ گرمی,عدد,19,92880,75680,1764720,هایپر ستاره شهر
1404/11/05,SKU00037,تن ماهی ۱۸۰ گرمی,عدد,9,144480,116100,1300320,مینی‌مارکت شبانه
1404/11/05,SKU00038,لوبیا چیتی ۹۰۰ گرمی,عدد,5,122120,98900,610600,سوپرمارکت پارسیان
1404/11/05,SKU00039,عدس ۹۰۰ گرمی,عدد,8,104920,84280,839360,کافه رستوران ونک
1404/11/05,SKU00040,نخود ۹۰۰ گرمی,عدد,6,111800,90300,670800,بقالی برادران احمدی
1404/11/05,SKU00041,پنیر سفید ۴۰۰ گرمی,عدد,20,94600,75680,1892000,بوفه دانشگاه
1404/11/05,SKU00042,شیر کم‌چرب ۱ لیتری,عدد,29,44720,36120,1296880,سوپر پروتئین سبز
1404/11/05,SKU00043,ماست دبه ۲ کیلویی,عدد,18,176300,141900,3173400,تعاونی مصرف کارکنان
1404/11/05,SKU00044,کره حیوانی ۱۰۰ گرمی,عدد,14,101480,81700,1420720,بوفه دانشگاه
1404/11/05,SKU00045,مایع ظرفشویی ۳.۷۵ لیتری,عدد,13,189200,150500,2459600,مینی‌مارکت شبانه
1404/11/05,SKU00046,پودر لباسشویی ۵ کیلویی,عدد,4,404200,331100,1616800,بوفه دانشگاه
1404/11/05,SKU00047,دستمال کاغذی ۳۰۰ برگ,بسته,21,73100,58480,1535100,سوپر مارکت البرز
1404/11/05,SKU00048,شامپو ۹۰۰ میلی‌لیتری,عدد,7,230480,184900,1613360,فروشگاه رفاه محلی
1404/11/05,SKU00049,خمیر دندان ۱۰۰ گرمی,عدد,13,79120,61920,1028560,مینی‌مارکت نسیم
1404/11/05,SKU00050,صابون بسته ۶ عددی,بسته,12,103200,82560,1238400,فروشگاه امید
1404/11/06,SKU00001,برنج ایرانی هاشمی ۱۰ کیلویی,کارتن,2,3873462,3270923,7746924,کافه رستوران ونک
1404/11/06,SKU00027,برنج پاکستانی باسماتی ۱۰ کیلویی,کارتن,3,2281038,1807615,6843114,بقالی برادران احمدی
1404/11/06,SKU00028,روغن آفتابگردان ۱.۸ لیتری,عدد,31,159242,129115,4936502,فروشگاه سپیدار
1404/11/06,SKU00029,روغن سرخ‌کردنی ۴.۵ لیتری,عدد,5,391650,327092,1958250,مینی‌مارکت نسیم
1404/11/06,SKU00030,شکر سفید ۹۰۰ گرمی,عدد,30,36152,30127,1084560,فروشگاه امید
1404/11/06,SKU00031,چای کیسه‌ای ۱۰۰ عددی,عدد,9,210888,167850,1897992,سوپر مارکت البرز
1404/11/06,SKU00032,قهوه فوری ۲۰۰ گرمی,عدد,4,447600,361523,1790400,سوپرمارکت پارسیان
1404/11/06,SKU00033,نوشابه خانواده ۱.۵ لیتری,عدد,45,41317,32709,1859265,سوپرمارکت آفتاب
1404/11/06,SKU00034,آب معدنی ۱.۵ لیتری بسته ۶ عددی,بسته,19,82634,67140,1570046,مینی‌مارکت شبانه
1404/11/06,SKU00035,ماکارونی ۷۰۰ گرمی,عدد,25,44760,36152,1119000,فروشگاه امید
1404/11/06,SKU00036,رب گوجه ۸۰۰ گرمی,عدد,12,92963,75748,1115556,کافه رستوران ونک
1404/11/06,SKU00037,تن ماهی ۱۸۰ گرمی,عدد,13,144609,116204,1879917,هایپر نیک
1404/11/06,SKU00038,لوبیا چیتی ۹۰۰ گرمی,عدد,3,122229,98988,366687,فروشگاه زنجیره‌ای مهر
1404/11/06,SKU00039,عدس ۹۰۰ گرمی,عدد,6,105014,84355,630084,بقالی برادران احمدی
1404/11/06,SKU00040,نخود ۹۰۰ گرمی,عدد,6,111900,90381,671400,بقالی برادران احمدی
1404/11/06,SKU00041,پنیر سفید ۴۰۰ گرمی,عدد,18,94685,75748,1704330,هایپر ستاره شهر
1404/11/06,SKU00042,شیر کم‌چرب ۱ لیتری,عدد,32,44760,36152,1432320,سوپرمارکت آفتاب
1404/11/06,SKU00043,ماست دبه ۲ کیلویی,عدد,11,176458,142027,1941038,فروشگاه یاس
1404/11/06,SKU00044,کره حیوانی ۱۰۰ گرمی,عدد,14,101571,81773,1421994,فروشگاه سپیدار
1404/11/06,SKU00045,مایع ظرفشویی ۳.۷۵ لیتری,عدد,13,189369,150635,2461797,سوپر پروتئین سبز
1404/11/06,SKU00046,پودر لباسشویی ۵ کیلویی,عدد,2,404562,331396,809124,سوپرمارکت پارسیان
1404/11/06,SKU00047,دستمال کاغذی ۳۰۰ برگ,بسته,28,73165,58532,2048620,هایپر نیک
1404/11/06,SKU00048,شامپو ۹۰۰ میلی‌لیتری,عدد,10,230686,185065,2306860,فروشگاه یاس
1404/11/06,SKU00049,خمیر دندان ۱۰۰ گرمی,عدد,7,79191,61975,554337,مینی‌مارکت نسیم
1404/11/06,SKU00050,صابون بسته ۶ عددی,بسته,10,103292,82634,1032920,کافه رستوران ونک
1404/11/07,SKU00001,برنج ایرانی هاشمی ۱۰ کیلویی,کارتن,2,3876923,3273846,7753846,سوپر پروتئین سبز
1404/11/07,SKU00027,برنج پاکستانی باسماتی ۱۰ کیلویی,کارتن,4,2283077,1809231,9132308,فروشگاه زنجیره‌ای مهر
1404/11/07,SKU00028,روغن آفتابگردان ۱.۸ لیتری,عدد,37,159385,129231,5897245,کافه رستوران ونک
1404/11/07,SKU00029,روغن سرخ‌کردنی ۴.۵ لیتری,عدد,8,392000,327385,3136000,فروشگاه یاس
1404/11/07,SKU00030,شکر سفید ۹۰۰ گرمی,عدد,30,36185,30154,1085550,سوپرمارکت آفتاب
1404/11/07,SKU00031,چای کیسه‌ای ۱۰۰ عددی,عدد,5,211077,168000,1055385,تعاونی مصرف کارکنان
1404/11/07,SKU00032,قهوه فوری ۲۰۰ گرمی,عدد,6,448000,361846,2688000,هایپر ستاره شهر
1404/11/07,SKU00033,نوشابه خانواده ۱.۵ لیتری,عدد,54,41354,32738,2233116,فروشگاه امید
1404/11/07,SKU00034,آب معدنی ۱.۵ لیتری بسته ۶ عددی,بسته,9,82708,67200,744372,سوپر مارکت البرز
1404/11/07,SKU00035,ماکارونی ۷۰۰ گرمی,عدد,33,44800,36185,1478400,فروشگاه گلستان
1404/11/07,SKU00036,رب گوجه ۸۰۰ گرمی,عدد,18,93046,75815,1674828,بوفه دانشگاه
1404/11/07,SKU00037,تن ماهی ۱۸۰ گرمی,عدد,10,144738,116308,1447380,بقالی برادران احمدی
1404/11/07,SKU00038,لوبیا چیتی ۹۰۰ گرمی,عدد,10,122338,99077,1223380,سوپر پروتئین سبز
1404/11/07,SKU00039,عدس ۹۰۰ گرمی,عدد,5,105108,84431,525540,سوپر پروتئین سبز
1404/11/07,SKU00040,نخود ۹۰۰ گرمی,عدد,5,112000,90462,560000,فروشگاه سپیدار
1404/11/07,SKU00041,پنیر سفید ۴۰۰ گرمی,عدد,19,94769,75815,1800611,بقالی برادران احمدی
1404/11/07,SKU00042,شیر کم‌چرب ۱ لیتری,عدد,51,44800,36185,2284800,فروشگاه زنجیره‌ای مهر
1404/11/07,SKU00043,ماست دبه ۲ کیلویی,عدد,12,176615,142154,2119380,سوپرمارکت پارسیان
1404/11/07,SKU00044,کره حیوانی ۱۰۰ گرمی,عدد,16,101662,81846,1626592,هایپر ستاره شهر
1404/11/07,SKU00045,مایع ظرفشویی ۳.۷۵ لیتری,عدد,11,189538,150769,2084918,سوپرمارکت پارسیان
1404/11/07,SKU00046,پودر لباسشویی ۵ کیلویی,عدد,6,404923,331692,2429538,کافه رستوران ونک
1404/11/07,SKU00047,دستمال کاغذی ۳۰۰ برگ,بسته,21,73231,58585,1537851,تعاونی مصرف کارکنان
1404/11/07,SKU00048,شامپو ۹۰۰ میلی‌لیتری,عدد,6,230892,185231,1385352,بوفه دانشگاه
1404/11/07,SKU00049,خمیر دندان ۱۰۰ گرمی,عدد,11,79262,62031,871882,سوپرمارکت پارسیان
1404/11/07,SKU00050,صابون بسته ۶ عددی,بسته,6,103385,82708,620310,فروشگاه زنجیره‌ای مهر
1404/11/08,SKU00001,برنج ایرانی هاشمی ۱۰ کیلویی,کارتن,3,3880385,3276769,11641155,بقالی برادران احمدی
1404/11/08,SKU00027,برنج پاکستانی باسماتی ۱۰ کیلویی,کارتن,5,2285115,1810846,11425575,سوپر پروتئین سبز
1404/11/08,SKU00028,روغن آفتابگردان ۱.۸ لیتری,عدد,17,159527,129346,2711959,سوپر پروتئین سبز
1404/11/08,SKU00029,روغن سرخ‌کردنی ۴.۵ لیتری,عدد,7,392350,327677,2746450,فروشگاه گلستان
1404/11/08,SKU00030,شکر سفید ۹۰۰ گرمی,عدد,4,36217,30181,144868,بوفه دانشگاه
1404/11/08,SKU00031,چای کیسه‌ای ۱۰۰ عددی,عدد,7,211265,168150,1478855,بقالی برادران احمدی
1404/11/08,SKU00032,قهوه فوری ۲۰۰ گرمی,عدد,6,448400,362169,2690400,سوپرمارکت آفتاب
1404/11/08,SKU00033,نوشابه خانواده ۱.۵ لیتری,عدد,76,41391,32768,3145716,مینی‌مارکت شبانه
1404/11/08,SKU00034,آب معدنی ۱.۵ لیتری بسته ۶ عددی,بسته,23,82782,67260,1903986,مینی‌مارکت شبانه
1404/11/08,SKU00035,ماکارونی ۷۰۰ گرمی,عدد,25,44840,36217,1121000,هایپر نیک
1404/11/08,SKU00036,رب گوجه ۸۰۰ گرمی,عدد,14,93129,75883,1303806,مینی‌مارکت شبانه
1404/11/08,SKU00037,تن ماهی ۱۸۰ گرمی,عدد,16,144868,116412,2317888,فروشگاه یاس
1404/11/08,SKU00038,لوبیا چیتی ۹۰۰ گرمی,عدد,13,122448,99165,1591824,مینی‌مارکت شبانه
1404/11/08,SKU00039,عدس ۹۰۰ گرمی,عدد,12,105202,84506,1262424,مینی‌مارکت شبانه
1404/11/08,SKU00040,نخود ۹۰۰ گرمی,عدد,7,112100,90542,784700,سوپرمارکت آفتاب
1404/11/08,SKU00041,پنیر سفید ۴۰۰ گرمی,عدد,30,94854,75883,2845620,کافه رستوران ونک
1404/11/08,SKU00042,شیر کم‌چرب ۱ لیتری,عدد,37,44840,36217,1659080,بوفه دانشگاه
1404/11/08,SKU00043,ماست دبه ۲ کیلویی,عدد,11,176773,142281,1944503,سوپرمارکت آفتاب
1404/11/08,SKU00044,کره حیوانی ۱۰۰ گرمی,عدد,11,101752,81919,1119272,سوپر پروتئین سبز
1404/11/08,SKU00045,مایع ظرفشویی ۳.۷۵ لیتری,عدد,12,189708,150904,2276496,تعاونی مصرف کارکنان
1404/11/08,SKU00046,پودر لباسشویی ۵ کیلویی,عدد,3,405285,331988,1215855,فروشگاه امید
1404/11/08,SKU00047,دستمال کاغذی ۳۰۰ برگ,بسته,15,73296,58637,1099440,فروشگاه زنجیره‌ای مهر
1404/11/08,SKU00048,شامپو ۹۰۰ میلی‌لیتری,عدد,5,231098,185396,1155490,سوپرمارکت آفتاب
1404/11/08,SKU00049,خمیر دندان ۱۰۰ گرمی,عدد,10,79332,62086,793320,سوپرمارکت آفتاب
1404/11/08,SKU00050,صابون بسته ۶ عددی,بسته,6,103477,82782,620862,کافه رستوران ونک
1404/11/09,SKU00001,برنج ایرانی هاشمی ۱۰ کیلویی,کارتن,6,3883846,3279692,23303076,سوپر مارکت البرز
1404/11/09,SKU00027,برنج پاکستانی باسماتی ۱۰ کیلویی,کارتن,6,2287154,1812462,13722924,بوفه دانشگاه
1404/11/09,SKU00028,روغن آفتابگردان ۱.۸ لیتری,عدد,39,159669,129462,6227091,مینی‌مارکت شبانه
1404/11/09,SKU00029,روغن سرخ‌کردنی ۴.۵ لیتری,عدد,8,392700,327969,3141600,بوفه دانشگاه
1404/11/09,SKU00030,شکر سفید ۹۰۰ گرمی,عدد,46,36249,30208,1667454,مینی‌مارکت نسیم
1404/11/09,SKU00031,چای کیسه‌ای ۱۰۰ عددی,عدد,10,211454,168300,2114540,فروشگاه زنجیره‌ای مهر
1404/11/09,SKU00032,قهوه فوری ۲۰۰ گرمی,عدد,10,448800,362492,4488000,بوفه دانشگاه
1404/11/09,SKU00033,نوشابه خانواده ۱.۵ لیتری,عدد,101,41428,32797,4184228,سوپرمارکت آفتاب
1404/11/09,SKU00034,آب معدنی ۱.۵ لیتری بسته ۶ عددی,بسته,21,82855,67320,1739955,هایپر نیک
1404/11/09,SKU00035,ماکارونی ۷۰۰ گرمی,عدد,35,44880,36249,1570800,هایپر ستاره شهر
1404/11/09,SKU00036,رب گوجه ۸۰۰ گرمی,عدد,20,93212,75951,1864240,فروشگاه یاس
1404/11/09,SKU00037,تن ماهی ۱۸۰ گرمی,عدد,17,144997,116515,2464949,فروشگاه امید
1404/11/09,SKU00038,لوبیا چیتی ۹۰۰ گرمی,عدد,11,122557,99254,1348127,فروشگاه امید
1404/11/09,SKU00039,عدس ۹۰۰ گرمی,عدد,17,105295,84582,1790015,فروشگاه رفاه محلی
1404/11/09,SKU00040,نخود ۹۰۰ گرمی,عدد,6,112200,90623,673200,فروشگاه رفاه محلی
1404/11/09,SKU00041,پنیر سفید ۴۰۰ گرمی,عدد,43,94938,75951,4082334,سوپر مارکت البرز
1404/11/09,SKU00042,شیر کم‌چرب ۱ لیتری,عدد,24,44880,36249,1077120,هایپر نیک
1404/11/09,SKU00043,ماست دبه ۲ کیلویی,عدد,18,176931,142408,3184758,سوپرمارکت پارسیان
1404/11/09,SKU00044,کره حیوانی ۱۰۰ گرمی,عدد,16,101843,81992,1629488,فروشگاه امید
1404/11/09,SKU00045,مایع ظرفشویی ۳.۷۵ لیتری,عدد,10,189877,151038,1898770,مینی‌مارکت نسیم
1404/11/09,SKU00046,پودر لباسشویی ۵ کیلویی,عدد,9,405646,332285,3650814,تعاونی مصرف کارکنان
1404/11/09,SKU00047,دستمال کاغذی ۳۰۰ برگ,بسته,32,73362,58689,2347584,مینی‌مارکت نسیم
1404/11/09,SKU00048,شامپو ۹۰۰ میلی‌لیتری,عدد,18,231305,185562,4163490,فروشگاه رفاه محلی
1404/11/09,SKU00049,خمیر دندان ۱۰۰ گرمی,عدد,15,79403,62142,1191045,فروشگاه سپیدار
1404/11/09,SKU00050,صابون بسته ۶ عددی,بسته,13,103569,82855,1346397,تعاونی مصرف کارکنان
1404/11/10,SKU00001,برنج ایرانی هاشمی ۱۰ کیلویی,کارتن,1,3887308,3282615,3887308,فروشگاه سپیدار
1404/11/10,SKU00027,برنج پاکستانی باسماتی ۱۰ کیلویی,کارتن,3,2289192,1814077,6867576,بوفه دانشگاه
1404/11/10,SKU00028,روغن آفتابگردان ۱.۸ لیتری,عدد,16,159812,129577,2556992,تعاونی مصرف کارکنان
1404/11/10,SKU00029,روغن سرخ‌کردنی ۴.۵ لیتری,عدد,3,393050,328262,1179150,هایپر ستاره شهر
1404/11/10,SKU00030,شکر سفید ۹۰۰ گرمی,عدد,20,36282,30235,725640,کافه رستوران ونک
1404/11/10,SKU00031,چای کیسه‌ای ۱۰۰ عددی,عدد,3,211642,168450,634926,فروشگاه یاس
1404/11/10,SKU00032,قهوه فوری ۲۰۰ گرمی,عدد,3,449200,362815,1347600,سوپرمارکت پارسیان
1404/11/10,SKU00033,نوشابه خانواده ۱.۵ لیتری,عدد,24,41465,32826,995160,سوپر پروتئین سبز
1404/11/10,SKU00034,آب معدنی ۱.۵ لیتری بسته ۶ عددی,بسته,10,82929,67380,829290,بوفه دانشگاه
1404/11/10,SKU00035,ماکارونی ۷۰۰ گرمی,عدد,19,44920,36282,853480,تعاونی مصرف کارکنان
1404/11/10,SKU00036,رب گوجه ۸۰۰ گرمی,عدد,7,93295,76018,653065,مینی‌مارکت نسیم
1404/11/10,SKU00037,تن ماهی ۱۸۰ گرمی,عدد,7,145126,116619,1015882,سوپر مارکت البرز
1404/11/10,SKU00038,لوبیا چیتی ۹۰۰ گرمی,عدد,4,122666,99342,490664,سوپرمارکت پارسیان
1404/11/10,SKU00039,عدس ۹۰۰ گرمی,عدد,7,105389,84657,737723,تعاونی مصرف کارکنان
1404/11/10,SKU00040,نخود ۹۰۰ گرمی,عدد,2,112300,90704,224600,کافه رستوران ونک
1404/11/10,SKU00041,پنیر سفید ۴۰۰ گرمی,عدد,14,95023,76018,1330322,سوپرمارکت آفتاب
1404/11/10,SKU00042,شیر کم‌چرب ۱ لیتری,عدد,20,44920,36282,898400,مینی‌مارکت نسیم
1404/11/10,SKU00043,ماست دبه ۲ کیلویی,عدد,9,177088,142535,1593792,فروشگاه زنجیره‌ای مهر
1404/11/10,SKU00044,کره حیوانی ۱۰۰ گرمی,عدد,7,101934,82065,713538,فروشگاه زنجیره‌ای مهر
1404/11/10,SKU00045,مایع ظرفشویی ۳.۷۵ لیتری,عدد,6,190046,151173,1140276,سوپرمارکت آفتاب
1404/11/10,SKU00046,پودر لباسشویی ۵ کیلویی,عدد,4,406008,332581,1624032,فروشگاه زنجیره‌ای مهر
1404/11/10,SKU00047,دستمال کاغذی ۳۰۰ برگ,بسته,7,73427,58742,513989,فروشگاه امید
1404/11/10,SKU00048,شامپو ۹۰۰ میلی‌لیتری,عدد,3,231511,185727,694533,فروشگاه زنجیره‌ای مهر
1404/11/10,SKU00049,خمیر دندان ۱۰۰ گرمی,عدد,6,79474,62197,476844,بوفه دانشگاه
1404/11/10,SKU00050,صابون بسته ۶ عددی,بسته,6,103662,82929,621972,فروشگاه زنجیره‌ای مهر
1404/11/11,SKU00001,برنج ایرانی هاشمی ۱۰ کیلویی,کارتن,2,3890769,3285538,7781538,فروشگاه سپیدار
1404/11/11,SKU00027,برنج پاکستانی باسماتی ۱۰ کیلویی,کارتن,4,2291231,1815692,9164924,مینی‌مارکت نسیم
1404/11/11,SKU00028,روغن آفتابگردان ۱.۸ لیتری,عدد,33,159954,129692,5278482,سوپر مارکت البرز
1404/11/11,SKU00029,روغن سرخ‌کردنی ۴.۵ لیتری,عدد,5,393400,328554,1967000,تعاونی مصرف کارکنان
1404/11/11,SKU00030,شکر سفید ۹۰۰ گرمی,عدد,32,36314,30262,1162048,مینی‌مارکت شبانه
1404/11/11,SKU00031,چای کیسه‌ای ۱۰۰ عددی,عدد,14,211831,168600,2965634,فروشگاه سپیدار
1404/11/11,SKU00032,قهوه فوری ۲۰۰ گرمی,عدد,7,449600,363138,3147200,فروشگاه سپیدار
1404/11/11,SKU00033,نوشابه خانواده ۱.۵ لیتری,عدد,35,41502,32855,1452570,مینی‌مارکت نسیم
1404/11/11,SKU00034,آب معدنی ۱.۵ لیتری بسته ۶ عددی,بسته,17,83003,67440,1411051,فروشگاه امید
1404/11/11,SKU00035,ماکارونی ۷۰۰ گرمی,عدد,31,44960,36314,1393760,فروشگاه گلستان
1404/11/11,SKU00036,رب گوجه ۸۰۰ گرمی,عدد,17,93378,76086,1587426,کافه رستوران ونک
1404/11/11,SKU00037,تن ماهی ۱۸۰ گرمی,عدد,9,145255,116723,1307295,مینی‌مارکت شبانه
1404/11/11,SKU00038,لوبیا چیتی ۹۰۰ گرمی,عدد,14,122775,99431,1718850,سوپر مارکت البرز
1404/11/11,SKU00039,عدس ۹۰۰ گرمی,عدد,10,105483,84732,1054830,هایپر نیک
1404/11/11,SKU00040,نخود ۹۰۰ گرمی,عدد,6,112400,90785,674400,سوپر مارکت البرز
1404/11/11,SKU00041,پنیر سفید ۴۰۰ گرمی,عدد,11,95108,76086,1046188,سوپرمارکت آفتاب
1404/11/11,SKU00042,شیر کم‌چرب ۱ لیتری,عدد,48,44960,36314,2158080,فروشگاه زنجیره‌ای مهر
1404/11/11,SKU00043,ماست دبه ۲ کیلویی,عدد,17,177246,142662,3013182,سوپرمارکت آفتاب
1404/11/11,SKU00044,کره حیوانی ۱۰۰ گرمی,عدد,9,102025,82138,918225,بقالی برادران احمدی
1404/11/11,SKU00045,مایع ظرفشویی ۳.۷۵ لیتری,عدد,15,190215,151308,2853225,فروشگاه یاس
1404/11/11,SKU00046,پودر لباسشویی ۵ کیلویی,عدد,2,406369,332877,812738,فروشگاه رفاه محلی
1404/11/11,SKU00047,دستمال کاغذی ۳۰۰ برگ,بسته,22,73492,58794,1616824,کافه رستوران ونک
1404/11/11,SKU00048,شامپو ۹۰۰ میلی‌لیتری,عدد,8,231717,185892,1853736,فروشگاه امید
1404/11/11,SKU00049,خمیر دندان ۱۰۰ گرمی,عدد,15,79545,62252,1193175,فروشگاه یاس
1404/11/11,SKU00050,صابون بسته ۶ عددی,بسته,7,103754,83003,726278,کافه رستوران ونک
1404/11/12,SKU00001,برنج ایرانی هاشمی ۱۰ کیلویی,کارتن,4,3894231,3288462,15576924,سوپرمارکت آفتاب
1404/11/12,SKU00027,برنج پاکستانی باسماتی ۱۰ کیلویی,کارتن,4,2293269,1817308,9173076,سوپر مارکت البرز
1404/11/12,SKU00028,روغن آفتابگردان ۱.۸ لیتری,عدد,28,160096,129808,4482688,بوفه دانشگاه
1404/11/12,SKU00029,روغن سرخ‌کردنی ۴.۵ لیتری,عدد,6,393750,328846,2362500,سوپر پروتئین سبز
1404/11/12,SKU00030,شکر سفید ۹۰۰ گرمی,عدد,35,36346,30288,1272110,مینی‌مارکت نسیم
1404/11/12,SKU00031,چای کیسه‌ای ۱۰۰ عددی,عدد,10,212019,168750,2120190,سوپر مارکت البرز
1404/11/12,SKU00032,قهوه فوری ۲۰۰ گرمی,عدد,2,450000,363462,900000,فروشگاه گلستان
1404/11/12,SKU00033,نوشابه خانواده ۱.۵ لیتری,عدد,41,41538,32885,1703058,سوپرمارکت پارسیان
1404/11/12,SKU00034,آب معدنی ۱.۵ لیتری بسته ۶ عددی,بسته,21,83077,67500,1744617,سوپرمارکت آفتاب
1404/11/12,SKU00035,ماکارونی ۷۰۰ گرمی,عدد,14,45000,36346,630000,هایپر نیک
1404/11/12,SKU00036,رب گوجه ۸۰۰ گرمی,عدد,12,93462,76154,1121544,فروشگاه گلستان
1404/11/12,SKU00037,تن ماهی ۱۸۰ گرمی,عدد,23,145385,116827,3343855,سوپرمارکت آفتاب
1404/11/12,SKU00038,لوبیا چیتی ۹۰۰ گرمی,عدد,10,122885,99519,1228850,بقالی برادران احمدی
1404/11/12,SKU00039,عدس ۹۰۰ گرمی,عدد,9,105577,84808,950193,سوپر مارکت البرز
1404/11/12,SKU00040,نخود ۹۰۰ گرمی,عدد,6,112500,90865,675000,هایپر ستاره شهر
1404/11/12,SKU00041,پنیر سفید ۴۰۰ گرمی,عدد,13,95192,76154,1237496,مینی‌مارکت شبانه
1404/11/12,SKU00042,شیر کم‌چرب ۱ لیتری,عدد,39,45000,36346,1755000,فروشگاه امید
1404/11/12,SKU00043,ماست دبه ۲ کیلویی,عدد,17,177404,142788,3015868,سوپر پروتئین سبز
1404/11/12,SKU00044,کره حیوانی ۱۰۰ گرمی,عدد,13,102115,82212,1327495,فروشگاه یاس
1404/11/12,SKU00045,مایع ظرفشویی ۳.۷۵ لیتری,عدد,10,190385,151442,1903850,مینی‌مارکت نسیم
1404/11/12,SKU00046,پودر لباسشویی ۵ کیلویی,عدد,3,406731,333173,1220193,هایپر نیک
1404/11/12,SKU00047,دستمال کاغذی ۳۰۰ برگ,بسته,29,73558,58846,2133182,فروشگاه گلستان
1404/11/12,SKU00048,شامپو ۹۰۰ میلی‌لیتری,عدد,7,231923,186058,1623461,بقالی برادران احمدی
1404/11/12,SKU00049,خمیر دندان ۱۰۰ گرمی,عدد,16,79615,62308,1273840,فروشگاه سپیدار
1404/11/12,SKU00050,صابون بسته ۶ عددی,بسته,12,103846,83077,1246152,سوپرمارکت آفتاب
1404/11/13,SKU00001,برنج ایرانی هاشمی ۱۰ کیلویی,کارتن,3,3897692,3291385,11693076,فروشگاه گلستان
1404/11/13,SKU00027,برنج پاکستانی باسماتی ۱۰ کیلویی,کارتن,2,2295308,1818923,4590616,فروشگاه امید
1404/11/13,SKU00028,روغن آفتابگردان ۱.۸ لیتری,عدد,25,160238,129923,4005950,فروشگاه سپیدار
1404/11/13,SKU00029,روغن سرخ‌کردنی ۴.۵ لیتری,عدد,5,394100,329138,1970500,مینی‌مارکت شبانه
1404/11/13,SKU00030,شکر سفید ۹۰۰ گرمی,عدد,25,36378,30315,909450,سوپرمارکت آفتاب
1404/11/13,SKU00031,چای کیسه‌ای ۱۰۰ عددی,عدد,10,212208,168900,2122080,فروشگاه گلستان
1404/11/13,SKU00032,قهوه فوری ۲۰۰ گرمی,عدد,4,450400,363785,1801600,فروشگاه رفاه محلی
1404/11/13,SKU00033,نوشابه خانواده ۱.۵ لیتری,عدد,58,41575,32914,2411350,فروشگاه زنجیره‌ای مهر
1404/11/13,SKU00034,آب معدنی ۱.۵ لیتری بسته ۶ عددی,بسته,28,83151,67560,2328228,تعاونی مصرف کارکنان
1404/11/13,SKU00035,ماکارونی ۷۰۰ گرمی,عدد,11,45040,36378,495440,بوفه دانشگاه
1404/11/13,SKU00036,رب گوجه ۸۰۰ گرمی,عدد,11,93545,76222,1028995,تعاونی مصرف کارکنان
1404/11/13,SKU00037,تن ماهی ۱۸۰ گرمی,عدد,6,145514,116931,873084,هایپر ستاره شهر
1404/11/13,SKU00038,لوبیا چیتی ۹۰۰ گرمی,عدد,13,122994,99608,1598922,سوپرمارکت پارسیان
1404/11/13,SKU00039,عدس ۹۰۰ گرمی,عدد,10,105671,84883,1056710,بقالی برادران احمدی
1404/11/13,SKU00040,نخود ۹۰۰ گرمی,عدد,5,112600,90946,563000,بقالی برادران احمدی
1404/11/13,SKU00041,پنیر سفید ۴۰۰ گرمی,عدد,27,95277,76222,2572479,هایپر نیک
1404/11/13,SKU00042,شیر کم‌چرب ۱ لیتری,عدد,24,45040,36378,1080960,فروشگاه گلستان
1404/11/13,SKU00043,ماست دبه ۲ کیلویی,عدد,12,177562,142915,2130744,سوپرمارکت پارسیان
1404/11/13,SKU00044,کره حیوانی ۱۰۰ گرمی,عدد,7,102206,82285,715442,سوپر پروتئین سبز
1404/11/13,SKU00045,مایع ظرفشویی ۳.۷۵ لیتری,عدد,12,190554,151577,2286648,سوپرمارکت پارسیان
1404/11/13,SKU00046,پودر لباسشویی ۵ کیلویی,عدد,4,407092,333469,1628368,تعاونی مصرف کارکنان
1404/11/13,SKU00047,دستمال کاغذی ۳۰۰ برگ,بسته,18,73623,58898,1325214,کافه رستوران ونک
1404/11/13,SKU00048,شامپو ۹۰۰ میلی‌لیتری,عدد,6,232129,186223,1392774,مینی‌مارکت شبانه
1404/11/13,SKU00049,خمیر دندان ۱۰۰ گرمی,عدد,16,79686,62363,1274976,فروشگاه امید
1404/11/13,SKU00050,صابون بسته ۶ عددی,بسته,8,103938,83151,831504,فروشگاه گلستان
1404/11/14,SKU00001,برنج ایرانی هاشمی ۱۰ کیلویی,کارتن,4,3901154,3294308,15604616,فروشگاه زنجیره‌ای مهر
1404/11/14,SKU00027,برنج پاکستانی باسماتی ۱۰ کیلویی,کارتن,2,2297346,1820538,4594692,بقالی برادران احمدی
1404/11/14,SKU00028,روغن آفتابگردان ۱.۸ لیتری,عدد,30,160381,130038,4811430,تعاونی مصرف کارکنان
1404/11/14,SKU00029,روغن سرخ‌کردنی ۴.۵ لیتری,عدد,7,394450,329431,2761150,سوپرمارکت پارسیان
1404/11/14,SKU00030,شکر سفید ۹۰۰ گرمی,عدد,35,36411,30342,1274385,کافه رستوران ونک
1404/11/14,SKU00031,چای کیسه‌ای ۱۰۰ عددی,عدد,7,212396,169050,1486772,فروشگاه امید
1404/11/14,SKU00032,قهوه فوری ۲۰۰ گرمی,عدد,4,450800,364108,1803200,بقالی برادران احمدی
1404/11/14,SKU00033,نوشابه خانواده ۱.۵ لیتری,عدد,25,41612,32943,1040300,سوپرمارکت پارسیان
1404/11/14,SKU00034,آب معدنی ۱.۵ لیتری بسته ۶ عددی,بسته,21,83225,67620,1747725,سوپر پروتئین سبز
1404/11/14,SKU00035,ماکارونی ۷۰۰ گرمی,عدد,28,45080,36411,1262240,کافه رستوران ونک
1404/11/14,SKU00036,رب گوجه ۸۰۰ گرمی,عدد,14,93628,76289,1310792,بوفه دانشگاه
1404/11/14,SKU00037,تن ماهی ۱۸۰ گرمی,عدد,17,145643,117035,2475931,مینی‌مارکت شبانه
1404/11/14,SKU00038,لوبیا چیتی ۹۰۰ گرمی,عدد,6,123103,99696,738618,بقالی برادران احمدی
1404/11/14,SKU00039,عدس ۹۰۰ گرمی,عدد,5,105765,84958,528825,فروشگاه سپیدار
1404/11/14,SKU00040,نخود ۹۰۰ گرمی,عدد,5,112700,91027,563500,بقالی برادران احمدی
1404/11/14,SKU00041,پنیر سفید ۴۰۰ گرمی,عدد,11,95362,76289,1048982,فروشگاه رفاه محلی
1404/11/14,SKU00042,شیر کم‌چرب ۱ لیتری,عدد,33,45080,36411,1487640,سوپرمارکت پارسیان
1404/11/14,SKU00043,ماست دبه ۲ کیلویی,عدد,16,177719,143042,2843504,سوپر مارکت البرز
1404/11/14,SKU00044,کره حیوانی ۱۰۰ گرمی,عدد,6,102297,82358,613782,مینی‌مارکت شبانه
1404/11/14,SKU00045,مایع ظرفشویی ۳.۷۵ لیتری,عدد,3,190723,151712,572169,فروشگاه زنجیره‌ای مهر
1404/11/14,SKU00046,پودر لباسشویی ۵ کیلویی,عدد,7,407454,333765,2852178,بقالی برادران احمدی
1404/11/14,SKU00047,دستمال کاغذی ۳۰۰ برگ,بسته,28,73688,58951,2063264,سوپرمارکت پارسیان
1404/11/14,SKU00048,شامپو ۹۰۰ میلی‌لیتری,عدد,4,232335,186388,929340,هایپر نیک
1404/11/14,SKU00049,خمیر دندان ۱۰۰ گرمی,عدد,9,79757,62418,717813,بقالی برادران احمدی
1404/11/14,SKU00050,صابون بسته ۶ عددی,بسته,8,104031,83225,832248,مینی‌مارکت شبانه
1404/11/15,SKU00001,برنج ایرانی هاشمی ۱۰ کیلویی,کارتن,5,3904615,3297231,19523075,فروشگاه یاس
1404/11/15,SKU00027,برنج پاکستانی باسماتی ۱۰ کیلویی,کارتن,3,2299385,1822154,6898155,بقالی برادران احمدی
1404/11/15,SKU00028,روغن آفتابگردان ۱.۸ لیتری,عدد,10,160523,130154,1605230,بوفه دانشگاه
1404/11/15,SKU00029,روغن سرخ‌کردنی ۴.۵ لیتری,عدد,7,394800,329723,2763600,فروشگاه زنجیره‌ای مهر
1404/11/15,SKU00030,شکر سفید ۹۰۰ گرمی,عدد,22,36443,30369,801746,فروشگاه گلستان
1404/11/15,SKU00031,چای کیسه‌ای ۱۰۰ عددی,عدد,5,212585,169200,1062925,تعاونی مصرف کارکنان
1404/11/15,SKU00032,قهوه فوری ۲۰۰ گرمی,عدد,4,451200,364431,1804800,سوپرمارکت آفتاب
1404/11/15,SKU00033,نوشابه خانواده ۱.۵ لیتری,عدد,68,41649,32972,2832132,تعاونی مصرف کارکنان
1404/11/15,SKU00034,آب معدنی ۱.۵ لیتری بسته ۶ عددی,بسته,30,83298,67680,2498940,کافه رستوران ونک
1404/11/15,SKU00035,ماکارونی ۷۰۰ گرمی,عدد,27,45120,36443,1218240,بوفه دانشگاه
1404/11/15,SKU00036,رب گوجه ۸۰۰ گرمی,عدد,16,93711,76357,1499376,فروشگاه گلستان
1404/11/15,SKU00037,تن ماهی ۱۸۰ گرمی,عدد,20,145772,117138,2915440,فروشگاه زنجیره‌ای مهر
1404/11/15,SKU00038,لوبیا چیتی ۹۰۰ گرمی,عدد,11,123212,99785,1355332,فروشگاه زنجیره‌ای مهر
1404/11/15,SKU00039,عدس ۹۰۰ گرمی,عدد,10,105858,85034,1058580,مینی‌مارکت شبانه
1404/11/15,SKU00040,نخود ۹۰۰ گرمی,عدد,4,112800,91108,451200,مینی‌مارکت شبانه
1404/11/15,SKU00041,پنیر سفید ۴۰۰ گرمی,عدد,34,95446,76357,3245164,فروشگاه امید
1404/11/15,SKU00042,شیر کم‌چرب ۱ لیتری,عدد,47,45120,36443,2120640,فروشگاه رفاه محلی
1404/11/15,SKU00043,ماست دبه ۲ کیلویی,عدد,14,177877,143169,2490278,مینی‌مارکت نسیم
1404/11/15,SKU00044,کره حیوانی ۱۰۰ گرمی,عدد,10,102388,82431,1023880,فروشگاه سپیدار
1404/11/15,SKU00045,مایع ظرفشویی ۳.۷۵ لیتری,عدد,10,190892,151846,1908920,فروشگاه سپیدار
1404/11/15,SKU00046,پودر لباسشویی ۵ کیلویی,عدد,7,407815,334062,2854705,تعاونی مصرف کارکنان
1404/11/15,SKU00047,دستمال کاغذی ۳۰۰ برگ,بسته,26,73754,59003,1917604,فروشگاه زنجیره‌ای مهر
1404/11/15,SKU00048,شامپو ۹۰۰ میلی‌لیتری,عدد,10,232542,186554,2325420,مینی‌مارکت نسیم
1404/11/15,SKU00049,خمیر دندان ۱۰۰ گرمی,عدد,10,79828,62474,798280,مینی‌مارکت شبانه
1404/11/15,SKU00050,صابون بسته ۶ عددی,بسته,9,104123,83298,937107,هایپر نیک
1404/11/16,SKU00001,برنج ایرانی هاشمی ۱۰ کیلویی,کارتن,4,3908077,3300154,15632308,مینی‌مارکت نسیم
1404/11/16,SKU00027,برنج پاکستانی باسماتی ۱۰ کیلویی,کارتن,5,2301423,1823769,11507115,مینی‌مارکت نسیم
1404/11/16,SKU00028,روغن آفتابگردان ۱.۸ لیتری,عدد,30,160665,130269,4819950,فروشگاه سپیدار
1404/11/16,SKU00029,روغن سرخ‌کردنی ۴.۵ لیتری,عدد,11,395150,330015,4346650,بقالی برادران احمدی
1404/11/16,SKU00030,شکر سفید ۹۰۰ گرمی,عدد,48,36475,30396,1750800,سوپر مارکت البرز
1404/11/16,SKU00031,چای کیسه‌ای ۱۰۰ عددی,عدد,4,212773,169350,851092,فروشگاه سپیدار
1404/11/16,SKU00032,قهوه فوری ۲۰۰ گرمی,عدد,9,451600,364754,4064400,هایپر ستاره شهر
1404/11/16,SKU00033,نوشابه خانواده ۱.۵ لیتری,عدد,56,41686,33002,2334416,فروشگاه گلستان
1404/11/16,SKU00034,آب معدنی ۱.۵ لیتری بسته ۶ عددی,بسته,25,83372,67740,2084300,فروشگاه امید
1404/11/16,SKU00035,ماکارونی ۷۰۰ گرمی,عدد,45,45160,36475,2032200,سوپرمارکت پارسیان
1404/11/16,SKU00036,رب گوجه ۸۰۰ گرمی,عدد,20,93794,76425,1875880,سوپر مارکت البرز
1404/11/16,SKU00037,تن ماهی ۱۸۰ گرمی,عدد,24,145902,117242,3501648,سوپر مارکت البرز
1404/11/16,SKU00038,لوبیا چیتی ۹۰۰ گرمی,عدد,9,123322,99873,1109898,مینی‌مارکت نسیم
1404/11/16,SKU00039,عدس ۹۰۰ گرمی,عدد,15,105952,85109,1589280,هایپر نیک
1404/11/16,SKU00040,نخود ۹۰۰ گرمی,عدد,12,112900,91188,1354800,فروشگاه گلستان
1404/11/16,SKU00041,پنیر سفید ۴۰۰ گرمی,عدد,29,95531,76425,2770399,سوپرمارکت آفتاب
1404/11/16,SKU00042,شیر کم‌چرب ۱ لیتری,عدد,47,45160,36475,2122520,فروشگاه امید
1404/11/16,SKU00043,ماست دبه ۲ کیلویی,عدد,13,178035,143296,2314455,بقالی برادران احمدی
1404/11/16,SKU00044,کره حیوانی ۱۰۰ گرمی,عدد,7,102478,82504,717346,بقالی برادران احمدی
1404/11/16,SKU00045,مایع ظرفشویی ۳.۷۵ لیتری,عدد,17,191062,151981,3248054,سوپر پروتئین سبز
1404/11/16,SKU00046,پودر لباسشویی ۵ کیلویی,عدد,9,408177,334358,3673593,سوپرمارکت پارسیان
1404/11/16,SKU00047,دستمال کاغذی ۳۰۰ برگ,بسته,26,73819,59055,1919294,کافه رستوران ونک
1404/11/16,SKU00048,شامپو ۹۰۰ میلی‌لیتری,عدد,4,232748,186719,930992,کافه رستوران ونک
1404/11/16,SKU00049,خمیر دندان ۱۰۰ گرمی,عدد,22,79898,62529,1757756,سوپر مارکت البرز
1404/11/16,SKU00050,صابون بسته ۶ عددی,بسته,7,104215,83372,729505,بوفه دانشگاه
1404/11/17,SKU00001,برنج ایرانی هاشمی ۱۰ کیلویی,کارتن,1,3911538,3303077,3911538,کافه رستوران ونک
1404/11/17,SKU00027,برنج پاکستانی باسماتی ۱۰ کیلویی,کارتن,2,2303462,1825385,4606924,سوپر پروتئین سبز
1404/11/17,SKU00028,روغن آفتابگردان ۱.۸ لیتری,عدد,12,160808,130385,1929696,بوفه دانشگاه
1404/11/17,SKU00029,روغن سرخ‌کردنی ۴.۵ لیتری,عدد,2,395500,330308,791000,هایپر ستاره شهر
1404/11/17,SKU00030,شکر سفید ۹۰۰ گرمی,عدد,8,36508,30423,292064,مینی‌مارکت نسیم
1404/11/17,SKU00031,چای کیسه‌ای ۱۰۰ عددی,عدد,6,212962,169500,1277772,بقالی برادران احمدی
1404/11/17,SKU00032,قهوه فوری ۲۰۰ گرمی,عدد,3,452000,365077,1356000,تعاونی مصرف کارکنان
1404/11/17,SKU00033,نوشابه خانواده ۱.۵ لیتری,عدد,16,41723,33031,667568,سوپر مارکت البرز
1404/11/17,SKU00034,آب معدنی ۱.۵ لیتری بسته ۶ عددی,بسته,9,83446,67800,751014,مینی‌مارکت نسیم
1404/11/17,SKU00035,ماکارونی ۷۰۰ گرمی,عدد,10,45200,36508,452000,بوفه دانشگاه
1404/11/17,SKU00036,رب گوجه ۸۰۰ گرمی,عدد,8,93877,76492,751016,تعاونی مصرف کارکنان
1404/11/17,SKU00037,تن ماهی ۱۸۰ گرمی,عدد,11,146031,117346,1606341,بقالی برادران احمدی
1404/11/17,SKU00038,لوبیا چیتی ۹۰۰ گرمی,عدد,4,123431,99962,493724,فروشگاه امید
1404/11/17,SKU00039,عدس ۹۰۰ گرمی,عدد,4,106046,85185,424184,هایپر ستاره شهر
1404/11/17,SKU00040,نخود ۹۰۰ گرمی,عدد,3,113000,91269,339000,مینی‌مارکت شبانه
1404/11/17,SKU00041,پنیر سفید ۴۰۰ گرمی,عدد,9,95615,76492,860535,هایپر ستاره شهر
1404/11/17,SKU00042,شیر کم‌چرب ۱ لیتری,عدد,26,45200,36508,1175200,بقالی برادران احمدی
1404/11/17,SKU00043,ماست دبه ۲ کیلویی,عدد,10,178192,143423,1781920,هایپر نیک
1404/11/17,SKU00044,کره حیوانی ۱۰۰ گرمی,عدد,7,102569,82577,717983,فروشگاه رفاه محلی
1404/11/17,SKU00045,مایع ظرفشویی ۳.۷۵ لیتری,عدد,5,191231,152115,956155,سوپرمارکت پارسیان
1404/11/17,SKU00046,پودر لباسشویی ۵ کیلویی,عدد,2,408538,334654,817076,مینی‌مارکت شبانه
1404/11/17,SKU00047,دستمال کاغذی ۳۰۰ برگ,بسته,9,73885,59108,664965,سوپرمارکت آفتاب
1404/11/17,SKU00048,شامپو ۹۰۰ میلی‌لیتری,عدد,3,232954,186885,698862,بقالی برادران احمدی
1404/11/17,SKU00049,خمیر دندان ۱۰۰ گرمی,عدد,8,79969,62585,639752,بقالی برادران احمدی
1404/11/17,SKU00050,صابون بسته ۶ عددی,بسته,3,104308,83446,312924,بوفه دانشگاه
1404/11/18,SKU00001,برنج ایرانی هاشمی ۱۰ کیلویی,کارتن,4,3915000,3306000,15660000,بقالی برادران احمدی
1404/11/18,SKU00027,برنج پاکستانی باسماتی ۱۰ کیلویی,کارتن,4,2305500,1827000,9222000,فروشگاه زنجیره‌ای مهر
1404/11/18,SKU00028,روغن آفتابگردان ۱.۸ لیتری,عدد,28,160950,130500,4506600,بوفه دانشگاه
1404/11/18,SKU00029,روغن سرخ‌کردنی ۴.۵ لیتری,عدد,7,395850,330600,2770950,مینی‌مارکت نسیم
1404/11/18,SKU00030,شکر سفید ۹۰۰ گرمی,عدد,30,36540,30450,1096200,مینی‌مارکت شبانه
1404/11/18,SKU00031,چای کیسه‌ای ۱۰۰ عددی,عدد,7,213150,169650,1492050,هایپر ستاره شهر
1404/11/18,SKU00032,قهوه فوری ۲۰۰ گرمی,عدد,3,452400,365400,1357200,هایپر ستاره شهر
1404/11/18,SKU00033,نوشابه خانواده ۱.۵ لیتری,عدد,61,41760,33060,2547360,بقالی برادران احمدی
1404/11/18,SKU00034,آب معدنی ۱.۵ لیتری بسته ۶ عددی,بسته,21,83520,67860,1753920,فروشگاه گلستان
1404/11/18,SKU00035,ماکارونی ۷۰۰ گرمی,عدد,33,45240,36540,1492920,فروشگاه زنجیره‌ای مهر
1404/11/18,SKU00036,رب گوجه ۸۰۰ گرمی,عدد,8,93960,76560,751680,هایپر ستاره شهر
1404/11/18,SKU00037,تن ماهی ۱۸۰ گرمی,عدد,17,146160,117450,2484720,مینی‌مارکت نسیم
1404/11/18,SKU00038,لوبیا چیتی ۹۰۰ گرمی,عدد,5,123540,100050,617700,بقالی برادران احمدی
1404/11/18,SKU00039,عدس ۹۰۰ گرمی,عدد,7,106140,85260,742980,بقالی برادران احمدی
1404/11/18,SKU00040,نخود ۹۰۰ گرمی,عدد,7,113100,91350,791700,مینی‌مارکت نسیم
1404/11/18,SKU00041,پنیر سفید ۴۰۰ گرمی,عدد,15,95700,76560,1435500,کافه رستوران ونک
1404/11/18,SKU00042,شیر کم‌چرب ۱ لیتری,عدد,44,45240,36540,1990560,بقالی برادران احمدی
1404/11/18,SKU00043,ماست دبه ۲ کیلویی,عدد,9,178350,143550,1605150,مینی‌مارکت نسیم
1404/11/18,SKU00044,کره حیوانی ۱۰۰ گرمی,عدد,12,102660,82650,1231920,بوفه دانشگاه
1404/11/18,SKU00045,مایع ظرفشویی ۳.۷۵ لیتری,عدد,4,191400,152250,765600,بوفه دانشگاه
1404/11/18,SKU00046,پودر لباسشویی ۵ کیلویی,عدد,6,408900,334950,2453400,تعاونی مصرف کارکنان
1404/11/18,SKU00047,دستمال کاغذی ۳۰۰ برگ,بسته,15,73950,59160,1109250,هایپر نیک
1404/11/18,SKU00048,شامپو ۹۰۰ میلی‌لیتری,عدد,5,233160,187050,1165800,هایپر ستاره شهر
1404/11/18,SKU00049,خمیر دندان ۱۰۰ گرمی,عدد,9,80040,62640,720360,فروشگاه امید
1404/11/18,SKU00050,صابون بسته ۶ عددی,بسته,8,104400,83520,835200,بوفه دانشگاه
1404/11/19,SKU00001,برنج ایرانی هاشمی ۱۰ کیلویی,کارتن,2,3918462,3308923,7836924,فروشگاه سپیدار
1404/11/19,SKU00027,برنج پاکستانی باسماتی ۱۰ کیلویی,کارتن,5,2307538,1828615,11537690,هایپر ستاره شهر
1404/11/19,SKU00028,روغن آفتابگردان ۱.۸ لیتری,عدد,10,161092,130615,1610920,سوپرمارکت پارسیان
1404/11/19,SKU00029,روغن سرخ‌کردنی ۴.۵ لیتری,عدد,6,396200,330892,2377200,سوپرمارکت پارسیان
1404/11/19,SKU00030,شکر سفید ۹۰۰ گرمی,عدد,31,36572,30477,1133732,هایپر نیک
1404/11/19,SKU00031,چای کیسه‌ای ۱۰۰ عددی,عدد,8,213338,169800,1706704,مینی‌مارکت شبانه
1404/11/19,SKU00032,قهوه فوری ۲۰۰ گرمی,عدد,4,452800,365723,1811200,بقالی برادران احمدی
1404/11/19,SKU00033,نوشابه خانواده ۱.۵ لیتری,عدد,55,41797,33089,2298835,فروشگاه امید
1404/11/19,SKU00034,آب معدنی ۱.۵ لیتری بسته ۶ عددی,بسته,12,83594,67920,1003128,سوپرمارکت آفتاب
1404/11/19,SKU00035,ماکارونی ۷۰۰ گرمی,عدد,26,45280,36572,1177280,بقالی برادران احمدی
1404/11/19,SKU00036,رب گوجه ۸۰۰ گرمی,عدد,4,94043,76628,376172,تعاونی مصرف کارکنان
1404/11/19,SKU00037,تن ماهی ۱۸۰ گرمی,عدد,15,146289,117554,2194335,فروشگاه یاس
1404/11/19,SKU00038,لوبیا چیتی ۹۰۰ گرمی,عدد,6,123649,100138,741894,تعاونی مصرف کارکنان
1404/11/19,SKU00039,عدس ۹۰۰ گرمی,عدد,6,106234,85335,637404,سوپرمارکت پارسیان
1404/11/19,SKU00040,نخود ۹۰۰ گرمی,عدد,8,113200,91431,905600,فروشگاه سپیدار
1404/11/19,SKU00041,پنیر سفید ۴۰۰ گرمی,عدد,24,95785,76628,2298840,سوپرمارکت پارسیان
1404/11/19,SKU00042,شیر کم‌چرب ۱ لیتری,عدد,28,45280,36572,1267840,بوفه دانشگاه
1404/11/19,SKU00043,ماست دبه ۲ کیلویی,عدد,10,178508,143677,1785080,فروشگاه گلستان
1404/11/19,SKU00044,کره حیوانی ۱۰۰ گرمی,عدد,6,102751,82723,616506,کافه رستوران ونک
1404/11/19,SKU00045,مایع ظرفشویی ۳.۷۵ لیتری,عدد,10,191569,152385,1915690,تعاونی مصرف کارکنان
1404/11/19,SKU00046,پودر لباسشویی ۵ کیلویی,عدد,8,409262,335246,3274096,سوپرمارکت آفتاب
1404/11/19,SKU00047,دستمال کاغذی ۳۰۰ برگ,بسته,30,74015,59212,2220450,فروشگاه امید
1404/11/19,SKU00048,شامپو ۹۰۰ میلی‌لیتری,عدد,7,233366,187215,1633562,فروشگاه گلستان
1404/11/19,SKU00049,خمیر دندان ۱۰۰ گرمی,عدد,12,80111,62695,961332,فروشگاه سپیدار
1404/11/19,SKU00050,صابون بسته ۶ عددی,بسته,9,104492,83594,940428,مینی‌مارکت نسیم
1404/11/20,SKU00001,برنج ایرانی هاشمی ۱۰ کیلویی,کارتن,3,3921923,3311846,11765769,هایپر نیک
1404/11/20,SKU00027,برنج پاکستانی باسماتی ۱۰ کیلویی,کارتن,4,2309577,1830231,9238308,مینی‌مارکت نسیم
1404/11/20,SKU00028,روغن آفتابگردان ۱.۸ لیتری,عدد,32,161235,130731,5159520,بقالی برادران احمدی
1404/11/20,SKU00029,روغن سرخ‌کردنی ۴.۵ لیتری,عدد,4,396550,331185,1586200,تعاونی مصرف کارکنان
1404/11/20,SKU00030,شکر سفید ۹۰۰ گرمی,عدد,41,36605,30504,1500805,فروشگاه رفاه محلی
1404/11/20,SKU00031,چای کیسه‌ای ۱۰۰ عددی,عدد,10,213527,169950,2135270,کافه رستوران ونک
1404/11/20,SKU00032,قهوه فوری ۲۰۰ گرمی,عدد,4,453200,366046,1812800,سوپرمارکت پارسیان
1404/11/20,SKU00033,نوشابه خانواده ۱.۵ لیتری,عدد,57,41834,33118,2384538,سوپرمارکت پارسیان
1404/11/20,SKU00034,آب معدنی ۱.۵ لیتری بسته ۶ عددی,بسته,19,83668,67980,1589692,تعاونی مصرف کارکنان
1404/11/20,SKU00035,ماکارونی ۷۰۰ گرمی,عدد,31,45320,36605,1404920,کافه رستوران ونک
1404/11/20,SKU00036,رب گوجه ۸۰۰ گرمی,عدد,13,94126,76695,1223638,سوپر مارکت البرز
1404/11/20,SKU00037,تن ماهی ۱۸۰ گرمی,عدد,19,146418,117658,2781942,فروشگاه رفاه محلی
1404/11/20,SKU00038,لوبیا چیتی ۹۰۰ گرمی,عدد,6,123758,100227,742548,سوپر پروتئین سبز
1404/11/20,SKU00039,عدس ۹۰۰ گرمی,عدد,9,106328,85411,956952,سوپرمارکت پارسیان
1404/11/20,SKU00040,نخود ۹۰۰ گرمی,عدد,4,113300,91512,453200,فروشگاه سپیدار
1404/11/20,SKU00041,پنیر سفید ۴۰۰ گرمی,عدد,37,95869,76695,3547153,هایپر نیک
1404/11/20,SKU00042,شیر کم‌چرب ۱ لیتری,عدد,28,45320,36605,1268960,فروشگاه سپیدار
1404/11/20,SKU00043,ماست دبه ۲ کیلویی,عدد,13,178665,143804,2322645,سوپر پروتئین سبز
1404/11/20,SKU00044,کره حیوانی ۱۰۰ گرمی,عدد,17,102842,82796,1748314,فروشگاه سپیدار
1404/11/20,SKU00045,مایع ظرفشویی ۳.۷۵ لیتری,عدد,4,191738,152519,766952,فروشگاه زنجیره‌ای مهر
1404/11/20,SKU00046,پودر لباسشویی ۵ کیلویی,عدد,4,409623,335542,1638492,بوفه دانشگاه
1404/11/20,SKU00047,دستمال کاغذی ۳۰۰ برگ,بسته,12,74081,59265,888972,سوپرمارکت پارسیان
1404/11/20,SKU00048,شامپو ۹۰۰ میلی‌لیتری,عدد,8,233572,187381,1868576,تعاونی مصرف کارکنان
1404/11/20,SKU00049,خمیر دندان ۱۰۰ گرمی,عدد,17,80182,62751,1363094,بقالی برادران احمدی
1404/11/20,SKU00050,صابون بسته ۶ عددی,بسته,8,104585,83668,836680,فروشگاه سپیدار
1404/11/21,SKU00001,برنج ایرانی هاشمی ۱۰ کیلویی,کارتن,2,3925385,3314769,7850770,فروشگاه سپیدار
1404/11/21,SKU00027,برنج پاکستانی باسماتی ۱۰ کیلویی,کارتن,5,2311615,1831846,11558075,سوپرمارکت آفتاب
1404/11/21,SKU00028,روغن آفتابگردان ۱.۸ لیتری,عدد,28,161377,130846,4518556,فروشگاه سپیدار
1404/11/21,SKU00029,روغن سرخ‌کردنی ۴.۵ لیتری,عدد,6,396900,331477,2381400,سوپر مارکت البرز
1404/11/21,SKU00030,شکر سفید ۹۰۰ گرمی,عدد,38,36637,30531,1392206,هایپر نیک
1404/11/21,SKU00031,چای کیسه‌ای ۱۰۰ عددی,عدد,9,213715,170100,1923435,هایپر نیک
1404/11/21,SKU00032,قهوه فوری ۲۰۰ گرمی,عدد,4,453600,366369,1814400,سوپر مارکت البرز
1404/11/21,SKU00033,نوشابه خانواده ۱.۵ لیتری,عدد,47,41871,33148,1967937,هایپر نیک
1404/11/21,SKU00034,آب معدنی ۱.۵ لیتری بسته ۶ عددی,بسته,22,83742,68040,1842324,تعاونی مصرف کارکنان
1404/11/21,SKU00035,ماکارونی ۷۰۰ گرمی,عدد,17,45360,36637,771120,بوفه دانشگاه
1404/11/21,SKU00036,رب گوجه ۸۰۰ گرمی,عدد,7,94209,76763,659463,سوپرمارکت آفتاب
1404/11/21,SKU00037,تن ماهی ۱۸۰ گرمی,عدد,16,146548,117762,2344768,سوپرمارکت آفتاب
1404/11/21,SKU00038,لوبیا چیتی ۹۰۰ گرمی,عدد,6,123868,100315,743208,سوپر پروتئین سبز
1404/11/21,SKU00039,عدس ۹۰۰ گرمی,عدد,8,106422,85486,851376,سوپر پروتئین سبز
1404/11/21,SKU00040,نخود ۹۰۰ گرمی,عدد,6,113400,91592,680400,سوپرمارکت پارسیان
1404/11/21,SKU00041,پنیر سفید ۴۰۰ گرمی,عدد,23,95954,76763,2206942,فروشگاه یاس
1404/11/21,SKU00042,شیر کم‌چرب ۱ لیتری,عدد,30,45360,36637,1360800,بوفه دانشگاه
1404/11/21,SKU00043,ماست دبه ۲ کیلویی,عدد,15,178823,143931,2682345,سوپرمارکت پارسیان
1404/11/21,SKU00044,کره حیوانی ۱۰۰ گرمی,عدد,12,102932,82869,1235184,سوپرمارکت آفتاب
1404/11/21,SKU00045,مایع ظرفشویی ۳.۷۵ لیتری,عدد,11,191908,152654,2110988,فروشگاه امید
1404/11/21,SKU00046,پودر لباسشویی ۵ کیلویی,عدد,6,409985,335838,2459910,مینی‌مارکت نسیم
1404/11/21,SKU00047,دستمال کاغذی ۳۰۰ برگ,بسته,22,74146,59317,1631212,کافه رستوران ونک
1404/11/21,SKU00048,شامپو ۹۰۰ میلی‌لیتری,عدد,6,233778,187546,1402668,سوپرمارکت پارسیان
1404/11/21,SKU00049,خمیر دندان ۱۰۰ گرمی,عدد,14,80252,62806,1123528,فروشگاه یاس
1404/11/21,SKU00050,صابون بسته ۶ عددی,بسته,14,104677,83742,1465478,سوپرمارکت آفتاب
1404/11/22,SKU00001,برنج ایرانی هاشمی ۱۰ کیلویی,کارتن,4,3928846,3317692,15715384,هایپر نیک
1404/11/22,SKU00027,برنج پاکستانی باسماتی ۱۰ کیلویی,کارتن,5,2313654,1833462,11568270,فروشگاه یاس
1404/11/22,SKU00028,روغن آفتابگردان ۱.۸ لیتری,عدد,16,161519,130962,2584304,مینی‌مارکت شبانه
1404/11/22,SKU00029,روغن سرخ‌کردنی ۴.۵ لیتری,عدد,8,397250,331769,3178000,هایپر ستاره شهر
1404/11/22,SKU00030,شکر سفید ۹۰۰ گرمی,عدد,33,36669,30558,1210077,سوپرمارکت پارسیان
1404/11/22,SKU00031,چای کیسه‌ای ۱۰۰ عددی,عدد,10,213904,170250,2139040,فروشگاه زنجیره‌ای مهر
1404/11/22,SKU00032,قهوه فوری ۲۰۰ گرمی,عدد,8,454000,366692,3632000,فروشگاه گلستان
1404/11/22,SKU00033,نوشابه خانواده ۱.۵ لیتری,عدد,57,41908,33177,2388756,هایپر نیک
1404/11/22,SKU00034,آب معدنی ۱.۵ لیتری بسته ۶ عددی,بسته,21,83815,68100,1760115,بقالی برادران احمدی
1404/11/22,SKU00035,ماکارونی ۷۰۰ گرمی,عدد,38,45400,36669,1725200,تعاونی مصرف کارکنان
1404/11/22,SKU00036,رب گوجه ۸۰۰ گرمی,عدد,7,94292,76831,660044,بقالی برادران احمدی
1404/11/22,SKU00037,تن ماهی ۱۸۰ گرمی,عدد,10,146677,117865,1466770,فروشگاه گلستان
1404/11/22,SKU00038,لوبیا چیتی ۹۰۰ گرمی,عدد,14,123977,100404,1735678,فروشگاه سپیدار
1404/11/22,SKU00039,عدس ۹۰۰ گرمی,عدد,5,106515,85562,532575,فروشگاه امید
1404/11/22,SKU00040,نخود ۹۰۰ گرمی,عدد,7,113500,91673,794500,مینی‌مارکت شبانه
1404/11/22,SKU00041,پنیر سفید ۴۰۰ گرمی,عدد,20,96038,76831,1920760,مینی‌مارکت شبانه
1404/11/22,SKU00042,شیر کم‌چرب ۱ لیتری,عدد,24,45400,36669,1089600,کافه رستوران ونک
1404/11/22,SKU00043,ماست دبه ۲ کیلویی,عدد,17,178981,144058,3042677,سوپر مارکت البرز
1404/11/22,SKU00044,کره حیوانی ۱۰۰ گرمی,عدد,8,103023,82942,824184,فروشگاه رفاه محلی
1404/11/22,SKU00045,مایع ظرفشویی ۳.۷۵ لیتری,عدد,11,192077,152788,2112847,سوپر مارکت البرز
1404/11/22,SKU00046,پودر لباسشویی ۵ کیلویی,عدد,6,410346,336135,2462076,فروشگاه زنجیره‌ای مهر
1404/11/22,SKU00047,دستمال کاغذی ۳۰۰ برگ,بسته,24,74212,59369,1781088,مینی‌مارکت شبانه
1404/11/22,SKU00048,شامپو ۹۰۰ میلی‌لیتری,عدد,10,233985,187712,2339850,کافه رستوران ونک
1404/11/22,SKU00049,خمیر دندان ۱۰۰ گرمی,عدد,22,80323,62862,1767106,فروشگاه سپیدار
1404/11/22,SKU00050,صابون بسته ۶ عددی,بسته,10,104769,83815,1047690,فروشگاه گلستان
1404/11/23,SKU00001,برنج ایرانی هاشمی ۱۰ کیلویی,کارتن,6,3932308,3320615,23593848,بقالی برادران احمدی
1404/11/23,SKU00027,برنج پاکستانی باسماتی ۱۰ کیلویی,کارتن,7,2315692,1835077,16209844,هایپر نیک
1404/11/23,SKU00028,روغن آفتابگردان ۱.۸ لیتری,عدد,23,161662,131077,3718226,فروشگاه سپیدار
1404/11/23,SKU00029,روغن سرخ‌کردنی ۴.۵ لیتری,عدد,5,397600,332062,1988000,فروشگاه گلستان
1404/11/23,SKU00030,شکر سفید ۹۰۰ گرمی,عدد,36,36702,30585,1321272,سوپر پروتئین سبز
1404/11/23,SKU00031,چای کیسه‌ای ۱۰۰ عددی,عدد,15,214092,170400,3211380,سوپرمارکت پارسیان
1404/11/23,SKU00032,قهوه فوری ۲۰۰ گرمی,عدد,7,454400,367015,3180800,بوفه دانشگاه
1404/11/23,SKU00033,نوشابه خانواده ۱.۵ لیتری,عدد,94,41945,33206,3942830,مینی‌مارکت شبانه
1404/11/23,SKU00034,آب معدنی ۱.۵ لیتری بسته ۶ عددی,بسته,36,83889,68160,3020004,بقالی برادران احمدی
1404/11/23,SKU00035,ماکارونی ۷۰۰ گرمی,عدد,27,45440,36702,1226880,سوپر پروتئین سبز
1404/11/23,SKU00036,رب گوجه ۸۰۰ گرمی,عدد,22,94375,76898,2076250,فروشگاه سپیدار
1404/11/23,SKU00037,تن ماهی ۱۸۰ گرمی,عدد,23,146806,117969,3376538,سوپر مارکت البرز
1404/11/23,SKU00038,لوبیا چیتی ۹۰۰ گرمی,عدد,13,124086,100492,1613118,سوپرمارکت پارسیان
1404/11/23,SKU00039,عدس ۹۰۰ گرمی,عدد,10,106609,85637,1066090,سوپر مارکت البرز
1404/11/23,SKU00040,نخود ۹۰۰ گرمی,عدد,3,113600,91754,340800,فروشگاه گلستان
1404/11/23,SKU00041,پنیر سفید ۴۰۰ گرمی,عدد,15,96123,76898,1441845,مینی‌مارکت شبانه
1404/11/23,SKU00042,شیر کم‌چرب ۱ لیتری,عدد,48,45440,36702,2181120,فروشگاه گلستان
1404/11/23,SKU00043,ماست دبه ۲ کیلویی,عدد,29,179138,144185,5195002,فروشگاه زنجیره‌ای مهر
1404/11/23,SKU00044,کره حیوانی ۱۰۰ گرمی,عدد,18,103114,83015,1856052,فروشگاه امید
1404/11/23,SKU00045,مایع ظرفشویی ۳.۷۵ لیتری,عدد,8,192246,152923,1537968,مینی‌مارکت شبانه
1404/11/23,SKU00046,پودر لباسشویی ۵ کیلویی,عدد,10,410708,336431,4107080,فروشگاه گلستان
1404/11/23,SKU00047,دستمال کاغذی ۳۰۰ برگ,بسته,27,74277,59422,2005479,فروشگاه سپیدار
1404/11/23,SKU00048,شامپو ۹۰۰ میلی‌لیتری,عدد,11,234191,187877,2576101,سوپرمارکت آفتاب
1404/11/23,SKU00049,خمیر دندان ۱۰۰ گرمی,عدد,23,80394,62917,1849062,فروشگاه گلستان
1404/11/23,SKU00050,صابون بسته ۶ عددی,بسته,16,104862,83889,1677792,فروشگاه امید
1404/11/24,SKU00001,برنج ایرانی هاشمی ۱۰ کیلویی,کارتن,2,3935769,3323538,7871538,سوپر مارکت البرز
1404/11/24,SKU00027,برنج پاکستانی باسماتی ۱۰ کیلویی,کارتن,3,2317731,1836692,6953193,هایپر نیک
1404/11/24,SKU00028,روغن آفتابگردان ۱.۸ لیتری,عدد,21,161804,131192,3397884,سوپرمارکت آفتاب
1404/11/24,SKU00029,روغن سرخ‌کردنی ۴.۵ لیتری,عدد,3,397950,332354,1193850,مینی‌مارکت نسیم
1404/11/24,SKU00030,شکر سفید ۹۰۰ گرمی,عدد,16,36734,30612,587744,فروشگاه زنجیره‌ای مهر
1404/11/24,SKU00031,چای کیسه‌ای ۱۰۰ عددی,عدد,8,214281,170550,1714248,هایپر نیک
1404/11/24,SKU00032,قهوه فوری ۲۰۰ گرمی,عدد,2,454800,367338,909600,فروشگاه امید
1404/11/24,SKU00033,نوشابه خانواده ۱.۵ لیتری,عدد,27,41982,33235,1133514,فروشگاه امید
1404/11/24,SKU00034,آب معدنی ۱.۵ لیتری بسته ۶ عددی,بسته,12,83963,68220,1007556,سوپر مارکت البرز
1404/11/24,SKU00035,ماکارونی ۷۰۰ گرمی,عدد,16,45480,36734,727680,سوپر مارکت البرز
1404/11/24,SKU00036,رب گوجه ۸۰۰ گرمی,عدد,5,94458,76966,472290,فروشگاه یاس
1404/11/24,SKU00037,تن ماهی ۱۸۰ گرمی,عدد,11,146935,118073,1616285,فروشگاه یاس
1404/11/24,SKU00039,عدس ۹۰۰ گرمی,عدد,5,106703,85712,533515,مینی‌مارکت نسیم
1404/11/24,SKU00040,نخود ۹۰۰ گرمی,عدد,3,113700,91835,341100,بقالی برادران احمدی
1404/11/24,SKU00041,پنیر سفید ۴۰۰ گرمی,عدد,13,96208,76966,1250704,فروشگاه زنجیره‌ای مهر
1404/11/24,SKU00042,شیر کم‌چرب ۱ لیتری,عدد,6,45480,36734,272880,سوپر پروتئین سبز
1404/11/24,SKU00043,ماست دبه ۲ کیلویی,عدد,6,179296,144312,1075776,سوپرمارکت پارسیان
1404/11/24,SKU00044,کره حیوانی ۱۰۰ گرمی,عدد,7,103205,83088,722435,بوفه دانشگاه
1404/11/24,SKU00045,مایع ظرفشویی ۳.۷۵ لیتری,عدد,4,192415,153058,769660,سوپرمارکت پارسیان
1404/11/24,SKU00046,پودر لباسشویی ۵ کیلویی,عدد,4,411069,336727,1644276,بقالی برادران احمدی
1404/11/24,SKU00047,دستمال کاغذی ۳۰۰ برگ,بسته,5,74342,59474,371710,بوفه دانشگاه
1404/11/24,SKU00048,شامپو ۹۰۰ میلی‌لیتری,عدد,4,234397,188042,937588,هایپر ستاره شهر
1404/11/24,SKU00049,خمیر دندان ۱۰۰ گرمی,عدد,8,80465,62972,643720,کافه رستوران ونک
1404/11/24,SKU00050,صابون بسته ۶ عددی,بسته,8,104954,83963,839632,سوپرمارکت آفتاب
1404/11/25,SKU00001,برنج ایرانی هاشمی ۱۰ کیلویی,کارتن,3,3939231,3326462,11817693,هایپر نیک
1404/11/25,SKU00027,برنج پاکستانی باسماتی ۱۰ کیلویی,کارتن,5,2319769,1838308,11598845,هایپر ستاره شهر
1404/11/25,SKU00028,روغن آفتابگردان ۱.۸ لیتری,عدد,26,161946,131308,4210596,سوپرمارکت پارسیان
1404/11/25,SKU00029,روغن سرخ‌کردنی ۴.۵ لیتری,عدد,10,398300,332646,3983000,فروشگاه زنجیره‌ای مهر
1404/11/25,SKU00030,شکر سفید ۹۰۰ گرمی,عدد,18,36766,30638,661788,فروشگاه گلستان
1404/11/25,SKU00031,چای کیسه‌ای ۱۰۰ عددی,عدد,10,214469,170700,2144690,سوپرمارکت پارسیان
1404/11/25,SKU00032,قهوه فوری ۲۰۰ گرمی,عدد,4,455200,367662,1820800,فروشگاه یاس
1404/11/25,SKU00033,نوشابه خانواده ۱.۵ لیتری,عدد,51,42018,33265,2142918,سوپرمارکت آفتاب
1404/11/25,SKU00034,آب معدنی ۱.۵ لیتری بسته ۶ عددی,بسته,22,84037,68280,1848814,سوپرمارکت پارسیان
1404/11/25,SKU00035,ماکارونی ۷۰۰ گرمی,عدد,26,45520,36766,1183520,فروشگاه سپیدار
1404/11/25,SKU00036,رب گوجه ۸۰۰ گرمی,عدد,6,94542,77034,567252,سوپرمارکت پارسیان
1404/11/25,SKU00037,تن ماهی ۱۸۰ گرمی,عدد,16,147065,118177,2353040,فروشگاه امید
1404/11/25,SKU00038,لوبیا چیتی ۹۰۰ گرمی,عدد,9,124305,100669,1118745,فروشگاه زنجیره‌ای مهر
1404/11/25,SKU00039,عدس ۹۰۰ گرمی,عدد,11,106797,85788,1174767,فروشگاه زنجیره‌ای مهر
1404/11/25,SKU00040,نخود ۹۰۰ گرمی,عدد,5,113800,91915,569000,فروشگاه یاس
1404/11/25,SKU00041,پنیر سفید ۴۰۰ گرمی,عدد,18,96292,77034,1733256,بقالی برادران احمدی
1404/11/25,SKU00042,شیر کم‌چرب ۱ لیتری,عدد,39,45520,36766,1775280,سوپر مارکت البرز
1404/11/25,SKU00043,ماست دبه ۲ کیلویی,عدد,13,179454,144438,2332902,بوفه دانشگاه
1404/11/25,SKU00044,کره حیوانی ۱۰۰ گرمی,عدد,10,103295,83162,1032950,سوپرمارکت پارسیان
1404/11/25,SKU00045,مایع ظرفشویی ۳.۷۵ لیتری,عدد,6,192585,153192,1155510,بوفه دانشگاه
1404/11/25,SKU00046,پودر لباسشویی ۵ کیلویی,عدد,7,411431,337023,2880017,هایپر ستاره شهر
1404/11/25,SKU00047,دستمال کاغذی ۳۰۰ برگ,بسته,18,74408,59526,1339344,سوپرمارکت پارسیان
1404/11/25,SKU00048,شامپو ۹۰۰ میلی‌لیتری,عدد,10,234603,188208,2346030,فروشگاه امید
1404/11/25,SKU00049,خمیر دندان ۱۰۰ گرمی,عدد,15,80535,63028,1208025,فروشگاه سپیدار
1404/11/25,SKU00050,صابون بسته ۶ عددی,بسته,14,105046,84037,1470644,فروشگاه گلستان
1404/11/26,SKU00001,برنج ایرانی هاشمی ۱۰ کیلویی,کارتن,4,3942692,3329385,15770768,مینی‌مارکت شبانه
1404/11/26,SKU00027,برنج پاکستانی باسماتی ۱۰ کیلویی,کارتن,3,2321808,1839923,6965424,فروشگاه یاس
1404/11/26,SKU00028,روغن آفتابگردان ۱.۸ لیتری,عدد,42,162088,131423,6807696,سوپرمارکت آفتاب
1404/11/26,SKU00029,روغن سرخ‌کردنی ۴.۵ لیتری,عدد,6,398650,332938,2391900,فروشگاه زنجیره‌ای مهر
1404/11/26,SKU00030,شکر سفید ۹۰۰ گرمی,عدد,38,36798,30665,1398324,سوپر مارکت البرز
1404/11/26,SKU00031,چای کیسه‌ای ۱۰۰ عددی,عدد,5,214658,170850,1073290,فروشگاه گلستان
1404/11/26,SKU00032,قهوه فوری ۲۰۰ گرمی,عدد,7,455600,367985,3189200,سوپر مارکت البرز
1404/11/26,SKU00033,نوشابه خانواده ۱.۵ لیتری,عدد,12,42055,33294,504660,سوپر مارکت البرز
1404/11/26,SKU00034,آب معدنی ۱.۵ لیتری بسته ۶ عددی,بسته,17,84111,68340,1429887,تعاونی مصرف کارکنان
1404/11/26,SKU00035,ماکارونی ۷۰۰ گرمی,عدد,25,45560,36798,1139000,سوپرمارکت پارسیان
1404/11/26,SKU00036,رب گوجه ۸۰۰ گرمی,عدد,11,94625,77102,1040875,کافه رستوران ونک
1404/11/26,SKU00037,تن ماهی ۱۸۰ گرمی,عدد,11,147194,118281,1619134,هایپر ستاره شهر
1404/11/26,SKU00038,لوبیا چیتی ۹۰۰ گرمی,عدد,9,124414,100758,1119726,سوپر مارکت البرز
1404/11/26,SKU00039,عدس ۹۰۰ گرمی,عدد,9,106891,85863,962019,سوپر پروتئین سبز
1404/11/26,SKU00040,نخود ۹۰۰ گرمی,عدد,6,113900,91996,683400,مینی‌مارکت شبانه
1404/11/26,SKU00041,پنیر سفید ۴۰۰ گرمی,عدد,24,96377,77102,2313048,فروشگاه سپیدار
1404/11/26,SKU00042,شیر کم‌چرب ۱ لیتری,عدد,45,45560,36798,2050200,فروشگاه گلستان
1404/11/26,SKU00043,ماست دبه ۲ کیلویی,عدد,7,179612,144565,1257284,مینی‌مارکت شبانه
1404/11/26,SKU00044,کره حیوانی ۱۰۰ گرمی,عدد,10,103386,83235,1033860,سوپر پروتئین سبز
1404/11/26,SKU00045,مایع ظرفشویی ۳.۷۵ لیتری,عدد,6,192754,153327,1156524,بوفه دانشگاه
1404/11/26,SKU00046,پودر لباسشویی ۵ کیلویی,عدد,6,411792,337319,2470752,بوفه دانشگاه
1404/11/26,SKU00047,دستمال کاغذی ۳۰۰ برگ,بسته,7,74473,59578,521311,کافه رستوران ونک
1404/11/26,SKU00048,شامپو ۹۰۰ میلی‌لیتری,عدد,6,234809,188373,1408854,هایپر نیک
1404/11/26,SKU00049,خمیر دندان ۱۰۰ گرمی,عدد,15,80606,63083,1209090,سوپر پروتئین سبز
1404/11/26,SKU00050,صابون بسته ۶ عددی,بسته,12,105138,84111,1261656,سوپر مارکت البرز
1404/11/27,SKU00001,برنج ایرانی هاشمی ۱۰ کیلویی,کارتن,4,3946154,3332308,15784616,بوفه دانشگاه
1404/11/27,SKU00027,برنج پاکستانی باسماتی ۱۰ کیلویی,کارتن,4,2323846,1841538,9295384,فروشگاه سپیدار
1404/11/27,SKU00028,روغن آفتابگردان ۱.۸ لیتری,عدد,19,162231,131538,3082389,سوپرمارکت آفتاب
1404/11/27,SKU00029,روغن سرخ‌کردنی ۴.۵ لیتری,عدد,8,399000,333231,3192000,فروشگاه سپیدار
1404/11/27,SKU00030,شکر سفید ۹۰۰ گرمی,عدد,28,36831,30692,1031268,سوپر پروتئین سبز
1404/11/27,SKU00031,چای کیسه‌ای ۱۰۰ عددی,عدد,7,214846,171000,1503922,فروشگاه گلستان
1404/11/27,SKU00032,قهوه فوری ۲۰۰ گرمی,عدد,4,456000,368308,1824000,مینی‌مارکت نسیم
1404/11/27,SKU00033,نوشابه خانواده ۱.۵ لیتری,عدد,54,42092,33323,2272968,فروشگاه گلستان
1404/11/27,SKU00034,آب معدنی ۱.۵ لیتری بسته ۶ عددی,بسته,20,84185,68400,1683700,فروشگاه رفاه محلی
1404/11/27,SKU00035,ماکارونی ۷۰۰ گرمی,عدد,17,45600,36831,775200,هایپر ستاره شهر
1404/11/27,SKU00036,رب گوجه ۸۰۰ گرمی,عدد,13,94708,77169,1231204,سوپرمارکت آفتاب
1404/11/27,SKU00037,تن ماهی ۱۸۰ گرمی,عدد,13,147323,118385,1915199,سوپرمارکت پارسیان
1404/11/27,SKU00038,لوبیا چیتی ۹۰۰ گرمی,عدد,5,124523,100846,622615,سوپر مارکت البرز
1404/11/27,SKU00039,عدس ۹۰۰ گرمی,عدد,7,106985,85938,748895,بوفه دانشگاه
1404/11/27,SKU00040,نخود ۹۰۰ گرمی,عدد,5,114000,92077,570000,مینی‌مارکت نسیم
1404/11/27,SKU00041,پنیر سفید ۴۰۰ گرمی,عدد,20,96462,77169,1929240,فروشگاه گلستان
1404/11/27,SKU00042,شیر کم‌چرب ۱ لیتری,عدد,38,45600,36831,1732800,بقالی برادران احمدی
1404/11/27,SKU00043,ماست دبه ۲ کیلویی,عدد,17,179769,144692,3056073,فروشگاه زنجیره‌ای مهر
1404/11/27,SKU00044,کره حیوانی ۱۰۰ گرمی,عدد,9,103477,83308,931293,فروشگاه گلستان
1404/11/27,SKU00045,مایع ظرفشویی ۳.۷۵ لیتری,عدد,8,192923,153462,1543384,تعاونی مصرف کارکنان
1404/11/27,SKU00046,پودر لباسشویی ۵ کیلویی,عدد,5,412154,337615,2060770,سوپرمارکت آفتاب
1404/11/27,SKU00047,دستمال کاغذی ۳۰۰ برگ,بسته,18,74538,59631,1341684,سوپرمارکت آفتاب
1404/11/27,SKU00048,شامپو ۹۰۰ میلی‌لیتری,عدد,5,235015,188538,1175075,فروشگاه زنجیره‌ای مهر
1404/11/27,SKU00049,خمیر دندان ۱۰۰ گرمی,عدد,15,80677,63138,1210155,هایپر ستاره شهر
1404/11/27,SKU00050,صابون بسته ۶ عددی,بسته,9,105231,84185,947079,سوپرمارکت آفتاب
1404/11/28,SKU00001,برنج ایرانی هاشمی ۱۰ کیلویی,کارتن,3,3949615,3335231,11848845,فروشگاه یاس
1404/11/28,SKU00027,برنج پاکستانی باسماتی ۱۰ کیلویی,کارتن,5,2325885,1843154,11629425,سوپر مارکت البرز
1404/11/28,SKU00028,روغن آفتابگردان ۱.۸ لیتری,عدد,37,162373,131654,6007801,سوپر پروتئین سبز
1404/11/28,SKU00029,روغن سرخ‌کردنی ۴.۵ لیتری,عدد,3,399350,333523,1198050,سوپر مارکت البرز
1404/11/28,SKU00030,شکر سفید ۹۰۰ گرمی,عدد,15,36863,30719,552945,مینی‌مارکت نسیم
1404/11/28,SKU00031,چای کیسه‌ای ۱۰۰ عددی,عدد,16,215035,171150,3440560,مینی‌مارکت شبانه
1404/11/28,SKU00032,قهوه فوری ۲۰۰ گرمی,عدد,4,456400,368631,1825600,هایپر نیک
1404/11/28,SKU00033,نوشابه خانواده ۱.۵ لیتری,عدد,46,42129,33352,1937934,مینی‌مارکت نسیم
1404/11/28,SKU00034,آب معدنی ۱.۵ لیتری بسته ۶ عددی,بسته,11,84258,68460,926838,تعاونی مصرف کارکنان
1404/11/28,SKU00035,ماکارونی ۷۰۰ گرمی,عدد,23,45640,36863,1049720,فروشگاه یاس
1404/11/28,SKU00036,رب گوجه ۸۰۰ گرمی,عدد,10,94791,77237,947910,بوفه دانشگاه
1404/11/28,SKU00037,تن ماهی ۱۸۰ گرمی,عدد,20,147452,118488,2949040,بوفه دانشگاه
1404/11/28,SKU00038,لوبیا چیتی ۹۰۰ گرمی,عدد,14,124632,100935,1744848,بوفه دانشگاه
1404/11/28,SKU00039,عدس ۹۰۰ گرمی,عدد,11,107078,86014,1177858,فروشگاه یاس
1404/11/28,SKU00040,نخود ۹۰۰ گرمی,عدد,6,114100,92158,684600,سوپرمارکت پارسیان
1404/11/28,SKU00041,پنیر سفید ۴۰۰ گرمی,عدد,28,96546,77237,2703288,فروشگاه امید
1404/11/28,SKU00042,شیر کم‌چرب ۱ لیتری,عدد,26,45640,36863,1186640,فروشگاه امید
1404/11/28,SKU00043,ماست دبه ۲ کیلویی,عدد,15,179927,144819,2698905,فروشگاه یاس
1404/11/28,SKU00044,کره حیوانی ۱۰۰ گرمی,عدد,13,103568,83381,1346384,سوپر مارکت البرز
1404/11/28,SKU00045,مایع ظرفشویی ۳.۷۵ لیتری,عدد,7,193092,153596,1351644,فروشگاه امید
1404/11/28,SKU00046,پودر لباسشویی ۵ کیلویی,عدد,5,412515,337912,2062575,سوپرمارکت پارسیان
1404/11/28,SKU00047,دستمال کاغذی ۳۰۰ برگ,بسته,15,74604,59683,1119060,فروشگاه سپیدار
1404/11/28,SKU00048,شامپو ۹۰۰ میلی‌لیتری,عدد,5,235222,188704,1176110,سوپر پروتئین سبز
1404/11/28,SKU00049,خمیر دندان ۱۰۰ گرمی,عدد,7,80748,63194,565236,سوپرمارکت پارسیان
1404/11/28,SKU00050,صابون بسته ۶ عددی,بسته,7,105323,84258,737261,مینی‌مارکت شبانه
1404/11/29,SKU00001,برنج ایرانی هاشمی ۱۰ کیلویی,کارتن,1,3953077,3338154,3953077,سوپرمارکت پارسیان
1404/11/29,SKU00027,برنج پاکستانی باسماتی ۱۰ کیلویی,کارتن,5,2327923,1844769,11639615,بوفه دانشگاه
1404/11/29,SKU00028,روغن آفتابگردان ۱.۸ لیتری,عدد,21,162515,131769,3412815,فروشگاه سپیدار
1404/11/29,SKU00029,روغن سرخ‌کردنی ۴.۵ لیتری,عدد,9,399700,333815,3597300,فروشگاه زنجیره‌ای مهر
1404/11/29,SKU00030,شکر سفید ۹۰۰ گرمی,عدد,36,36895,30746,1328220,کافه رستوران ونک
1404/11/29,SKU00031,چای کیسه‌ای ۱۰۰ عددی,عدد,6,215223,171300,1291338,هایپر نیک
1404/11/29,SKU00032,قهوه فوری ۲۰۰ گرمی,عدد,5,456800,368954,2284000,فروشگاه سپیدار
1404/11/29,SKU00033,نوشابه خانواده ۱.۵ لیتری,عدد,22,42166,33382,927652,سوپر پروتئین سبز
1404/11/29,SKU00034,آب معدنی ۱.۵ لیتری بسته ۶ عددی,بسته,26,84332,68520,2192632,فروشگاه رفاه محلی
1404/11/29,SKU00035,ماکارونی ۷۰۰ گرمی,عدد,30,45680,36895,1370400,بقالی برادران احمدی
1404/11/29,SKU00036,رب گوجه ۸۰۰ گرمی,عدد,12,94874,77305,1138488,سوپرمارکت آفتاب
1404/11/29,SKU00037,تن ماهی ۱۸۰ گرمی,عدد,19,147582,118592,2804058,فروشگاه رفاه محلی
1404/11/29,SKU00038,لوبیا چیتی ۹۰۰ گرمی,عدد,12,124742,101023,1496904,مینی‌مارکت شبانه
1404/11/29,SKU00039,عدس ۹۰۰ گرمی,عدد,14,107172,86089,1500408,سوپرمارکت آفتاب
1404/11/29,SKU00040,نخود ۹۰۰ گرمی,عدد,7,114200,92238,799400,بوفه دانشگاه
1404/11/29,SKU00041,پنیر سفید ۴۰۰ گرمی,عدد,38,96631,77305,3671978,مینی‌مارکت نسیم
1404/11/29,SKU00042,شیر کم‌چرب ۱ لیتری,عدد,31,45680,36895,1416080,سوپرمارکت آفتاب
1404/11/29,SKU00043,ماست دبه ۲ کیلویی,عدد,18,180085,144946,3241530,مینی‌مارکت شبانه
1404/11/29,SKU00044,کره حیوانی ۱۰۰ گرمی,عدد,16,103658,83454,1658528,سوپر پروتئین سبز
1404/11/29,SKU00045,مایع ظرفشویی ۳.۷۵ لیتری,عدد,15,193262,153731,2898930,فروشگاه امید
1404/11/29,SKU00046,پودر لباسشویی ۵ کیلویی,عدد,6,412877,338208,2477262,هایپر ستاره شهر
1404/11/29,SKU00047,دستمال کاغذی ۳۰۰ برگ,بسته,24,74669,59735,1792056,بوفه دانشگاه
1404/11/29,SKU00048,شامپو ۹۰۰ میلی‌لیتری,عدد,9,235428,188869,2118852,فروشگاه امید
1404/11/29,SKU00049,خمیر دندان ۱۰۰ گرمی,عدد,18,80818,63249,1454724,تعاونی مصرف کارکنان
1404/11/29,SKU00050,صابون بسته ۶ عددی,بسته,6,105415,84332,632490,مینی‌مارکت شبانه
1404/11/30,SKU00001,برنج ایرانی هاشمی ۱۰ کیلویی,کارتن,4,3956538,3341077,15826152,سوپرمارکت پارسیان
1404/11/30,SKU00027,برنج پاکستانی باسماتی ۱۰ کیلویی,کارتن,9,2329962,1846385,20969658,فروشگاه امید
1404/11/30,SKU00028,روغن آفتابگردان ۱.۸ لیتری,عدد,34,162658,131885,5530372,هایپر نیک
1404/11/30,SKU00029,روغن سرخ‌کردنی ۴.۵ لیتری,عدد,10,400050,334108,4000500,هایپر نیک
1404/11/30,SKU00030,شکر سفید ۹۰۰ گرمی,عدد,49,36928,30773,1809472,کافه رستوران ونک
1404/11/30,SKU00031,چای کیسه‌ای ۱۰۰ عددی,عدد,16,215412,171450,3446592,هایپر ستاره شهر
1404/11/30,SKU00032,قهوه فوری ۲۰۰ گرمی,عدد,9,457200,369277,4114800,فروشگاه امید
1404/11/30,SKU00033,نوشابه خانواده ۱.۵ لیتری,عدد,30,42203,33411,1266090,فروشگاه سپیدار
1404/11/30,SKU00034,آب معدنی ۱.۵ لیتری بسته ۶ عددی,بسته,38,84406,68580,3207428,سوپر پروتئین سبز
1404/11/30,SKU00035,ماکارونی ۷۰۰ گرمی,عدد,47,45720,36928,2148840,مینی‌مارکت شبانه
1404/11/30,SKU00036,رب گوجه ۸۰۰ گرمی,عدد,23,94957,77372,2184011,هایپر ستاره شهر
1404/11/30,SKU00037,تن ماهی ۱۸۰ گرمی,عدد,29,147711,118696,4283619,مینی‌مارکت شبانه
1404/11/30,SKU00038,لوبیا چیتی ۹۰۰ گرمی,عدد,8,124851,101112,998808,فروشگاه زنجیره‌ای مهر
1404/11/30,SKU00039,عدس ۹۰۰ گرمی,عدد,11,107266,86165,1179926,فروشگاه سپیدار
1404/11/30,SKU00040,نخود ۹۰۰ گرمی,عدد,8,114300,92319,914400,فروشگاه امید
1404/11/30,SKU00041,پنیر سفید ۴۰۰ گرمی,عدد,32,96715,77372,3094880,سوپرمارکت پارسیان
1404/11/30,SKU00042,شیر کم‌چرب ۱ لیتری,عدد,21,45720,36928,960120,فروشگاه زنجیره‌ای مهر
1404/11/30,SKU00043,ماست دبه ۲ کیلویی,عدد,27,180242,145073,4866534,فروشگاه زنجیره‌ای مهر
1404/11/30,SKU00044,کره حیوانی ۱۰۰ گرمی,عدد,18,103749,83527,1867482,کافه رستوران ونک
1404/11/30,SKU00045,مایع ظرفشویی ۳.۷۵ لیتری,عدد,14,193431,153865,2708034,مینی‌مارکت نسیم
1404/11/30,SKU00046,پودر لباسشویی ۵ کیلویی,عدد,9,413238,338504,3719142,فروشگاه یاس
1404/11/30,SKU00047,دستمال کاغذی ۳۰۰ برگ,بسته,27,74735,59788,2017845,هایپر ستاره شهر
1404/11/30,SKU00048,شامپو ۹۰۰ میلی‌لیتری,عدد,4,235634,189035,942536,هایپر ستاره شهر
1404/11/30,SKU00049,خمیر دندان ۱۰۰ گرمی,عدد,20,80889,63305,1617780,فروشگاه گلستان
1404/11/30,SKU00050,صابون بسته ۶ عددی,بسته,12,105508,84406,1266096,فروشگاه زنجیره‌ای مهر
1404/12/01,SKU00001,برنج ایرانی هاشمی ۱۰ کیلویی,کارتن,2,3960000,3344000,7920000,فروشگاه یاس
1404/12/01,SKU00027,برنج پاکستانی باسماتی ۱۰ کیلویی,کارتن,2,2332000,1848000,4664000,فروشگاه امید
1404/12/01,SKU00028,روغن آفتابگردان ۱.۸ لیتری,عدد,17,162800,132000,2767600,فروشگاه زنجیره‌ای مهر
1404/12/01,SKU00029,روغن سرخ‌کردنی ۴.۵ لیتری,عدد,2,400400,334400,800800,سوپرمارکت پارسیان
1404/12/01,SKU00030,شکر سفید ۹۰۰ گرمی,عدد,18,36960,30800,665280,فروشگاه رفاه محلی
1404/12/01,SKU00031,چای کیسه‌ای ۱۰۰ عددی,عدد,7,215600,171600,1509200,فروشگاه امید
1404/12/01,SKU00032,قهوه فوری ۲۰۰ گرمی,عدد,3,457600,369600,1372800,فروشگاه رفاه محلی
1404/12/01,SKU00033,نوشابه خانواده ۱.۵ لیتری,عدد,31,42240,33440,1309440,فروشگاه زنجیره‌ای مهر
1404/12/01,SKU00034,آب معدنی ۱.۵ لیتری بسته ۶ عددی,بسته,10,84480,68640,844800,هایپر ستاره شهر
1404/12/01,SKU00035,ماکارونی ۷۰۰ گرمی,عدد,13,45760,36960,594880,فروشگاه رفاه محلی
1404/12/01,SKU00036,رب گوجه ۸۰۰ گرمی,عدد,9,95040,77440,855360,بوفه دانشگاه
1404/12/01,SKU00037,تن ماهی ۱۸۰ گرمی,عدد,3,147840,118800,443520,فروشگاه گلستان
1404/12/01,SKU00038,لوبیا چیتی ۹۰۰ گرمی,عدد,5,124960,101200,624800,سوپر مارکت البرز
1404/12/01,SKU00039,عدس ۹۰۰ گرمی,عدد,3,107360,86240,322080,سوپرمارکت پارسیان
1404/12/01,SKU00040,نخود ۹۰۰ گرمی,عدد,3,114400,92400,343200,سوپرمارکت آفتاب
1404/12/01,SKU00041,پنیر سفید ۴۰۰ گرمی,عدد,13,96800,77440,1258400,سوپرمارکت پارسیان
1404/12/01,SKU00042,شیر کم‌چرب ۱ لیتری,عدد,14,45760,36960,640640,فروشگاه گلستان
1404/12/01,SKU00043,ماست دبه ۲ کیلویی,عدد,8,180400,145200,1443200,تعاونی مصرف کارکنان
1404/12/01,SKU00044,کره حیوانی ۱۰۰ گرمی,عدد,8,103840,83600,830720,بقالی برادران احمدی
1404/12/01,SKU00045,مایع ظرفشویی ۳.۷۵ لیتری,عدد,2,193600,154000,387200,فروشگاه گلستان
1404/12/01,SKU00046,پودر لباسشویی ۵ کیلویی,عدد,4,413600,338800,1654400,مینی‌مارکت نسیم
1404/12/01,SKU00047,دستمال کاغذی ۳۰۰ برگ,بسته,11,74800,59840,822800,سوپر مارکت البرز
1404/12/01,SKU00048,شامپو ۹۰۰ میلی‌لیتری,عدد,5,235840,189200,1179200,سوپرمارکت پارسیان
1404/12/01,SKU00049,خمیر دندان ۱۰۰ گرمی,عدد,8,80960,63360,647680,سوپرمارکت پارسیان
1404/12/01,SKU00050,صابون بسته ۶ عددی,بسته,5,105600,84480,528000,بقالی برادران احمدی
1404/12/02,SKU00001,برنج ایرانی هاشمی ۱۰ کیلویی,کارتن,3,3963462,3346923,11890386,سوپر مارکت البرز
1404/12/02,SKU00027,برنج پاکستانی باسماتی ۱۰ کیلویی,کارتن,5,2334038,1849615,11670190,هایپر نیک
1404/12/02,SKU00028,روغن آفتابگردان ۱.۸ لیتری,عدد,12,162942,132115,1955304,مینی‌مارکت شبانه
1404/12/02,SKU00029,روغن سرخ‌کردنی ۴.۵ لیتری,عدد,6,400750,334692,2404500,بقالی برادران احمدی
1404/12/02,SKU00030,شکر سفید ۹۰۰ گرمی,عدد,38,36992,30827,1405696,کافه رستوران ونک
1404/12/02,SKU00031,چای کیسه‌ای ۱۰۰ عددی,عدد,15,215788,171750,3236820,بقالی برادران احمدی
1404/12/02,SKU00032,قهوه فوری ۲۰۰ گرمی,عدد,2,458000,369923,916000,فروشگاه زنجیره‌ای مهر
1404/12/02,SKU00033,نوشابه خانواده ۱.۵ لیتری,عدد,66,42277,33469,2790282,تعاونی مصرف کارکنان
1404/12/02,SKU00034,آب معدنی ۱.۵ لیتری بسته ۶ عددی,بسته,17,84554,68700,1437418,بوفه دانشگاه
1404/12/02,SKU00035,ماکارونی ۷۰۰ گرمی,عدد,30,45800,36992,1374000,تعاونی مصرف کارکنان
1404/12/02,SKU00036,رب گوجه ۸۰۰ گرمی,عدد,18,95123,77508,1712214,تعاونی مصرف کارکنان
1404/12/02,SKU00037,تن ماهی ۱۸۰ گرمی,عدد,12,147969,118904,1775628,هایپر نیک
1404/12/02,SKU00038,لوبیا چیتی ۹۰۰ گرمی,عدد,12,125069,101288,1500828,فروشگاه زنجیره‌ای مهر
1404/12/02,SKU00039,عدس ۹۰۰ گرمی,عدد,10,107454,86315,1074540,مینی‌مارکت نسیم
1404/12/02,SKU00040,نخود ۹۰۰ گرمی,عدد,4,114500,92481,458000,سوپرمارکت پارسیان
1404/12/02,SKU00041,پنیر سفید ۴۰۰ گرمی,عدد,26,96885,77508,2519010,سوپر پروتئین سبز
1404/12/02,SKU00042,شیر کم‌چرب ۱ لیتری,عدد,35,45800,36992,1603000,هایپر ستاره شهر
1404/12/02,SKU00043,ماست دبه ۲ کیلویی,عدد,12,180558,145327,2166696,هایپر نیک
1404/12/02,SKU00044,کره حیوانی ۱۰۰ گرمی,عدد,11,103931,83673,1143241,فروشگاه زنجیره‌ای مهر
1404/12/02,SKU00045,مایع ظرفشویی ۳.۷۵ لیتری,عدد,15,193769,154135,2906535,سوپر مارکت البرز
1404/12/02,SKU00046,پودر لباسشویی ۵ کیلویی,عدد,7,413962,339096,2897734,هایپر نیک
1404/12/02,SKU00047,دستمال کاغذی ۳۰۰ برگ,بسته,32,74865,59892,2395680,فروشگاه زنجیره‌ای مهر
1404/12/02,SKU00048,شامپو ۹۰۰ میلی‌لیتری,عدد,7,236046,189365,1652322,سوپر مارکت البرز
1404/12/02,SKU00049,خمیر دندان ۱۰۰ گرمی,عدد,15,81031,63415,1215465,هایپر نیک
1404/12/02,SKU00050,صابون بسته ۶ عددی,بسته,10,105692,84554,1056920,فروشگاه گلستان
1404/12/03,SKU00001,برنج ایرانی هاشمی ۱۰ کیلویی,کارتن,1,3966923,3349846,3966923,فروشگاه زنجیره‌ای مهر
1404/12/03,SKU00027,برنج پاکستانی باسماتی ۱۰ کیلویی,کارتن,4,2336077,1851231,9344308,هایپر نیک
1404/12/03,SKU00028,روغن آفتابگردان ۱.۸ لیتری,عدد,11,163085,132231,1793935,بقالی برادران احمدی
1404/12/03,SKU00029,روغن سرخ‌کردنی ۴.۵ لیتری,عدد,8,401100,334985,3208800,مینی‌مارکت نسیم
1404/12/03,SKU00030,شکر سفید ۹۰۰ گرمی,عدد,22,37025,30854,814550,مینی‌مارکت نسیم
1404/12/03,SKU00031,چای کیسه‌ای ۱۰۰ عددی,عدد,9,215977,171900,1943793,مینی‌مارکت شبانه
1404/12/03,SKU00032,قهوه فوری ۲۰۰ گرمی,عدد,5,458400,370246,2292000,سوپرمارکت پارسیان
1404/12/03,SKU00033,نوشابه خانواده ۱.۵ لیتری,عدد,43,42314,33498,1819502,فروشگاه گلستان
1404/12/03,SKU00034,آب معدنی ۱.۵ لیتری بسته ۶ عددی,بسته,12,84628,68760,1015536,فروشگاه زنجیره‌ای مهر
1404/12/03,SKU00035,ماکارونی ۷۰۰ گرمی,عدد,30,45840,37025,1375200,فروشگاه رفاه محلی
1404/12/03,SKU00036,رب گوجه ۸۰۰ گرمی,عدد,14,95206,77575,1332884,فروشگاه رفاه محلی
1404/12/03,SKU00037,تن ماهی ۱۸۰ گرمی,عدد,17,148098,119008,2517666,فروشگاه یاس
1404/12/03,SKU00038,لوبیا چیتی ۹۰۰ گرمی,عدد,7,125178,101377,876246,مینی‌مارکت شبانه
1404/12/03,SKU00039,عدس ۹۰۰ گرمی,عدد,8,107548,86391,860384,فروشگاه امید
1404/12/03,SKU00040,نخود ۹۰۰ گرمی,عدد,4,114600,92562,458400,سوپرمارکت پارسیان
1404/12/03,SKU00041,پنیر سفید ۴۰۰ گرمی,عدد,25,96969,77575,2424225,سوپر پروتئین سبز
1404/12/03,SKU00042,شیر کم‌چرب ۱ لیتری,عدد,19,45840,37025,870960,سوپرمارکت آفتاب
1404/12/03,SKU00043,ماست دبه ۲ کیلویی,عدد,14,180715,145454,2530010,سوپرمارکت آفتاب
1404/12/03,SKU00044,کره حیوانی ۱۰۰ گرمی,عدد,13,104022,83746,1352286,سوپر مارکت البرز
1404/12/03,SKU00045,مایع ظرفشویی ۳.۷۵ لیتری,عدد,11,193938,154269,2133318,هایپر نیک
1404/12/03,SKU00046,پودر لباسشویی ۵ کیلویی,عدد,6,414323,339392,2485938,سوپر پروتئین سبز
1404/12/03,SKU00047,دستمال کاغذی ۳۰۰ برگ,بسته,10,74931,59945,749310,تعاونی مصرف کارکنان
1404/12/03,SKU00048,شامپو ۹۰۰ میلی‌لیتری,عدد,4,236252,189531,945008,سوپر پروتئین سبز
1404/12/03,SKU00049,خمیر دندان ۱۰۰ گرمی,عدد,11,81102,63471,892122,فروشگاه زنجیره‌ای مهر
1404/12/03,SKU00050,صابون بسته ۶ عددی,بسته,10,105785,84628,1057850,هایپر ستاره شهر
1404/12/04,SKU00001,برنج ایرانی هاشمی ۱۰ کیلویی,کارتن,1,3970385,3352769,3970385,فروشگاه امید
1404/12/04,SKU00027,برنج پاکستانی باسماتی ۱۰ کیلویی,کارتن,4,2338115,1852846,9352460,سوپر مارکت البرز
1404/12/04,SKU00028,روغن آفتابگردان ۱.۸ لیتری,عدد,16,163227,132346,2611632,تعاونی مصرف کارکنان
1404/12/04,SKU00029,روغن سرخ‌کردنی ۴.۵ لیتری,عدد,6,401450,335277,2408700,مینی‌مارکت شبانه
1404/12/04,SKU00030,شکر سفید ۹۰۰ گرمی,عدد,29,37057,30881,1074653,سوپرمارکت آفتاب
1404/12/04,SKU00031,چای کیسه‌ای ۱۰۰ عددی,عدد,7,216165,172050,1513155,فروشگاه یاس
1404/12/04,SKU00032,قهوه فوری ۲۰۰ گرمی,عدد,6,458800,370569,2752800,فروشگاه زنجیره‌ای مهر
1404/12/04,SKU00033,نوشابه خانواده ۱.۵ لیتری,عدد,39,42351,33528,1651689,سوپرمارکت آفتاب
1404/12/04,SKU00034,آب معدنی ۱.۵ لیتری بسته ۶ عددی,بسته,23,84702,68820,1948146,فروشگاه زنجیره‌ای مهر
1404/12/04,SKU00035,ماکارونی ۷۰۰ گرمی,عدد,25,45880,37057,1147000,فروشگاه یاس
1404/12/04,SKU00036,رب گوجه ۸۰۰ گرمی,عدد,9,95289,77643,857601,سوپرمارکت پارسیان
1404/12/04,SKU00037,تن ماهی ۱۸۰ گرمی,عدد,7,148228,119112,1037596,فروشگاه سپیدار
1404/12/04,SKU00038,لوبیا چیتی ۹۰۰ گرمی,عدد,7,125288,101465,877016,فروشگاه امید
1404/12/04,SKU00039,عدس ۹۰۰ گرمی,عدد,9,107642,86466,968778,بوفه دانشگاه
1404/12/04,SKU00040,نخود ۹۰۰ گرمی,عدد,4,114700,92642,458800,مینی‌مارکت نسیم
1404/12/04,SKU00041,پنیر سفید ۴۰۰ گرمی,عدد,21,97054,77643,2038134,فروشگاه گلستان
1404/12/04,SKU00042,شیر کم‌چرب ۱ لیتری,عدد,31,45880,37057,1422280,بقالی برادران احمدی
1404/12/04,SKU00043,ماست دبه ۲ کیلویی,عدد,21,180873,145581,3798333,فروشگاه سپیدار
1404/12/04,SKU00044,کره حیوانی ۱۰۰ گرمی,عدد,10,104112,83819,1041120,فروشگاه امید
1404/12/04,SKU00045,مایع ظرفشویی ۳.۷۵ لیتری,عدد,17,194108,154404,3299836,فروشگاه سپیدار
1404/12/04,SKU00046,پودر لباسشویی ۵ کیلویی,عدد,4,414685,339688,1658740,فروشگاه یاس
1404/12/04,SKU00047,دستمال کاغذی ۳۰۰ برگ,بسته,23,74996,59997,1724908,هایپر ستاره شهر
1404/12/04,SKU00048,شامپو ۹۰۰ میلی‌لیتری,عدد,3,236458,189696,709374,سوپرمارکت آفتاب
1404/12/04,SKU00049,خمیر دندان ۱۰۰ گرمی,عدد,17,81172,63526,1379924,فروشگاه سپیدار
1404/12/04,SKU00050,صابون بسته ۶ عددی,بسته,6,105877,84702,635262,بقالی برادران احمدی
1404/12/05,SKU00001,برنج ایرانی هاشمی ۱۰ کیلویی,کارتن,2,3973846,3355692,7947692,فروشگاه گلستان
1404/12/05,SKU00027,برنج پاکستانی باسماتی ۱۰ کیلویی,کارتن,2,2340154,1854462,4680308,سوپر مارکت البرز
1404/12/05,SKU00028,روغن آفتابگردان ۱.۸ لیتری,عدد,35,163369,132462,5717915,سوپرمارکت آفتاب
1404/12/05,SKU00029,روغن سرخ‌کردنی ۴.۵ لیتری,عدد,7,401800,335569,2812600,هایپر ستاره شهر
1404/12/05,SKU00030,شکر سفید ۹۰۰ گرمی,عدد,29,37089,30908,1075581,فروشگاه زنجیره‌ای مهر
1404/12/05,SKU00031,چای کیسه‌ای ۱۰۰ عددی,عدد,11,216354,172200,2379894,فروشگاه گلستان
1404/12/05,SKU00032,قهوه فوری ۲۰۰ گرمی,عدد,4,459200,370892,1836800,فروشگاه زنجیره‌ای مهر
1404/12/05,SKU00033,نوشابه خانواده ۱.۵ لیتری,عدد,41,42388,33557,1737908,فروشگاه سپیدار
1404/12/05,SKU00034,آب معدنی ۱.۵ لیتری بسته ۶ عددی,بسته,24,84775,68880,2034600,مینی‌مارکت شبانه
1404/12/05,SKU00035,ماکارونی ۷۰۰ گرمی,عدد,25,45920,37089,1148000,فروشگاه زنجیره‌ای مهر
1404/12/05,SKU00036,رب گوجه ۸۰۰ گرمی,عدد,12,95372,77711,1144464,هایپر ستاره شهر
1404/12/05,SKU00037,تن ماهی ۱۸۰ گرمی,عدد,17,148357,119215,2522069,بوفه دانشگاه
1404/12/05,SKU00038,لوبیا چیتی ۹۰۰ گرمی,عدد,13,125397,101554,1630161,سوپر پروتئین سبز
1404/12/05,SKU00039,عدس ۹۰۰ گرمی,عدد,10,107735,86542,1077350,سوپرمارکت آفتاب
1404/12/05,SKU00040,نخود ۹۰۰ گرمی,عدد,5,114800,92723,574000,فروشگاه سپیدار
1404/12/05,SKU00041,پنیر سفید ۴۰۰ گرمی,عدد,19,97138,77711,1845622,مینی‌مارکت نسیم
1404/12/05,SKU00042,شیر کم‌چرب ۱ لیتری,عدد,32,45920,37089,1469440,فروشگاه رفاه محلی
1404/12/05,SKU00043,ماست دبه ۲ کیلویی,عدد,8,181031,145708,1448248,مینی‌مارکت شبانه
1404/12/05,SKU00044,کره حیوانی ۱۰۰ گرمی,عدد,12,104203,83892,1250436,فروشگاه زنجیره‌ای مهر
1404/12/05,SKU00045,مایع ظرفشویی ۳.۷۵ لیتری,عدد,9,194277,154538,1748493,هایپر ستاره شهر
1404/12/05,SKU00046,پودر لباسشویی ۵ کیلویی,عدد,5,415046,339985,2075230,تعاونی مصرف کارکنان
1404/12/05,SKU00047,دستمال کاغذی ۳۰۰ برگ,بسته,31,75062,60049,2326922,سوپرمارکت پارسیان
1404/12/05,SKU00048,شامپو ۹۰۰ میلی‌لیتری,عدد,4,236665,189862,946660,کافه رستوران ونک
1404/12/05,SKU00049,خمیر دندان ۱۰۰ گرمی,عدد,15,81243,63582,1218645,فروشگاه زنجیره‌ای مهر
1404/12/05,SKU00050,صابون بسته ۶ عددی,بسته,7,105969,84775,741783,فروشگاه سپیدار
1404/12/06,SKU00001,برنج ایرانی هاشمی ۱۰ کیلویی,کارتن,4,3977308,3358615,15909232,فروشگاه رفاه محلی
1404/12/06,SKU00027,برنج پاکستانی باسماتی ۱۰ کیلویی,کارتن,6,2342192,1856077,14053152,کافه رستوران ونک
1404/12/06,SKU00028,روغن آفتابگردان ۱.۸ لیتری,عدد,22,163512,132577,3597264,بقالی برادران احمدی
1404/12/06,SKU00029,روغن سرخ‌کردنی ۴.۵ لیتری,عدد,8,402150,335862,3217200,سوپرمارکت آفتاب
1404/12/06,SKU00030,شکر سفید ۹۰۰ گرمی,عدد,33,37122,30935,1225026,فروشگاه یاس
1404/12/06,SKU00031,چای کیسه‌ای ۱۰۰ عددی,عدد,9,216542,172350,1948878,مینی‌مارکت نسیم
1404/12/06,SKU00032,قهوه فوری ۲۰۰ گرمی,عدد,6,459600,371215,2757600,فروشگاه زنجیره‌ای مهر
1404/12/06,SKU00033,نوشابه خانواده ۱.۵ لیتری,عدد,31,42425,33586,1315175,بوفه دانشگاه
1404/12/06,SKU00034,آب معدنی ۱.۵ لیتری بسته ۶ عددی,بسته,24,84849,68940,2036376,مینی‌مارکت نسیم
1404/12/06,SKU00035,ماکارونی ۷۰۰ گرمی,عدد,19,45960,37122,873240,بوفه دانشگاه
1404/12/06,SKU00036,رب گوجه ۸۰۰ گرمی,عدد,10,95455,77778,954550,بوفه دانشگاه
1404/12/06,SKU00037,تن ماهی ۱۸۰ گرمی,عدد,3,148486,119319,445458,تعاونی مصرف کارکنان
1404/12/06,SKU00038,لوبیا چیتی ۹۰۰ گرمی,عدد,9,125506,101642,1129554,هایپر نیک
1404/12/06,SKU00039,عدس ۹۰۰ گرمی,عدد,10,107829,86617,1078290,مینی‌مارکت شبانه
1404/12/06,SKU00040,نخود ۹۰۰ گرمی,عدد,6,114900,92804,689400,مینی‌مارکت شبانه
1404/12/06,SKU00041,پنیر سفید ۴۰۰ گرمی,عدد,13,97223,77778,1263899,سوپر مارکت البرز
1404/12/06,SKU00042,شیر کم‌چرب ۱ لیتری,عدد,34,45960,37122,1562640,بوفه دانشگاه
1404/12/06,SKU00043,ماست دبه ۲ کیلویی,عدد,4,181188,145835,724752,کافه رستوران ونک
1404/12/06,SKU00044,کره حیوانی ۱۰۰ گرمی,عدد,17,104294,83965,1772998,هایپر نیک
1404/12/06,SKU00045,مایع ظرفشویی ۳.۷۵ لیتری,عدد,13,194446,154673,2527798,هایپر ستاره شهر
1404/12/06,SKU00046,پودر لباسشویی ۵ کیلویی,عدد,7,415408,340281,2907856,فروشگاه یاس
1404/12/06,SKU00047,دستمال کاغذی ۳۰۰ برگ,بسته,18,75127,60102,1352286,سوپرمارکت پارسیان
1404/12/06,SKU00048,شامپو ۹۰۰ میلی‌لیتری,عدد,6,236871,190027,1421226,بوفه دانشگاه
1404/12/06,SKU00049,خمیر دندان ۱۰۰ گرمی,عدد,13,81314,63637,1057082,فروشگاه رفاه محلی
1404/12/06,SKU00050,صابون بسته ۶ عددی,بسته,9,106062,84849,954558,فروشگاه گلستان
1404/12/07,SKU00001,برنج ایرانی هاشمی ۱۰ کیلویی,کارتن,4,3980769,3361538,15923076,بوفه دانشگاه
1404/12/07,SKU00027,برنج پاکستانی باسماتی ۱۰ کیلویی,کارتن,7,2344231,1857692,16409617,فروشگاه سپیدار
1404/12/07,SKU00028,روغن آفتابگردان ۱.۸ لیتری,عدد,30,163654,132692,4909620,هایپر نیک
1404/12/07,SKU00029,روغن سرخ‌کردنی ۴.۵ لیتری,عدد,11,402500,336154,4427500,هایپر نیک
1404/12/07,SKU00030,شکر سفید ۹۰۰ گرمی,عدد,35,37154,30962,1300390,سوپر مارکت البرز
1404/12/07,SKU00031,چای کیسه‌ای ۱۰۰ عددی,عدد,13,216731,172500,2817503,بقالی برادران احمدی
1404/12/07,SKU00032,قهوه فوری ۲۰۰ گرمی,عدد,10,460000,371538,4600000,فروشگاه گلستان
1404/12/07,SKU00033,نوشابه خانواده ۱.۵ لیتری,عدد,94,42462,33615,3991428,هایپر نیک
1404/12/07,SKU00034,آب معدنی ۱.۵ لیتری بسته ۶ عددی,بسته,22,84923,69000,1868306,فروشگاه امید
1404/12/07,SKU00035,ماکارونی ۷۰۰ گرمی,عدد,42,46000,37154,1932000,هایپر نیک
1404/12/07,SKU00036,رب گوجه ۸۰۰ گرمی,عدد,26,95538,77846,2483988,سوپرمارکت آفتاب
1404/12/07,SKU00037,تن ماهی ۱۸۰ گرمی,عدد,22,148615,119423,3269530,فروشگاه زنجیره‌ای مهر
1404/12/07,SKU00038,لوبیا چیتی ۹۰۰ گرمی,عدد,6,125615,101731,753690,فروشگاه رفاه محلی
1404/12/07,SKU00039,عدس ۹۰۰ گرمی,عدد,15,107923,86692,1618845,بقالی برادران احمدی
1404/12/07,SKU00040,نخود ۹۰۰ گرمی,عدد,10,115000,92885,1150000,فروشگاه رفاه محلی
1404/12/07,SKU00041,پنیر سفید ۴۰۰ گرمی,عدد,36,97308,77846,3503088,مینی‌مارکت شبانه
1404/12/07,SKU00042,شیر کم‌چرب ۱ لیتری,عدد,48,46000,37154,2208000,مینی‌مارکت نسیم
1404/12/07,SKU00043,ماست دبه ۲ کیلویی,عدد,30,181346,145962,5440380,فروشگاه یاس
1404/12/07,SKU00044,کره حیوانی ۱۰۰ گرمی,عدد,7,104385,84038,730695,سوپر پروتئین سبز
1404/12/07,SKU00045,مایع ظرفشویی ۳.۷۵ لیتری,عدد,18,194615,154808,3503070,سوپر مارکت البرز
1404/12/07,SKU00046,پودر لباسشویی ۵ کیلویی,عدد,9,415769,340577,3741921,فروشگاه سپیدار
1404/12/07,SKU00047,دستمال کاغذی ۳۰۰ برگ,بسته,25,75192,60154,1879800,هایپر نیک
1404/12/07,SKU00048,شامپو ۹۰۰ میلی‌لیتری,عدد,16,237077,190192,3793232,بقالی برادران احمدی
1404/12/07,SKU00049,خمیر دندان ۱۰۰ گرمی,عدد,27,81385,63692,2197395,سوپر مارکت البرز
1404/12/07,SKU00050,صابون بسته ۶ عددی,بسته,12,106154,84923,1273848,تعاونی مصرف کارکنان
1404/12/08,SKU00001,برنج ایرانی هاشمی ۱۰ کیلویی,کارتن,2,3984231,3364462,7968462,مینی‌مارکت نسیم
1404/12/08,SKU00027,برنج پاکستانی باسماتی ۱۰ کیلویی,کارتن,2,2346269,1859308,4692538,سوپرمارکت آفتاب
1404/12/08,SKU00028,روغن آفتابگردان ۱.۸ لیتری,عدد,13,163796,132808,2129348,بوفه دانشگاه
1404/12/08,SKU00029,روغن سرخ‌کردنی ۴.۵ لیتری,عدد,2,402850,336446,805700,بوفه دانشگاه
1404/12/08,SKU00030,شکر سفید ۹۰۰ گرمی,عدد,16,37186,30988,594976,بوفه دانشگاه
1404/12/08,SKU00031,چای کیسه‌ای ۱۰۰ عددی,عدد,6,216919,172650,1301514,فروشگاه رفاه محلی
1404/12/08,SKU00032,قهوه فوری ۲۰۰ گرمی,عدد,1,460400,371862,460400,فروشگاه امید
1404/12/08,SKU00033,نوشابه خانواده ۱.۵ لیتری,عدد,35,42498,33645,1487430,هایپر ستاره شهر
1404/12/08,SKU00034,آب معدنی ۱.۵ لیتری بسته ۶ عددی,بسته,3,84997,69060,254991,هایپر نیک
1404/12/08,SKU00035,ماکارونی ۷۰۰ گرمی,عدد,19,46040,37186,874760,تعاونی مصرف کارکنان
1404/12/08,SKU00036,رب گوجه ۸۰۰ گرمی,عدد,4,95622,77914,382488,هایپر ستاره شهر
1404/12/08,SKU00037,تن ماهی ۱۸۰ گرمی,عدد,10,148745,119527,1487450,تعاونی مصرف کارکنان
1404/12/08,SKU00038,لوبیا چیتی ۹۰۰ گرمی,عدد,7,125725,101819,880075,سوپرمارکت پارسیان
1404/12/08,SKU00039,عدس ۹۰۰ گرمی,عدد,3,108017,86768,324051,فروشگاه یاس
1404/12/08,SKU00040,نخود ۹۰۰ گرمی,عدد,1,115100,92965,115100,سوپرمارکت آفتاب
1404/12/08,SKU00041,پنیر سفید ۴۰۰ گرمی,عدد,9,97392,77914,876528,فروشگاه امید
1404/12/08,SKU00042,شیر کم‌چرب ۱ لیتری,عدد,25,46040,37186,1151000,فروشگاه سپیدار
1404/12/08,SKU00043,ماست دبه ۲ کیلویی,عدد,9,181504,146088,1633536,بوفه دانشگاه
1404/12/08,SKU00044,کره حیوانی ۱۰۰ گرمی,عدد,6,104475,84112,626850,فروشگاه زنجیره‌ای مهر
1404/12/08,SKU00045,مایع ظرفشویی ۳.۷۵ لیتری,عدد,6,194785,154942,1168710,فروشگاه رفاه محلی
1404/12/08,SKU00046,پودر لباسشویی ۵ کیلویی,عدد,3,416131,340873,1248393,فروشگاه یاس
1404/12/08,SKU00047,دستمال کاغذی ۳۰۰ برگ,بسته,7,75258,60206,526806,هایپر ستاره شهر
1404/12/08,SKU00048,شامپو ۹۰۰ میلی‌لیتری,عدد,4,237283,190358,949132,هایپر ستاره شهر
1404/12/08,SKU00049,خمیر دندان ۱۰۰ گرمی,عدد,6,81455,63748,488730,فروشگاه گلستان
1404/12/08,SKU00050,صابون بسته ۶ عددی,بسته,3,106246,84997,318738,فروشگاه سپیدار
1404/12/09,SKU00001,برنج ایرانی هاشمی ۱۰ کیلویی,کارتن,2,3987692,3367385,7975384,فروشگاه سپیدار
1404/12/09,SKU00027,برنج پاکستانی باسماتی ۱۰ کیلویی,کارتن,3,2348308,1860923,7044924,تعاونی مصرف کارکنان
1404/12/09,SKU00028,روغن آفتابگردان ۱.۸ لیتری,عدد,40,163938,132923,6557520,سوپر مارکت البرز
1404/12/09,SKU00029,روغن سرخ‌کردنی ۴.۵ لیتری,عدد,4,403200,336738,1612800,سوپر پروتئین سبز
1404/12/09,SKU00030,شکر سفید ۹۰۰ گرمی,عدد,43,37218,31015,1600374,فروشگاه گلستان
1404/12/09,SKU00031,چای کیسه‌ای ۱۰۰ عددی,عدد,11,217108,172800,2388188,تعاونی مصرف کارکنان
1404/12/09,SKU00032,قهوه فوری ۲۰۰ گرمی,عدد,5,460800,372185,2304000,مینی‌مارکت نسیم
1404/12/09,SKU00033,نوشابه خانواده ۱.۵ لیتری,عدد,23,42535,33674,978305,فروشگاه گلستان
1404/12/09,SKU00034,آب معدنی ۱.۵ لیتری بسته ۶ عددی,بسته,26,85071,69120,2211846,هایپر نیک
1404/12/09,SKU00035,ماکارونی ۷۰۰ گرمی,عدد,30,46080,37218,1382400,سوپرمارکت آفتاب
1404/12/09,SKU00036,رب گوجه ۸۰۰ گرمی,عدد,13,95705,77982,1244165,کافه رستوران ونک
1404/12/09,SKU00037,تن ماهی ۱۸۰ گرمی,عدد,20,148874,119631,2977480,مینی‌مارکت شبانه
1404/12/09,SKU00038,لوبیا چیتی ۹۰۰ گرمی,عدد,8,125834,101908,1006672,فروشگاه یاس
1404/12/09,SKU00039,عدس ۹۰۰ گرمی,عدد,6,108111,86843,648666,فروشگاه رفاه محلی
1404/12/09,SKU00040,نخود ۹۰۰ گرمی,عدد,4,115200,93046,460800,تعاونی مصرف کارکنان
1404/12/09,SKU00041,پنیر سفید ۴۰۰ گرمی,عدد,25,97477,77982,2436925,فروشگاه سپیدار
1404/12/09,SKU00042,شیر کم‌چرب ۱ لیتری,عدد,44,46080,37218,2027520,سوپرمارکت پارسیان
1404/12/09,SKU00043,ماست دبه ۲ کیلویی,عدد,12,181662,146215,2179944,سوپرمارکت آفتاب
1404/12/09,SKU00044,کره حیوانی ۱۰۰ گرمی,عدد,9,104566,84185,941094,فروشگاه یاس
1404/12/09,SKU00045,مایع ظرفشویی ۳.۷۵ لیتری,عدد,11,194954,155077,2144494,هایپر نیک
1404/12/09,SKU00046,پودر لباسشویی ۵ کیلویی,عدد,4,416492,341169,1665968,فروشگاه سپیدار
1404/12/09,SKU00047,دستمال کاغذی ۳۰۰ برگ,بسته,14,75323,60258,1054522,سوپرمارکت آفتاب
1404/12/09,SKU00048,شامپو ۹۰۰ میلی‌لیتری,عدد,7,237489,190523,1662423,بقالی برادران احمدی
1404/12/09,SKU00049,خمیر دندان ۱۰۰ گرمی,عدد,11,81526,63803,896786,بقالی برادران احمدی
1404/12/09,SKU00050,صابون بسته ۶ عددی,بسته,8,106338,85071,850704,کافه رستوران ونک
1404/12/10,SKU00001,برنج ایرانی هاشمی ۱۰ کیلویی,کارتن,2,3991154,3370308,7982308,فروشگاه امید
1404/12/10,SKU00027,برنج پاکستانی باسماتی ۱۰ کیلویی,کارتن,5,2350346,1862538,11751730,تعاونی مصرف کارکنان
1404/12/10,SKU00028,روغن آفتابگردان ۱.۸ لیتری,عدد,36,164081,133038,5906916,مینی‌مارکت نسیم
1404/12/10,SKU00029,روغن سرخ‌کردنی ۴.۵ لیتری,عدد,6,403550,337031,2421300,فروشگاه یاس
1404/12/10,SKU00030,شکر سفید ۹۰۰ گرمی,عدد,30,37251,31042,1117530,فروشگاه امید
1404/12/10,SKU00031,چای کیسه‌ای ۱۰۰ عددی,عدد,8,217296,172950,1738368,فروشگاه گلستان
1404/12/10,SKU00032,قهوه فوری ۲۰۰ گرمی,عدد,2,461200,372508,922400,فروشگاه زنجیره‌ای مهر
1404/12/10,SKU00033,نوشابه خانواده ۱.۵ لیتری,عدد,49,42572,33703,2086028,فروشگاه رفاه محلی
1404/12/10,SKU00034,آب معدنی ۱.۵ لیتری بسته ۶ عددی,بسته,22,85145,69180,1873190,فروشگاه سپیدار
1404/12/10,SKU00035,ماکارونی ۷۰۰ گرمی,عدد,12,46120,37251,553440,سوپر پروتئین سبز
1404/12/10,SKU00036,رب گوجه ۸۰۰ گرمی,عدد,10,95788,78049,957880,سوپر مارکت البرز
1404/12/10,SKU00037,تن ماهی ۱۸۰ گرمی,عدد,14,149003,119735,2086042,مینی‌مارکت نسیم
1404/12/10,SKU00038,لوبیا چیتی ۹۰۰ گرمی,عدد,13,125943,101996,1637259,کافه رستوران ونک
1404/12/10,SKU00039,عدس ۹۰۰ گرمی,عدد,5,108205,86918,541025,فروشگاه امید
1404/12/10,SKU00040,نخود ۹۰۰ گرمی,عدد,5,115300,93127,576500,بقالی برادران احمدی
1404/12/10,SKU00041,پنیر سفید ۴۰۰ گرمی,عدد,30,97562,78049,2926860,سوپرمارکت آفتاب
1404/12/10,SKU00042,شیر کم‌چرب ۱ لیتری,عدد,37,46120,37251,1706440,تعاونی مصرف کارکنان
1404/12/10,SKU00043,ماست دبه ۲ کیلویی,عدد,11,181819,146342,2000009,فروشگاه زنجیره‌ای مهر
1404/12/10,SKU00044,کره حیوانی ۱۰۰ گرمی,عدد,13,104657,84258,1360541,فروشگاه زنجیره‌ای مهر
1404/12/10,SKU00045,مایع ظرفشویی ۳.۷۵ لیتری,عدد,16,195123,155212,3121968,مینی‌مارکت شبانه
1404/12/10,SKU00046,پودر لباسشویی ۵ کیلویی,عدد,4,416854,341465,1667416,فروشگاه گلستان
1404/12/10,SKU00047,دستمال کاغذی ۳۰۰ برگ,بسته,25,75388,60311,1884700,تعاونی مصرف کارکنان
1404/12/10,SKU00048,شامپو ۹۰۰ میلی‌لیتری,عدد,7,237695,190688,1663865,فروشگاه گلستان
1404/12/10,SKU00049,خمیر دندان ۱۰۰ گرمی,عدد,9,81597,63858,734373,تعاونی مصرف کارکنان
1404/12/10,SKU00050,صابون بسته ۶ عددی,بسته,8,106431,85145,851448,فروشگاه امید
1404/12/11,SKU00001,برنج ایرانی هاشمی ۱۰ کیلویی,کارتن,3,3994615,3373231,11983845,فروشگاه رفاه محلی
1404/12/11,SKU00027,برنج پاکستانی باسماتی ۱۰ کیلویی,کارتن,3,2352385,1864154,7057155,فروشگاه امید
1404/12/11,SKU00028,روغن آفتابگردان ۱.۸ لیتری,عدد,26,164223,133154,4269798,مینی‌مارکت نسیم
1404/12/11,SKU00029,روغن سرخ‌کردنی ۴.۵ لیتری,عدد,3,403900,337323,1211700,فروشگاه گلستان
1404/12/11,SKU00030,شکر سفید ۹۰۰ گرمی,عدد,8,37283,31069,298264,مینی‌مارکت نسیم
1404/12/11,SKU00031,چای کیسه‌ای ۱۰۰ عددی,عدد,7,217485,173100,1522395,فروشگاه یاس
1404/12/11,SKU00032,قهوه فوری ۲۰۰ گرمی,عدد,5,461600,372831,2308000,تعاونی مصرف کارکنان
1404/12/11,SKU00033,نوشابه خانواده ۱.۵ لیتری,عدد,49,42609,33732,2087841,هایپر ستاره شهر
1404/12/11,SKU00034,آب معدنی ۱.۵ لیتری بسته ۶ عددی,بسته,19,85218,69240,1619142,فروشگاه گلستان
1404/12/11,SKU00035,ماکارونی ۷۰۰ گرمی,عدد,10,46160,37283,461600,هایپر نیک
1404/12/11,SKU00036,رب گوجه ۸۰۰ گرمی,عدد,11,95871,78117,1054581,بوفه دانشگاه
1404/12/11,SKU00037,تن ماهی ۱۸۰ گرمی,عدد,21,149132,119838,3131772,فروشگاه یاس
1404/12/11,SKU00038,لوبیا چیتی ۹۰۰ گرمی,عدد,6,126052,102085,756312,فروشگاه رفاه محلی
1404/12/11,SKU00039,عدس ۹۰۰ گرمی,عدد,5,108298,86994,541490,کافه رستوران ونک
1404/12/11,SKU00040,نخود ۹۰۰ گرمی,عدد,4,115400,93208,461600,کافه رستوران ونک
1404/12/11,SKU00041,پنیر سفید ۴۰۰ گرمی,عدد,26,97646,78117,2538796,فروشگاه سپیدار
1404/12/11,SKU00042,شیر کم‌چرب ۱ لیتری,عدد,35,46160,37283,1615600,فروشگاه گلستان
1404/12/11,SKU00043,ماست دبه ۲ کیلویی,عدد,14,181977,146469,2547678,کافه رستوران ونک
1404/12/11,SKU00044,کره حیوانی ۱۰۰ گرمی,عدد,7,104748,84331,733236,فروشگاه زنجیره‌ای مهر
1404/12/11,SKU00045,مایع ظرفشویی ۳.۷۵ لیتری,عدد,13,195292,155346,2538796,مینی‌مارکت شبانه
1404/12/11,SKU00046,پودر لباسشویی ۵ کیلویی,عدد,7,417215,341762,2920505,فروشگاه امید
1404/12/11,SKU00047,دستمال کاغذی ۳۰۰ برگ,بسته,33,75454,60363,2489982,فروشگاه گلستان
1404/12/11,SKU00048,شامپو ۹۰۰ میلی‌لیتری,عدد,6,237902,190854,1427412,فروشگاه یاس
1404/12/11,SKU00049,خمیر دندان ۱۰۰ گرمی,عدد,14,81668,63914,1143352,فروشگاه زنجیره‌ای مهر
1404/12/11,SKU00050,صابون بسته ۶ عددی,بسته,7,106523,85218,745661,سوپر پروتئین سبز
1404/12/12,SKU00001,برنج ایرانی هاشمی ۱۰ کیلویی,کارتن,4,3998077,3376154,15992308,هایپر ستاره شهر
1404/12/12,SKU00027,برنج پاکستانی باسماتی ۱۰ کیلویی,کارتن,6,2354423,1865769,14126538,مینی‌مارکت نسیم
1404/12/12,SKU00028,روغن آفتابگردان ۱.۸ لیتری,عدد,30,164365,133269,4930950,فروشگاه رفاه محلی
1404/12/12,SKU00029,روغن سرخ‌کردنی ۴.۵ لیتری,عدد,9,404250,337615,3638250,فروشگاه یاس
1404/12/12,SKU00030,شکر سفید ۹۰۰ گرمی,عدد,46,37315,31096,1716490,سوپر پروتئین سبز
1404/12/12,SKU00031,چای کیسه‌ای ۱۰۰ عددی,عدد,10,217673,173250,2176730,فروشگاه سپیدار
1404/12/12,SKU00032,قهوه فوری ۲۰۰ گرمی,عدد,3,462000,373154,1386000,سوپرمارکت آفتاب
1404/12/12,SKU00033,نوشابه خانواده ۱.۵ لیتری,عدد,58,42646,33762,2473468,سوپرمارکت پارسیان
1404/12/12,SKU00034,آب معدنی ۱.۵ لیتری بسته ۶ عددی,بسته,23,85292,69300,1961716,فروشگاه گلستان
1404/12/12,SKU00035,ماکارونی ۷۰۰ گرمی,عدد,30,46200,37315,1386000,مینی‌مارکت نسیم
1404/12/12,SKU00036,رب گوجه ۸۰۰ گرمی,عدد,14,95954,78185,1343356,فروشگاه امید
1404/12/12,SKU00037,تن ماهی ۱۸۰ گرمی,عدد,22,149262,119942,3283764,بوفه دانشگاه
1404/12/12,SKU00038,لوبیا چیتی ۹۰۰ گرمی,عدد,13,126162,102173,1640106,کافه رستوران ونک
1404/12/12,SKU00039,عدس ۹۰۰ گرمی,عدد,9,108392,87069,975528,بقالی برادران احمدی
1404/12/12,SKU00040,نخود ۹۰۰ گرمی,عدد,4,115500,93288,462000,سوپرمارکت پارسیان
1404/12/12,SKU00041,پنیر سفید ۴۰۰ گرمی,عدد,20,97731,78185,1954620,بقالی برادران احمدی
1404/12/12,SKU00042,شیر کم‌چرب ۱ لیتری,عدد,35,46200,37315,1617000,سوپرمارکت آفتاب
1404/12/12,SKU00043,ماست دبه ۲ کیلویی,عدد,15,182135,146596,2732025,فروشگاه امید
1404/12/12,SKU00044,کره حیوانی ۱۰۰ گرمی,عدد,15,104838,84404,1572570,فروشگاه رفاه محلی
1404/12/12,SKU00045,مایع ظرفشویی ۳.۷۵ لیتری,عدد,15,195462,155481,2931930,فروشگاه رفاه محلی
1404/12/12,SKU00046,پودر لباسشویی ۵ کیلویی,عدد,5,417577,342058,2087885,فروشگاه رفاه محلی
1404/12/12,SKU00047,دستمال کاغذی ۳۰۰ برگ,بسته,17,75519,60415,1283823,کافه رستوران ونک
1404/12/12,SKU00048,شامپو ۹۰۰ میلی‌لیتری,عدد,2,238108,191019,476216,فروشگاه زنجیره‌ای مهر
1404/12/12,SKU00049,خمیر دندان ۱۰۰ گرمی,عدد,13,81738,63969,1062594,مینی‌مارکت نسیم
1404/12/12,SKU00050,صابون بسته ۶ عددی,بسته,10,106615,85292,1066150,سوپر پروتئین سبز
1404/12/13,SKU00001,برنج ایرانی هاشمی ۱۰ کیلویی,کارتن,3,4001538,3379077,12004614,فروشگاه رفاه محلی
1404/12/13,SKU00027,برنج پاکستانی باسماتی ۱۰ کیلویی,کارتن,4,2356462,1867385,9425848,کافه رستوران ونک
1404/12/13,SKU00028,روغن آفتابگردان ۱.۸ لیتری,عدد,40,164508,133385,6580320,مینی‌مارکت شبانه
1404/12/13,SKU00029,روغن سرخ‌کردنی ۴.۵ لیتری,عدد,5,404600,337908,2023000,هایپر نیک
1404/12/13,SKU00030,شکر سفید ۹۰۰ گرمی,عدد,39,37348,31123,1456572,تعاونی مصرف کارکنان
1404/12/13,SKU00031,چای کیسه‌ای ۱۰۰ عددی,عدد,6,217862,173400,1307172,فروشگاه امید
1404/12/13,SKU00032,قهوه فوری ۲۰۰ گرمی,عدد,7,462400,373477,3236800,هایپر ستاره شهر
1404/12/13,SKU00033,نوشابه خانواده ۱.۵ لیتری,عدد,45,42683,33791,1920735,فروشگاه امید
1404/12/13,SKU00034,آب معدنی ۱.۵ لیتری بسته ۶ عددی,بسته,29,85366,69360,2475614,تعاونی مصرف کارکنان
1404/12/13,SKU00035,ماکارونی ۷۰۰ گرمی,عدد,29,46240,37348,1340960,هایپر نیک
1404/12/13,SKU00036,رب گوجه ۸۰۰ گرمی,عدد,13,96037,78252,1248481,تعاونی مصرف کارکنان
1404/12/13,SKU00037,تن ماهی ۱۸۰ گرمی,عدد,15,149391,120046,2240865,سوپر پروتئین سبز
1404/12/13,SKU00038,لوبیا چیتی ۹۰۰ گرمی,عدد,12,126271,102262,1515252,سوپر مارکت البرز
1404/12/13,SKU00039,عدس ۹۰۰ گرمی,عدد,8,108486,87145,867888,تعاونی مصرف کارکنان
1404/12/13,SKU00040,نخود ۹۰۰ گرمی,عدد,2,115600,93369,231200,فروشگاه رفاه محلی
1404/12/13,SKU00041,پنیر سفید ۴۰۰ گرمی,عدد,14,97815,78252,1369410,هایپر نیک
1404/12/13,SKU00042,شیر کم‌چرب ۱ لیتری,عدد,10,46240,37348,462400,سوپر مارکت البرز
1404/12/13,SKU00043,ماست دبه ۲ کیلویی,عدد,14,182292,146723,2552088,سوپرمارکت آفتاب
1404/12/13,SKU00044,کره حیوانی ۱۰۰ گرمی,عدد,17,104929,84477,1783793,فروشگاه امید
1404/12/13,SKU00045,مایع ظرفشویی ۳.۷۵ لیتری,عدد,7,195631,155615,1369417,کافه رستوران ونک
1404/12/13,SKU00046,پودر لباسشویی ۵ کیلویی,عدد,7,417938,342354,2925566,بقالی برادران احمدی
1404/12/13,SKU00047,دستمال کاغذی ۳۰۰ برگ,بسته,37,75585,60468,2796645,تعاونی مصرف کارکنان
1404/12/13,SKU00048,شامپو ۹۰۰ میلی‌لیتری,عدد,2,238314,191185,476628,سوپرمارکت پارسیان
1404/12/13,SKU00049,خمیر دندان ۱۰۰ گرمی,عدد,21,81809,64025,1717989,بوفه دانشگاه
1404/12/13,SKU00050,صابون بسته ۶ عددی,بسته,7,106708,85366,746956,سوپر پروتئین سبز
1404/12/14,SKU00001,برنج ایرانی هاشمی ۱۰ کیلویی,کارتن,7,4005000,3382000,28035000,بوفه دانشگاه
1404/12/14,SKU00027,برنج پاکستانی باسماتی ۱۰ کیلویی,کارتن,10,2358500,1869000,23585000,هایپر نیک
1404/12/14,SKU00028,روغن آفتابگردان ۱.۸ لیتری,عدد,19,164650,133500,3128350,سوپرمارکت آفتاب
1404/12/14,SKU00029,روغن سرخ‌کردنی ۴.۵ لیتری,عدد,9,404950,338200,3644550,فروشگاه سپیدار
1404/12/14,SKU00030,شکر سفید ۹۰۰ گرمی,عدد,17,37380,31150,635460,مینی‌مارکت شبانه
1404/12/14,SKU00031,چای کیسه‌ای ۱۰۰ عددی,عدد,14,218050,173550,3052700,کافه رستوران ونک
1404/12/14,SKU00032,قهوه فوری ۲۰۰ گرمی,عدد,6,462800,373800,2776800,سوپرمارکت پارسیان
1404/12/14,SKU00033,نوشابه خانواده ۱.۵ لیتری,عدد,74,42720,33820,3161280,مینی‌مارکت شبانه
1404/12/14,SKU00034,آب معدنی ۱.۵ لیتری بسته ۶ عددی,بسته,31,85440,69420,2648640,فروشگاه زنجیره‌ای مهر
1404/12/14,SKU00035,ماکارونی ۷۰۰ گرمی,عدد,21,46280,37380,971880,سوپر مارکت البرز
1404/12/14,SKU00036,رب گوجه ۸۰۰ گرمی,عدد,21,96120,78320,2018520,تعاونی مصرف کارکنان
1404/12/14,SKU00037,تن ماهی ۱۸۰ گرمی,عدد,27,149520,120150,4037040,فروشگاه زنجیره‌ای مهر
1404/12/14,SKU00038,لوبیا چیتی ۹۰۰ گرمی,عدد,16,126380,102350,2022080,سوپر مارکت البرز
1404/12/14,SKU00039,عدس ۹۰۰ گرمی,عدد,14,108580,87220,1520120,سوپر پروتئین سبز
1404/12/14,SKU00040,نخود ۹۰۰ گرمی,عدد,1,115700,93450,115700,سوپرمارکت پارسیان
1404/12/14,SKU00041,پنیر سفید ۴۰۰ گرمی,عدد,28,97900,78320,2741200,مینی‌مارکت شبانه
1404/12/14,SKU00042,شیر کم‌چرب ۱ لیتری,عدد,52,46280,37380,2406560,فروشگاه رفاه محلی
1404/12/14,SKU00043,ماست دبه ۲ کیلویی,عدد,17,182450,146850,3101650,سوپرمارکت پارسیان
1404/12/14,SKU00044,کره حیوانی ۱۰۰ گرمی,عدد,24,105020,84550,2520480,هایپر ستاره شهر
1404/12/14,SKU00045,مایع ظرفشویی ۳.۷۵ لیتری,عدد,22,195800,155750,4307600,مینی‌مارکت شبانه
1404/12/14,SKU00046,پودر لباسشویی ۵ کیلویی,عدد,13,418300,342650,5437900,فروشگاه سپیدار
1404/12/14,SKU00047,دستمال کاغذی ۳۰۰ برگ,بسته,22,75650,60520,1664300,هایپر ستاره شهر
1404/12/14,SKU00048,شامپو ۹۰۰ میلی‌لیتری,عدد,6,238520,191350,1431120,فروشگاه رفاه محلی
1404/12/14,SKU00049,خمیر دندان ۱۰۰ گرمی,عدد,23,81880,64080,1883240,سوپر پروتئین سبز
1404/12/14,SKU00050,صابون بسته ۶ عددی,بسته,11,106800,85440,1174800,سوپرمارکت پارسیان
1404/12/15,SKU00001,برنج ایرانی هاشمی ۱۰ کیلویی,کارتن,2,4008462,3384923,8016924,مینی‌مارکت شبانه
1404/12/15,SKU00027,برنج پاکستانی باسماتی ۱۰ کیلویی,کارتن,2,2360538,1870615,4721076,مینی‌مارکت شبانه
1404/12/15,SKU00028,روغن آفتابگردان ۱.۸ لیتری,عدد,1,164792,133615,164792,سوپر پروتئین سبز
1404/12/15,SKU00029,روغن سرخ‌کردنی ۴.۵ لیتری,عدد,5,405300,338492,2026500,سوپر پروتئین سبز
1404/12/15,SKU00030,شکر سفید ۹۰۰ گرمی,عدد,12,37412,31177,448944,بوفه دانشگاه
1404/12/15,SKU00031,چای کیسه‌ای ۱۰۰ عددی,عدد,5,218238,173700,1091190,فروشگاه زنجیره‌ای مهر
1404/12/15,SKU00032,قهوه فوری ۲۰۰ گرمی,عدد,4,463200,374123,1852800,بقالی برادران احمدی
1404/12/15,SKU00033,نوشابه خانواده ۱.۵ لیتری,عدد,30,42757,33849,1282710,فروشگاه رفاه محلی
1404/12/15,SKU00034,آب معدنی ۱.۵ لیتری بسته ۶ عددی,بسته,6,85514,69480,513084,هایپر نیک
1404/12/15,SKU00035,ماکارونی ۷۰۰ گرمی,عدد,15,46320,37412,694800,فروشگاه یاس
1404/12/15,SKU00036,رب گوجه ۸۰۰ گرمی,عدد,6,96203,78388,577218,مینی‌مارکت نسیم
1404/12/15,SKU00037,تن ماهی ۱۸۰ گرمی,عدد,8,149649,120254,1197192,مینی‌مارکت نسیم
1404/12/15,SKU00038,لوبیا چیتی ۹۰۰ گرمی,عدد,6,126489,102438,758934,تعاونی مصرف کارکنان
1404/12/15,SKU00039,عدس ۹۰۰ گرمی,عدد,2,108674,87295,217348,فروشگاه زنجیره‌ای مهر
1404/12/15,SKU00040,نخود ۹۰۰ گرمی,عدد,3,115800,93531,347400,هایپر ستاره شهر
1404/12/15,SKU00041,پنیر سفید ۴۰۰ گرمی,عدد,17,97985,78388,1665745,بقالی برادران احمدی
1404/12/15,SKU00042,شیر کم‌چرب ۱ لیتری,عدد,22,46320,37412,1019040,فروشگاه رفاه محلی
1404/12/15,SKU00043,ماست دبه ۲ کیلویی,عدد,10,182608,146977,1826080,فروشگاه رفاه محلی
1404/12/15,SKU00044,کره حیوانی ۱۰۰ گرمی,عدد,1,105111,84623,105111,مینی‌مارکت نسیم
1404/12/15,SKU00045,مایع ظرفشویی ۳.۷۵ لیتری,عدد,6,195969,155885,1175814,سوپر مارکت البرز
1404/12/15,SKU00046,پودر لباسشویی ۵ کیلویی,عدد,3,418662,342946,1255986,بوفه دانشگاه
1404/12/15,SKU00047,دستمال کاغذی ۳۰۰ برگ,بسته,21,75715,60572,1590015,فروشگاه امید
1404/12/15,SKU00048,شامپو ۹۰۰ میلی‌لیتری,عدد,2,238726,191515,477452,فروشگاه سپیدار
1404/12/15,SKU00049,خمیر دندان ۱۰۰ گرمی,عدد,7,81951,64135,573657,بوفه دانشگاه
1404/12/15,SKU00050,صابون بسته ۶ عددی,بسته,10,106892,85514,1068920,تعاونی مصرف کارکنان
1404/12/16,SKU00001,برنج ایرانی هاشمی ۱۰ کیلویی,کارتن,3,4011923,3387846,12035769,فروشگاه گلستان
1404/12/16,SKU00027,برنج پاکستانی باسماتی ۱۰ کیلویی,کارتن,3,2362577,1872231,7087731,هایپر ستاره شهر
1404/12/16,SKU00028,روغن آفتابگردان ۱.۸ لیتری,عدد,24,164935,133731,3958440,فروشگاه گلستان
1404/12/16,SKU00029,روغن سرخ‌کردنی ۴.۵ لیتری,عدد,13,405650,338785,5273450,فروشگاه سپیدار
1404/12/16,SKU00030,شکر سفید ۹۰۰ گرمی,عدد,26,37445,31204,973570,فروشگاه یاس
1404/12/16,SKU00031,چای کیسه‌ای ۱۰۰ عددی,عدد,11,218427,173850,2402697,مینی‌مارکت نسیم
1404/12/16,SKU00032,قهوه فوری ۲۰۰ گرمی,عدد,7,463600,374446,3245200,سوپرمارکت آفتاب
1404/12/16,SKU00033,نوشابه خانواده ۱.۵ لیتری,عدد,69,42794,33878,2952786,فروشگاه یاس
1404/12/16,SKU00034,آب معدنی ۱.۵ لیتری بسته ۶ عددی,بسته,26,85588,69540,2225288,فروشگاه امید
1404/12/16,SKU00035,ماکارونی ۷۰۰ گرمی,عدد,31,46360,37445,1437160,بوفه دانشگاه
1404/12/16,SKU00036,رب گوجه ۸۰۰ گرمی,عدد,12,96286,78455,1155432,سوپر پروتئین سبز
1404/12/16,SKU00037,تن ماهی ۱۸۰ گرمی,عدد,13,149778,120358,1947114,فروشگاه زنجیره‌ای مهر
1404/12/16,SKU00038,لوبیا چیتی ۹۰۰ گرمی,عدد,9,126598,102527,1139382,فروشگاه زنجیره‌ای مهر
1404/12/16,SKU00039,عدس ۹۰۰ گرمی,عدد,10,108768,87371,1087680,بوفه دانشگاه
1404/12/16,SKU00040,نخود ۹۰۰ گرمی,عدد,5,115900,93612,579500,هایپر ستاره شهر
1404/12/16,SKU00041,پنیر سفید ۴۰۰ گرمی,عدد,15,98069,78455,1471035,سوپرمارکت آفتاب
1404/12/16,SKU00042,شیر کم‌چرب ۱ لیتری,عدد,38,46360,37445,1761680,سوپر پروتئین سبز
1404/12/16,SKU00043,ماست دبه ۲ کیلویی,عدد,11,182765,147104,2010415,کافه رستوران ونک
1404/12/16,SKU00044,کره حیوانی ۱۰۰ گرمی,عدد,12,105202,84696,1262424,تعاونی مصرف کارکنان
1404/12/16,SKU00045,مایع ظرفشویی ۳.۷۵ لیتری,عدد,7,196138,156019,1372966,فروشگاه امید
1404/12/16,SKU00046,پودر لباسشویی ۵ کیلویی,عدد,8,419023,343242,3352184,فروشگاه گلستان
1404/12/16,SKU00047,دستمال کاغذی ۳۰۰ برگ,بسته,15,75781,60625,1136715,مینی‌مارکت شبانه
1404/12/16,SKU00048,شامپو ۹۰۰ میلی‌لیتری,عدد,4,238932,191681,955728,فروشگاه یاس
1404/12/16,SKU00049,خمیر دندان ۱۰۰ گرمی,عدد,17,82022,64191,1394374,سوپر پروتئین سبز
1404/12/16,SKU00050,صابون بسته ۶ عددی,بسته,8,106985,85588,855880,مینی‌مارکت نسیم
1404/12/17,SKU00001,برنج ایرانی هاشمی ۱۰ کیلویی,کارتن,3,4015385,3390769,12046155,سوپرمارکت پارسیان
1404/12/17,SKU00027,برنج پاکستانی باسماتی ۱۰ کیلویی,کارتن,5,2364615,1873846,11823075,سوپر پروتئین سبز
1404/12/17,SKU00028,روغن آفتابگردان ۱.۸ لیتری,عدد,18,165077,133846,2971386,فروشگاه سپیدار
1404/12/17,SKU00029,روغن سرخ‌کردنی ۴.۵ لیتری,عدد,9,406000,339077,3654000,فروشگاه یاس
1404/12/17,SKU00030,شکر سفید ۹۰۰ گرمی,عدد,29,37477,31231,1086833,مینی‌مارکت نسیم
1404/12/17,SKU00031,چای کیسه‌ای ۱۰۰ عددی,عدد,12,218615,174000,2623380,تعاونی مصرف کارکنان
1404/12/17,SKU00032,قهوه فوری ۲۰۰ گرمی,عدد,3,464000,374769,1392000,بوفه دانشگاه
1404/12/17,SKU00033,نوشابه خانواده ۱.۵ لیتری,عدد,28,42831,33908,1199268,بقالی برادران احمدی
1404/12/17,SKU00034,آب معدنی ۱.۵ لیتری بسته ۶ عددی,بسته,18,85662,69600,1541916,فروشگاه گلستان
1404/12/17,SKU00035,ماکارونی ۷۰۰ گرمی,عدد,38,46400,37477,1763200,فروشگاه گلستان
1404/12/17,SKU00036,رب گوجه ۸۰۰ گرمی,عدد,13,96369,78523,1252797,هایپر نیک
1404/12/17,SKU00037,تن ماهی ۱۸۰ گرمی,عدد,16,149908,120462,2398528,فروشگاه گلستان
1404/12/17,SKU00038,لوبیا چیتی ۹۰۰ گرمی,عدد,9,126708,102615,1140372,هایپر ستاره شهر
1404/12/17,SKU00039,عدس ۹۰۰ گرمی,عدد,11,108862,87446,1197482,سوپر مارکت البرز
1404/12/17,SKU00040,نخود ۹۰۰ گرمی,عدد,7,116000,93692,812000,سوپر مارکت البرز
1404/12/17,SKU00041,پنیر سفید ۴۰۰ گرمی,عدد,29,98154,78523,2846466,سوپر پروتئین سبز
1404/12/17,SKU00042,شیر کم‌چرب ۱ لیتری,عدد,36,46400,37477,1670400,سوپر پروتئین سبز
1404/12/17,SKU00043,ماست دبه ۲ کیلویی,عدد,7,182923,147231,1280461,فروشگاه زنجیره‌ای مهر
1404/12/17,SKU00044,کره حیوانی ۱۰۰ گرمی,عدد,9,105292,84769,947628,کافه رستوران ونک
1404/12/17,SKU00045,مایع ظرفشویی ۳.۷۵ لیتری,عدد,12,196308,156154,2355696,سوپرمارکت آفتاب
1404/12/17,SKU00046,پودر لباسشویی ۵ کیلویی,عدد,9,419385,343538,3774465,فروشگاه امید
1404/12/17,SKU00047,دستمال کاغذی ۳۰۰ برگ,بسته,24,75846,60677,1820304,بوفه دانشگاه
1404/12/17,SKU00048,شامپو ۹۰۰ میلی‌لیتری,عدد,5,239138,191846,1195690,بوفه دانشگاه
1404/12/17,SKU00049,خمیر دندان ۱۰۰ گرمی,عدد,5,82092,64246,410460,سوپرمارکت پارسیان
1404/12/17,SKU00050,صابون بسته ۶ عددی,بسته,4,107077,85662,428308,فروشگاه زنجیره‌ای مهر
1404/12/18,SKU00001,برنج ایرانی هاشمی ۱۰ کیلویی,کارتن,2,4018846,3393692,8037692,مینی‌مارکت شبانه
1404/12/18,SKU00027,برنج پاکستانی باسماتی ۱۰ کیلویی,کارتن,3,2366654,1875462,7099962,فروشگاه امید
1404/12/18,SKU00028,روغن آفتابگردان ۱.۸ لیتری,عدد,26,165219,133962,4295694,سوپرمارکت پارسیان
1404/12/18,SKU00029,روغن سرخ‌کردنی ۴.۵ لیتری,عدد,5,406350,339369,2031750,تعاونی مصرف کارکنان
1404/12/18,SKU00030,شکر سفید ۹۰۰ گرمی,عدد,44,37509,31258,1650396,فروشگاه رفاه محلی
1404/12/18,SKU00031,چای کیسه‌ای ۱۰۰ عددی,عدد,9,218804,174150,1969236,فروشگاه زنجیره‌ای مهر
1404/12/18,SKU00032,قهوه فوری ۲۰۰ گرمی,عدد,6,464400,375092,2786400,سوپر مارکت البرز
1404/12/18,SKU00033,نوشابه خانواده ۱.۵ لیتری,عدد,59,42868,33937,2529212,بقالی برادران احمدی
1404/12/18,SKU00034,آب معدنی ۱.۵ لیتری بسته ۶ عددی,بسته,20,85735,69660,1714700,سوپر مارکت البرز
1404/12/18,SKU00035,ماکارونی ۷۰۰ گرمی,عدد,20,46440,37509,928800,مینی‌مارکت نسیم
1404/12/18,SKU00036,رب گوجه ۸۰۰ گرمی,عدد,8,96452,78591,771616,هایپر نیک
1404/12/18,SKU00037,تن ماهی ۱۸۰ گرمی,عدد,10,150037,120565,1500370,فروشگاه یاس
1404/12/18,SKU00038,لوبیا چیتی ۹۰۰ گرمی,عدد,8,126817,102704,1014536,سوپرمارکت آفتاب
1404/12/18,SKU00039,عدس ۹۰۰ گرمی,عدد,12,108955,87522,1307460,هایپر نیک
1404/12/18,SKU00040,نخود ۹۰۰ گرمی,عدد,6,116100,93773,696600,هایپر ستاره شهر
1404/12/18,SKU00041,پنیر سفید ۴۰۰ گرمی,عدد,20,98238,78591,1964760,فروشگاه گلستان
1404/12/18,SKU00042,شیر کم‌چرب ۱ لیتری,عدد,28,46440,37509,1300320,فروشگاه زنجیره‌ای مهر
1404/12/18,SKU00043,ماست دبه ۲ کیلویی,عدد,20,183081,147358,3661620,هایپر ستاره شهر
1404/12/18,SKU00044,کره حیوانی ۱۰۰ گرمی,عدد,10,105383,84842,1053830,فروشگاه زنجیره‌ای مهر
1404/12/18,SKU00045,مایع ظرفشویی ۳.۷۵ لیتری,عدد,11,196477,156288,2161247,مینی‌مارکت نسیم
1404/12/18,SKU00046,پودر لباسشویی ۵ کیلویی,عدد,6,419746,343835,2518476,فروشگاه گلستان
1404/12/18,SKU00047,دستمال کاغذی ۳۰۰ برگ,بسته,18,75912,60729,1366416,تعاونی مصرف کارکنان
1404/12/18,SKU00048,شامپو ۹۰۰ میلی‌لیتری,عدد,3,239345,192012,718035,سوپر پروتئین سبز
1404/12/18,SKU00049,خمیر دندان ۱۰۰ گرمی,عدد,11,82163,64302,903793,سوپرمارکت پارسیان
1404/12/18,SKU00050,صابون بسته ۶ عددی,بسته,13,107169,85735,1393197,فروشگاه یاس
1404/12/19,SKU00001,برنج ایرانی هاشمی ۱۰ کیلویی,کارتن,3,4022308,3396615,12066924,فروشگاه زنجیره‌ای مهر
1404/12/19,SKU00027,برنج پاکستانی باسماتی ۱۰ کیلویی,کارتن,6,2368692,1877077,14212152,فروشگاه رفاه محلی
1404/12/19,SKU00028,روغن آفتابگردان ۱.۸ لیتری,عدد,30,165362,134077,4960860,فروشگاه گلستان
1404/12/19,SKU00029,روغن سرخ‌کردنی ۴.۵ لیتری,عدد,4,406700,339662,1626800,فروشگاه رفاه محلی
1404/12/19,SKU00030,شکر سفید ۹۰۰ گرمی,عدد,41,37542,31285,1539222,هایپر ستاره شهر
1404/12/19,SKU00031,چای کیسه‌ای ۱۰۰ عددی,عدد,12,218992,174300,2627904,مینی‌مارکت نسیم
1404/12/19,SKU00032,قهوه فوری ۲۰۰ گرمی,عدد,4,464800,375415,1859200,کافه رستوران ونک
1404/12/19,SKU00033,نوشابه خانواده ۱.۵ لیتری,عدد,45,42905,33966,1930725,سوپرمارکت پارسیان
1404/12/19,SKU00034,آب معدنی ۱.۵ لیتری بسته ۶ عددی,بسته,22,85809,69720,1887798,فروشگاه گلستان
1404/12/19,SKU00035,ماکارونی ۷۰۰ گرمی,عدد,31,46480,37542,1440880,فروشگاه امید
1404/12/19,SKU00036,رب گوجه ۸۰۰ گرمی,عدد,14,96535,78658,1351490,سوپرمارکت پارسیان
1404/12/19,SKU00037,تن ماهی ۱۸۰ گرمی,عدد,18,150166,120669,2702988,فروشگاه یاس
1404/12/19,SKU00038,لوبیا چیتی ۹۰۰ گرمی,عدد,5,126926,102792,634630,فروشگاه یاس
1404/12/19,SKU00039,عدس ۹۰۰ گرمی,عدد,6,109049,87597,654294,هایپر نیک
1404/12/19,SKU00040,نخود ۹۰۰ گرمی,عدد,4,116200,93854,464800,فروشگاه سپیدار
1404/12/19,SKU00041,پنیر سفید ۴۰۰ گرمی,عدد,19,98323,78658,1868137,فروشگاه سپیدار
1404/12/19,SKU00042,شیر کم‌چرب ۱ لیتری,عدد,42,46480,37542,1952160,کافه رستوران ونک
1404/12/19,SKU00043,ماست دبه ۲ کیلویی,عدد,14,183238,147485,2565332,کافه رستوران ونک
1404/12/19,SKU00044,کره حیوانی ۱۰۰ گرمی,عدد,10,105474,84915,1054740,هایپر ستاره شهر
1404/12/19,SKU00045,مایع ظرفشویی ۳.۷۵ لیتری,عدد,14,196646,156423,2753044,هایپر نیک
1404/12/19,SKU00046,پودر لباسشویی ۵ کیلویی,عدد,5,420108,344131,2100540,فروشگاه زنجیره‌ای مهر
1404/12/19,SKU00047,دستمال کاغذی ۳۰۰ برگ,بسته,12,75977,60782,911724,بقالی برادران احمدی
1404/12/19,SKU00048,شامپو ۹۰۰ میلی‌لیتری,عدد,7,239551,192177,1676857,سوپرمارکت آفتاب
1404/12/19,SKU00049,خمیر دندان ۱۰۰ گرمی,عدد,13,82234,64357,1069042,فروشگاه امید
1404/12/19,SKU00050,صابون بسته ۶ عددی,بسته,11,107262,85809,1179882,کافه رستوران ونک
1404/12/20,SKU00001,برنج ایرانی هاشمی ۱۰ کیلویی,کارتن,3,4025769,3399538,12077307,فروشگاه امید
1404/12/20,SKU00027,برنج پاکستانی باسماتی ۱۰ کیلویی,کارتن,3,2370731,1878692,7112193,هایپر ستاره شهر
1404/12/20,SKU00028,روغن آفتابگردان ۱.۸ لیتری,عدد,31,165504,134192,5130624,سوپرمارکت پارسیان
1404/12/20,SKU00029,روغن سرخ‌کردنی ۴.۵ لیتری,عدد,9,407050,339954,3663450,مینی‌مارکت شبانه
1404/12/20,SKU00030,شکر سفید ۹۰۰ گرمی,عدد,49,37574,31312,1841126,تعاونی مصرف کارکنان
1404/12/20,SKU00031,چای کیسه‌ای ۱۰۰ عددی,عدد,7,219181,174450,1534267,فروشگاه رفاه محلی
1404/12/20,SKU00032,قهوه فوری ۲۰۰ گرمی,عدد,6,465200,375738,2791200,هایپر نیک
1404/12/20,SKU00033,نوشابه خانواده ۱.۵ لیتری,عدد,40,42942,33995,1717680,سوپرمارکت آفتاب
1404/12/20,SKU00034,آب معدنی ۱.۵ لیتری بسته ۶ عددی,بسته,22,85883,69780,1889426,فروشگاه گلستان
1404/12/20,SKU00035,ماکارونی ۷۰۰ گرمی,عدد,21,46520,37574,976920,هایپر نیک
1404/12/20,SKU00036,رب گوجه ۸۰۰ گرمی,عدد,11,96618,78726,1062798,مینی‌مارکت شبانه
1404/12/20,SKU00037,تن ماهی ۱۸۰ گرمی,عدد,27,150295,120773,4057965,فروشگاه زنجیره‌ای مهر
1404/12/20,SKU00038,لوبیا چیتی ۹۰۰ گرمی,عدد,11,127035,102881,1397385,تعاونی مصرف کارکنان
1404/12/20,SKU00039,عدس ۹۰۰ گرمی,عدد,12,109143,87672,1309716,سوپر مارکت البرز
1404/12/20,SKU00040,نخود ۹۰۰ گرمی,عدد,7,116300,93935,814100,سوپر مارکت البرز
1404/12/20,SKU00041,پنیر سفید ۴۰۰ گرمی,عدد,25,98408,78726,2460200,فروشگاه سپیدار
1404/12/20,SKU00042,شیر کم‌چرب ۱ لیتری,عدد,45,46520,37574,2093400,هایپر ستاره شهر
1404/12/20,SKU00043,ماست دبه ۲ کیلویی,عدد,19,183396,147612,3484524,فروشگاه یاس
1404/12/20,SKU00044,کره حیوانی ۱۰۰ گرمی,عدد,11,105565,84988,1161215,بقالی برادران احمدی
1404/12/20,SKU00045,مایع ظرفشویی ۳.۷۵ لیتری,عدد,12,196815,156558,2361780,فروشگاه امید
1404/12/20,SKU00046,پودر لباسشویی ۵ کیلویی,عدد,8,420469,344427,3363752,هایپر ستاره شهر
1404/12/20,SKU00047,دستمال کاغذی ۳۰۰ برگ,بسته,16,76042,60834,1216672,هایپر نیک
1404/12/20,SKU00048,شامپو ۹۰۰ میلی‌لیتری,عدد,5,239757,192342,1198785,هایپر نیک
1404/12/20,SKU00049,خمیر دندان ۱۰۰ گرمی,عدد,11,82305,64412,905355,هایپر نیک
1404/12/20,SKU00050,صابون بسته ۶ عددی,بسته,7,107354,85883,751478,سوپر مارکت البرز
1404/12/21,SKU00001,برنج ایرانی هاشمی ۱۰ کیلویی,کارتن,4,4029231,3402462,16116924,هایپر ستاره شهر
1404/12/21,SKU00027,برنج پاکستانی باسماتی ۱۰ کیلویی,کارتن,7,2372769,1880308,16609383,تعاونی مصرف کارکنان
1404/12/21,SKU00028,روغن آفتابگردان ۱.۸ لیتری,عدد,52,165646,134308,8613592,فروشگاه یاس
1404/12/21,SKU00029,روغن سرخ‌کردنی ۴.۵ لیتری,عدد,10,407400,340246,4074000,فروشگاه سپیدار
1404/12/21,SKU00030,شکر سفید ۹۰۰ گرمی,عدد,38,37606,31338,1429028,بقالی برادران احمدی
1404/12/21,SKU00031,چای کیسه‌ای ۱۰۰ عددی,عدد,9,219369,174600,1974321,تعاونی مصرف کارکنان
1404/12/21,SKU00032,قهوه فوری ۲۰۰ گرمی,عدد,7,465600,376062,3259200,کافه رستوران ونک
1404/12/21,SKU00033,نوشابه خانواده ۱.۵ لیتری,عدد,62,42978,34025,2664636,سوپرمارکت پارسیان
1404/12/21,SKU00034,آب معدنی ۱.۵ لیتری بسته ۶ عددی,بسته,47,85957,69840,4039979,سوپر مارکت البرز
1404/12/21,SKU00035,ماکارونی ۷۰۰ گرمی,عدد,20,46560,37606,931200,سوپر مارکت البرز
1404/12/21,SKU00036,رب گوجه ۸۰۰ گرمی,عدد,31,96702,78794,2997762,مینی‌مارکت نسیم
1404/12/21,SKU00037,تن ماهی ۱۸۰ گرمی,عدد,32,150425,120877,4813600,سوپرمارکت آفتاب
1404/12/21,SKU00038,لوبیا چیتی ۹۰۰ گرمی,عدد,14,127145,102969,1780030,فروشگاه زنجیره‌ای مهر
1404/12/21,SKU00039,عدس ۹۰۰ گرمی,عدد,15,109237,87748,1638555,فروشگاه گلستان
1404/12/21,SKU00040,نخود ۹۰۰ گرمی,عدد,6,116400,94015,698400,فروشگاه گلستان
1404/12/21,SKU00041,پنیر سفید ۴۰۰ گرمی,عدد,41,98492,78794,4038172,بوفه دانشگاه
1404/12/21,SKU00042,شیر کم‌چرب ۱ لیتری,عدد,66,46560,37606,3072960,کافه رستوران ونک
1404/12/21,SKU00043,ماست دبه ۲ کیلویی,عدد,21,183554,147738,3854634,بوفه دانشگاه
1404/12/21,SKU00044,کره حیوانی ۱۰۰ گرمی,عدد,20,105655,85062,2113100,فروشگاه سپیدار
1404/12/21,SKU00045,مایع ظرفشویی ۳.۷۵ لیتری,عدد,21,196985,156692,4136685,سوپر پروتئین سبز
1404/12/21,SKU00046,پودر لباسشویی ۵ کیلویی,عدد,5,420831,344723,2104155,فروشگاه رفاه محلی
1404/12/21,SKU00047,دستمال کاغذی ۳۰۰ برگ,بسته,14,76108,60886,1065512,فروشگاه رفاه محلی
1404/12/21,SKU00048,شامپو ۹۰۰ میلی‌لیتری,عدد,6,239963,192508,1439778,فروشگاه زنجیره‌ای مهر
1404/12/21,SKU00049,خمیر دندان ۱۰۰ گرمی,عدد,20,82375,64468,1647500,هایپر نیک
1404/12/21,SKU00050,صابون بسته ۶ عددی,بسته,17,107446,85957,1826582,سوپر مارکت البرز
1404/12/22,SKU00001,برنج ایرانی هاشمی ۱۰ کیلویی,کارتن,2,4032692,3405385,8065384,تعاونی مصرف کارکنان
1404/12/22,SKU00027,برنج پاکستانی باسماتی ۱۰ کیلویی,کارتن,1,2374808,1881923,2374808,تعاونی مصرف کارکنان
1404/12/22,SKU00028,روغن آفتابگردان ۱.۸ لیتری,عدد,16,165788,134423,2652608,تعاونی مصرف کارکنان
1404/12/22,SKU00029,روغن سرخ‌کردنی ۴.۵ لیتری,عدد,3,407750,340538,1223250,سوپر پروتئین سبز
1404/12/22,SKU00030,شکر سفید ۹۰۰ گرمی,عدد,9,37638,31365,338742,هایپر ستاره شهر
1404/12/22,SKU00031,چای کیسه‌ای ۱۰۰ عددی,عدد,4,219558,174750,878232,کافه رستوران ونک
1404/12/22,SKU00032,قهوه فوری ۲۰۰ گرمی,عدد,3,466000,376385,1398000,مینی‌مارکت نسیم
1404/12/22,SKU00033,نوشابه خانواده ۱.۵ لیتری,عدد,22,43015,34054,946330,مینی‌مارکت شبانه
1404/12/22,SKU00034,آب معدنی ۱.۵ لیتری بسته ۶ عددی,بسته,12,86031,69900,1032372,سوپرمارکت پارسیان
1404/12/22,SKU00035,ماکارونی ۷۰۰ گرمی,عدد,1,46600,37638,46600,تعاونی مصرف کارکنان
1404/12/22,SKU00036,رب گوجه ۸۰۰ گرمی,عدد,7,96785,78862,677495,هایپر ستاره شهر
1404/12/22,SKU00037,تن ماهی ۱۸۰ گرمی,عدد,10,150554,120981,1505540,سوپرمارکت پارسیان
1404/12/22,SKU00038,لوبیا چیتی ۹۰۰ گرمی,عدد,3,127254,103058,381762,بقالی برادران احمدی
1404/12/22,SKU00039,عدس ۹۰۰ گرمی,عدد,4,109331,87823,437324,فروشگاه سپیدار
1404/12/22,SKU00040,نخود ۹۰۰ گرمی,عدد,2,116500,94096,233000,فروشگاه یاس
1404/12/22,SKU00041,پنیر سفید ۴۰۰ گرمی,عدد,10,98577,78862,985770,هایپر نیک
1404/12/22,SKU00042,شیر کم‌چرب ۱ لیتری,عدد,22,46600,37638,1025200,فروشگاه امید
1404/12/22,SKU00043,ماست دبه ۲ کیلویی,عدد,10,183712,147865,1837120,فروشگاه سپیدار
1404/12/22,SKU00044,کره حیوانی ۱۰۰ گرمی,عدد,6,105746,85135,634476,سوپرمارکت پارسیان
1404/12/22,SKU00045,مایع ظرفشویی ۳.۷۵ لیتری,عدد,9,197154,156827,1774386,سوپرمارکت پارسیان
1404/12/22,SKU00046,پودر لباسشویی ۵ کیلویی,عدد,2,421192,345019,842384,فروشگاه امید
1404/12/22,SKU00047,دستمال کاغذی ۳۰۰ برگ,بسته,17,76173,60938,1294941,فروشگاه رفاه محلی
1404/12/22,SKU00048,شامپو ۹۰۰ میلی‌لیتری,عدد,1,240169,192673,240169,سوپرمارکت آفتاب
1404/12/22,SKU00049,خمیر دندان ۱۰۰ گرمی,عدد,6,82446,64523,494676,فروشگاه امید
1404/12/22,SKU00050,صابون بسته ۶ عددی,بسته,6,107538,86031,645228,مینی‌مارکت نسیم
1404/12/23,SKU00001,برنج ایرانی هاشمی ۱۰ کیلویی,کارتن,3,4036154,3408308,12108462,بقالی برادران احمدی
1404/12/23,SKU00027,برنج پاکستانی باسماتی ۱۰ کیلویی,کارتن,6,2376846,1883538,14261076,فروشگاه امید
1404/12/23,SKU00028,روغن آفتابگردان ۱.۸ لیتری,عدد,22,165931,134538,3650482,مینی‌مارکت نسیم
1404/12/23,SKU00029,روغن سرخ‌کردنی ۴.۵ لیتری,عدد,5,408100,340831,2040500,فروشگاه امید
1404/12/23,SKU00030,شکر سفید ۹۰۰ گرمی,عدد,40,37671,31392,1506840,فروشگاه گلستان
1404/12/23,SKU00031,چای کیسه‌ای ۱۰۰ عددی,عدد,10,219746,174900,2197460,مینی‌مارکت نسیم
1404/12/23,SKU00032,قهوه فوری ۲۰۰ گرمی,عدد,6,466400,376708,2798400,بقالی برادران احمدی
1404/12/23,SKU00033,نوشابه خانواده ۱.۵ لیتری,عدد,44,43052,34083,1894288,تعاونی مصرف کارکنان
1404/12/23,SKU00034,آب معدنی ۱.۵ لیتری بسته ۶ عددی,بسته,18,86105,69960,1549890,هایپر نیک
1404/12/23,SKU00035,ماکارونی ۷۰۰ گرمی,عدد,24,46640,37671,1119360,فروشگاه گلستان
1404/12/23,SKU00036,رب گوجه ۸۰۰ گرمی,عدد,13,96868,78929,1259284,بوفه دانشگاه
1404/12/23,SKU00037,تن ماهی ۱۸۰ گرمی,عدد,19,150683,121085,2862977,بوفه دانشگاه
1404/12/23,SKU00038,لوبیا چیتی ۹۰۰ گرمی,عدد,8,127363,103146,1018904,تعاونی مصرف کارکنان
1404/12/23,SKU00039,عدس ۹۰۰ گرمی,عدد,1,109425,87898,109425,سوپر مارکت البرز
1404/12/23,SKU00040,نخود ۹۰۰ گرمی,عدد,7,116600,94177,816200,سوپر مارکت البرز
1404/12/23,SKU00041,پنیر سفید ۴۰۰ گرمی,عدد,24,98662,78929,2367888,کافه رستوران ونک
1404/12/23,SKU00042,شیر کم‌چرب ۱ لیتری,عدد,32,46640,37671,1492480,مینی‌مارکت نسیم
1404/12/23,SKU00043,ماست دبه ۲ کیلویی,عدد,14,183869,147992,2574166,سوپرمارکت پارسیان
1404/12/23,SKU00044,کره حیوانی ۱۰۰ گرمی,عدد,10,105837,85208,1058370,سوپر پروتئین سبز
1404/12/23,SKU00045,مایع ظرفشویی ۳.۷۵ لیتری,عدد,11,197323,156962,2170553,مینی‌مارکت نسیم
1404/12/23,SKU00046,پودر لباسشویی ۵ کیلویی,عدد,7,421554,345315,2950878,تعاونی مصرف کارکنان
1404/12/23,SKU00047,دستمال کاغذی ۳۰۰ برگ,بسته,18,76238,60991,1372284,هایپر ستاره شهر
1404/12/23,SKU00048,شامپو ۹۰۰ میلی‌لیتری,عدد,7,240375,192838,1682625,سوپر مارکت البرز
1404/12/23,SKU00049,خمیر دندان ۱۰۰ گرمی,عدد,16,82517,64578,1320272,سوپر مارکت البرز
1404/12/23,SKU00050,صابون بسته ۶ عددی,بسته,3,107631,86105,322893,تعاونی مصرف کارکنان
1404/12/24,SKU00001,برنج ایرانی هاشمی ۱۰ کیلویی,کارتن,1,4039615,3411231,4039615,کافه رستوران ونک
1404/12/24,SKU00027,برنج پاکستانی باسماتی ۱۰ کیلویی,کارتن,4,2378885,1885154,9515540,تعاونی مصرف کارکنان
1404/12/24,SKU00028,روغن آفتابگردان ۱.۸ لیتری,عدد,23,166073,134654,3819679,فروشگاه گلستان
1404/12/24,SKU00029,روغن سرخ‌کردنی ۴.۵ لیتری,عدد,8,408450,341123,3267600,هایپر نیک
1404/12/24,SKU00030,شکر سفید ۹۰۰ گرمی,عدد,30,37703,31419,1131090,فروشگاه رفاه محلی
1404/12/24,SKU00031,چای کیسه‌ای ۱۰۰ عددی,عدد,10,219935,175050,2199350,بقالی برادران احمدی
1404/12/24,SKU00032,قهوه فوری ۲۰۰ گرمی,عدد,4,466800,377031,1867200,بوفه دانشگاه
1404/12/24,SKU00033,نوشابه خانواده ۱.۵ لیتری,عدد,71,43089,34112,3059319,فروشگاه امید
1404/12/24,SKU00034,آب معدنی ۱.۵ لیتری بسته ۶ عددی,بسته,20,86178,70020,1723560,فروشگاه گلستان
1404/12/24,SKU00035,ماکارونی ۷۰۰ گرمی,عدد,39,46680,37703,1820520,سوپر مارکت البرز
1404/12/24,SKU00036,رب گوجه ۸۰۰ گرمی,عدد,16,96951,78997,1551216,فروشگاه گلستان
1404/12/24,SKU00037,تن ماهی ۱۸۰ گرمی,عدد,15,150812,121188,2262180,تعاونی مصرف کارکنان
1404/12/24,SKU00038,لوبیا چیتی ۹۰۰ گرمی,عدد,6,127472,103235,764832,فروشگاه یاس
1404/12/24,SKU00039,عدس ۹۰۰ گرمی,عدد,9,109518,87974,985662,فروشگاه یاس
1404/12/24,SKU00040,نخود ۹۰۰ گرمی,عدد,7,116700,94258,816900,فروشگاه گلستان
1404/12/24,SKU00041,پنیر سفید ۴۰۰ گرمی,عدد,23,98746,78997,2271158,بقالی برادران احمدی
1404/12/24,SKU00042,شیر کم‌چرب ۱ لیتری,عدد,18,46680,37703,840240,کافه رستوران ونک
1404/12/24,SKU00043,ماست دبه ۲ کیلویی,عدد,17,184027,148119,3128459,هایپر ستاره شهر
1404/12/24,SKU00044,کره حیوانی ۱۰۰ گرمی,عدد,17,105928,85281,1800776,مینی‌مارکت نسیم
1404/12/24,SKU00045,مایع ظرفشویی ۳.۷۵ لیتری,عدد,12,197492,157096,2369904,فروشگاه امید
1404/12/24,SKU00046,پودر لباسشویی ۵ کیلویی,عدد,2,421915,345612,843830,فروشگاه سپیدار
1404/12/24,SKU00047,دستمال کاغذی ۳۰۰ برگ,بسته,21,76304,61043,1602384,فروشگاه زنجیره‌ای مهر
1404/12/24,SKU00048,شامپو ۹۰۰ میلی‌لیتری,عدد,6,240582,193004,1443492,بقالی برادران احمدی
1404/12/24,SKU00049,خمیر دندان ۱۰۰ گرمی,عدد,14,82588,64634,1156232,کافه رستوران ونک
1404/12/24,SKU00050,صابون بسته ۶ عددی,بسته,10,107723,86178,1077230,فروشگاه یاس
1404/12/25,SKU00001,برنج ایرانی هاشمی ۱۰ کیلویی,کارتن,2,4043077,3414154,8086154,سوپرمارکت آفتاب
1404/12/25,SKU00027,برنج پاکستانی باسماتی ۱۰ کیلویی,کارتن,4,2380923,1886769,9523692,کافه رستوران ونک
1404/12/25,SKU00028,روغن آفتابگردان ۱.۸ لیتری,عدد,28,166215,134769,4654020,کافه رستوران ونک
1404/12/25,SKU00029,روغن سرخ‌کردنی ۴.۵ لیتری,عدد,7,408800,341415,2861600,فروشگاه زنجیره‌ای مهر
1404/12/25,SKU00030,شکر سفید ۹۰۰ گرمی,عدد,20,37735,31446,754700,فروشگاه رفاه محلی
1404/12/25,SKU00031,چای کیسه‌ای ۱۰۰ عددی,عدد,6,220123,175200,1320738,فروشگاه زنجیره‌ای مهر
1404/12/25,SKU00032,قهوه فوری ۲۰۰ گرمی,عدد,3,467200,377354,1401600,مینی‌مارکت نسیم
1404/12/25,SKU00033,نوشابه خانواده ۱.۵ لیتری,عدد,51,43126,34142,2199426,تعاونی مصرف کارکنان
1404/12/25,SKU00034,آب معدنی ۱.۵ لیتری بسته ۶ عددی,بسته,24,86252,70080,2070048,هایپر ستاره شهر
1404/12/25,SKU00035,ماکارونی ۷۰۰ گرمی,عدد,30,46720,37735,1401600,فروشگاه رفاه محلی
1404/12/25,SKU00036,رب گوجه ۸۰۰ گرمی,عدد,2,97034,79065,194068,سوپر پروتئین سبز
1404/12/25,SKU00037,تن ماهی ۱۸۰ گرمی,عدد,13,150942,121292,1962246,مینی‌مارکت نسیم
1404/12/25,SKU00038,لوبیا چیتی ۹۰۰ گرمی,عدد,8,127582,103323,1020656,بوفه دانشگاه
1404/12/25,SKU00039,عدس ۹۰۰ گرمی,عدد,4,109612,88049,438448,هایپر ستاره شهر
1404/12/25,SKU00040,نخود ۹۰۰ گرمی,عدد,5,116800,94338,584000,سوپرمارکت پارسیان
1404/12/25,SKU00041,پنیر سفید ۴۰۰ گرمی,عدد,26,98831,79065,2569606,مینی‌مارکت شبانه
1404/12/25,SKU00042,شیر کم‌چرب ۱ لیتری,عدد,29,46720,37735,1354880,سوپر پروتئین سبز
1404/12/25,SKU00043,ماست دبه ۲ کیلویی,عدد,16,184185,148246,2946960,تعاونی مصرف کارکنان
1404/12/25,SKU00044,کره حیوانی ۱۰۰ گرمی,عدد,13,106018,85354,1378234,تعاونی مصرف کارکنان
1404/12/25,SKU00045,مایع ظرفشویی ۳.۷۵ لیتری,عدد,6,197662,157231,1185972,بقالی برادران احمدی
1404/12/25,SKU00046,پودر لباسشویی ۵ کیلویی,عدد,5,422277,345908,2111385,سوپرمارکت پارسیان
1404/12/25,SKU00047,دستمال کاغذی ۳۰۰ برگ,بسته,22,76369,61095,1680118,فروشگاه سپیدار
1404/12/25,SKU00048,شامپو ۹۰۰ میلی‌لیتری,عدد,7,240788,193169,1685516,سوپرمارکت آفتاب
1404/12/25,SKU00049,خمیر دندان ۱۰۰ گرمی,عدد,12,82658,64689,991896,فروشگاه امید
1404/12/25,SKU00050,صابون بسته ۶ عددی,بسته,11,107815,86252,1185965,بوفه دانشگاه
1404/12/26,SKU00001,برنج ایرانی هاشمی ۱۰ کیلویی,کارتن,1,4046538,3417077,4046538,فروشگاه رفاه محلی
1404/12/26,SKU00027,برنج پاکستانی باسماتی ۱۰ کیلویی,کارتن,4,2382962,1888385,9531848,بقالی برادران احمدی
1404/12/26,SKU00028,روغن آفتابگردان ۱.۸ لیتری,عدد,37,166358,134885,6155246,فروشگاه رفاه محلی
1404/12/26,SKU00029,روغن سرخ‌کردنی ۴.۵ لیتری,عدد,6,409150,341708,2454900,سوپرمارکت پارسیان
1404/12/26,SKU00030,شکر سفید ۹۰۰ گرمی,عدد,18,37768,31473,679824,سوپر پروتئین سبز
1404/12/26,SKU00031,چای کیسه‌ای ۱۰۰ عددی,عدد,13,220312,175350,2864056,هایپر ستاره شهر
1404/12/26,SKU00032,قهوه فوری ۲۰۰ گرمی,عدد,4,467600,377677,1870400,فروشگاه امید
1404/12/26,SKU00033,نوشابه خانواده ۱.۵ لیتری,عدد,43,43163,34171,1856009,هایپر ستاره شهر
1404/12/26,SKU00034,آب معدنی ۱.۵ لیتری بسته ۶ عددی,بسته,22,86326,70140,1899172,مینی‌مارکت شبانه
1404/12/26,SKU00035,ماکارونی ۷۰۰ گرمی,عدد,15,46760,37768,701400,فروشگاه رفاه محلی
1404/12/26,SKU00036,رب گوجه ۸۰۰ گرمی,عدد,14,97117,79132,1359638,هایپر نیک
1404/12/26,SKU00037,تن ماهی ۱۸۰ گرمی,عدد,11,151071,121396,1661781,کافه رستوران ونک
1404/12/26,SKU00038,لوبیا چیتی ۹۰۰ گرمی,عدد,9,127691,103412,1149219,فروشگاه یاس
1404/12/26,SKU00039,عدس ۹۰۰ گرمی,عدد,5,109706,88125,548530,فروشگاه امید
1404/12/26,SKU00040,نخود ۹۰۰ گرمی,عدد,2,116900,94419,233800,هایپر ستاره شهر
1404/12/26,SKU00041,پنیر سفید ۴۰۰ گرمی,عدد,21,98915,79132,2077215,سوپر پروتئین سبز
1404/12/26,SKU00042,شیر کم‌چرب ۱ لیتری,عدد,40,46760,37768,1870400,سوپر مارکت البرز
1404/12/26,SKU00043,ماست دبه ۲ کیلویی,عدد,25,184342,148373,4608550,فروشگاه زنجیره‌ای مهر
1404/12/26,SKU00044,کره حیوانی ۱۰۰ گرمی,عدد,6,106109,85427,636654,فروشگاه رفاه محلی
1404/12/26,SKU00045,مایع ظرفشویی ۳.۷۵ لیتری,عدد,10,197831,157365,1978310,فروشگاه گلستان
1404/12/26,SKU00046,پودر لباسشویی ۵ کیلویی,عدد,2,422638,346204,845276,هایپر ستاره شهر
1404/12/26,SKU00047,دستمال کاغذی ۳۰۰ برگ,بسته,25,76435,61148,1910875,فروشگاه سپیدار
1404/12/26,SKU00048,شامپو ۹۰۰ میلی‌لیتری,عدد,7,240994,193335,1686958,فروشگاه گلستان
1404/12/26,SKU00049,خمیر دندان ۱۰۰ گرمی,عدد,13,82729,64745,1075477,بقالی برادران احمدی
1404/12/26,SKU00050,صابون بسته ۶ عددی,بسته,8,107908,86326,863264,فروشگاه رفاه محلی
1404/12/27,SKU00001,برنج ایرانی هاشمی ۱۰ کیلویی,کارتن,4,4050000,3420000,16200000,فروشگاه گلستان
1404/12/27,SKU00027,برنج پاکستانی باسماتی ۱۰ کیلویی,کارتن,5,2385000,1890000,11925000,فروشگاه امید
1404/12/27,SKU00028,روغن آفتابگردان ۱.۸ لیتری,عدد,36,166500,135000,5994000,تعاونی مصرف کارکنان
1404/12/27,SKU00029,روغن سرخ‌کردنی ۴.۵ لیتری,عدد,5,409500,342000,2047500,هایپر نیک
1404/12/27,SKU00030,شکر سفید ۹۰۰ گرمی,عدد,30,37800,31500,1134000,فروشگاه گلستان
1404/12/27,SKU00031,چای کیسه‌ای ۱۰۰ عددی,عدد,10,220500,175500,2205000,فروشگاه سپیدار
1404/12/27,SKU00032,قهوه فوری ۲۰۰ گرمی,عدد,6,468000,378000,2808000,بوفه دانشگاه
1404/12/27,SKU00033,نوشابه خانواده ۱.۵ لیتری,عدد,54,43200,34200,2332800,فروشگاه سپیدار
1404/12/27,SKU00034,آب معدنی ۱.۵ لیتری بسته ۶ عددی,بسته,27,86400,70200,2332800,فروشگاه یاس
1404/12/27,SKU00035,ماکارونی ۷۰۰ گرمی,عدد,10,46800,37800,468000,سوپرمارکت آفتاب
1404/12/27,SKU00036,رب گوجه ۸۰۰ گرمی,عدد,8,97200,79200,777600,بقالی برادران احمدی
1404/12/27,SKU00037,تن ماهی ۱۸۰ گرمی,عدد,23,151200,121500,3477600,کافه رستوران ونک
1404/12/27,SKU00038,لوبیا چیتی ۹۰۰ گرمی,عدد,15,127800,103500,1917000,فروشگاه یاس
1404/12/27,SKU00039,عدس ۹۰۰ گرمی,عدد,5,109800,88200,549000,مینی‌مارکت شبانه
1404/12/27,SKU00040,نخود ۹۰۰ گرمی,عدد,4,117000,94500,468000,سوپرمارکت پارسیان
1404/12/27,SKU00041,پنیر سفید ۴۰۰ گرمی,عدد,19,99000,79200,1881000,هایپر نیک
1404/12/27,SKU00042,شیر کم‌چرب ۱ لیتری,عدد,27,46800,37800,1263600,فروشگاه یاس
1404/12/27,SKU00043,ماست دبه ۲ کیلویی,عدد,20,184500,148500,3690000,فروشگاه رفاه محلی
1404/12/27,SKU00044,کره حیوانی ۱۰۰ گرمی,عدد,10,106200,85500,1062000,بوفه دانشگاه
1404/12/27,SKU00045,مایع ظرفشویی ۳.۷۵ لیتری,عدد,9,198000,157500,1782000,فروشگاه رفاه محلی
1404/12/27,SKU00046,پودر لباسشویی ۵ کیلویی,عدد,5,423000,346500,2115000,مینی‌مارکت شبانه
1404/12/27,SKU00047,دستمال کاغذی ۳۰۰ برگ,بسته,25,76500,61200,1912500,فروشگاه امید
1404/12/27,SKU00048,شامپو ۹۰۰ میلی‌لیتری,عدد,6,241200,193500,1447200,مینی‌مارکت شبانه
1404/12/27,SKU00049,خمیر دندان ۱۰۰ گرمی,عدد,15,82800,64800,1242000,تعاونی مصرف کارکنان
1404/12/27,SKU00050,صابون بسته ۶ عددی,بسته,12,108000,86400,1296000,هایپر نیک
1404/12/28,SKU00001,برنج ایرانی هاشمی ۱۰ کیلویی,کارتن,3,4053462,3422923,12160386,هایپر نیک
1404/12/28,SKU00027,برنج پاکستانی باسماتی ۱۰ کیلویی,کارتن,7,2387038,1891615,16709266,فروشگاه زنجیره‌ای مهر
1404/12/28,SKU00028,روغن آفتابگردان ۱.۸ لیتری,عدد,47,166642,135115,7832174,سوپر مارکت البرز
1404/12/28,SKU00029,روغن سرخ‌کردنی ۴.۵ لیتری,عدد,8,409850,342292,3278800,فروشگاه رفاه محلی
1404/12/28,SKU00030,شکر سفید ۹۰۰ گرمی,عدد,31,37832,31527,1172792,بوفه دانشگاه
1404/12/28,SKU00031,چای کیسه‌ای ۱۰۰ عددی,عدد,23,220688,175650,5075824,مینی‌مارکت نسیم
1404/12/28,SKU00032,قهوه فوری ۲۰۰ گرمی,عدد,6,468400,378323,2810400,سوپرمارکت آفتاب
1404/12/28,SKU00033,نوشابه خانواده ۱.۵ لیتری,عدد,84,43237,34229,3631908,فروشگاه امید
1404/12/28,SKU00034,آب معدنی ۱.۵ لیتری بسته ۶ عددی,بسته,16,86474,70260,1383584,فروشگاه زنجیره‌ای مهر
1404/12/28,SKU00035,ماکارونی ۷۰۰ گرمی,عدد,28,46840,37832,1311520,فروشگاه زنجیره‌ای مهر
1404/12/28,SKU00036,رب گوجه ۸۰۰ گرمی,عدد,19,97283,79268,1848377,فروشگاه زنجیره‌ای مهر
1404/12/28,SKU00037,تن ماهی ۱۸۰ گرمی,عدد,30,151329,121604,4539870,سوپر مارکت البرز
1404/12/28,SKU00038,لوبیا چیتی ۹۰۰ گرمی,عدد,18,127909,103588,2302362,فروشگاه یاس
1404/12/28,SKU00039,عدس ۹۰۰ گرمی,عدد,9,109894,88275,989046,فروشگاه گلستان
1404/12/28,SKU00040,نخود ۹۰۰ گرمی,عدد,8,117100,94581,936800,بوفه دانشگاه
1404/12/28,SKU00041,پنیر سفید ۴۰۰ گرمی,عدد,37,99085,79268,3666145,هایپر ستاره شهر
1404/12/28,SKU00042,شیر کم‌چرب ۱ لیتری,عدد,49,46840,37832,2295160,هایپر ستاره شهر
1404/12/28,SKU00043,ماست دبه ۲ کیلویی,عدد,22,184658,148627,4062476,تعاونی مصرف کارکنان
1404/12/28,SKU00044,کره حیوانی ۱۰۰ گرمی,عدد,19,106291,85573,2019529,هایپر نیک
1404/12/28,SKU00045,مایع ظرفشویی ۳.۷۵ لیتری,عدد,15,198169,157635,2972535,سوپرمارکت آفتاب
1404/12/28,SKU00046,پودر لباسشویی ۵ کیلویی,عدد,8,423362,346796,3386896,هایپر نیک
1404/12/28,SKU00047,دستمال کاغذی ۳۰۰ برگ,بسته,34,76565,61252,2603210,سوپر پروتئین سبز
1404/12/28,SKU00048,شامپو ۹۰۰ میلی‌لیتری,عدد,8,241406,193665,1931248,هایپر نیک
1404/12/28,SKU00049,خمیر دندان ۱۰۰ گرمی,عدد,18,82871,64855,1491678,سوپرمارکت پارسیان
1404/12/28,SKU00050,صابون بسته ۶ عددی,بسته,16,108092,86474,1729472,سوپرمارکت پارسیان
1404/12/29,SKU00001,برنج ایرانی هاشمی ۱۰ کیلویی,کارتن,1,4056923,3425846,4056923,فروشگاه یاس
1404/12/29,SKU00027,برنج پاکستانی باسماتی ۱۰ کیلویی,کارتن,3,2389077,1893231,7167231,فروشگاه یاس
1404/12/29,SKU00028,روغن آفتابگردان ۱.۸ لیتری,عدد,9,166785,135231,1501065,فروشگاه یاس
1404/12/29,SKU00029,روغن سرخ‌کردنی ۴.۵ لیتری,عدد,5,410200,342585,2051000,فروشگاه گلستان
1404/12/29,SKU00030,شکر سفید ۹۰۰ گرمی,عدد,20,37865,31554,757300,سوپر مارکت البرز
1404/12/29,SKU00031,چای کیسه‌ای ۱۰۰ عددی,عدد,4,220877,175800,883508,هایپر نیک
1404/12/29,SKU00032,قهوه فوری ۲۰۰ گرمی,عدد,2,468800,378646,937600,کافه رستوران ونک
1404/12/29,SKU00033,نوشابه خانواده ۱.۵ لیتری,عدد,35,43274,34258,1514590,هایپر نیک
1404/12/29,SKU00034,آب معدنی ۱.۵ لیتری بسته ۶ عددی,بسته,18,86548,70320,1557864,بقالی برادران احمدی
1404/12/29,SKU00035,ماکارونی ۷۰۰ گرمی,عدد,18,46880,37865,843840,فروشگاه امید
1404/12/29,SKU00036,رب گوجه ۸۰۰ گرمی,عدد,11,97366,79335,1071026,هایپر ستاره شهر
1404/12/29,SKU00037,تن ماهی ۱۸۰ گرمی,عدد,12,151458,121708,1817496,هایپر نیک
1404/12/29,SKU00038,لوبیا چیتی ۹۰۰ گرمی,عدد,3,128018,103677,384054,سوپر مارکت البرز
1404/12/29,SKU00039,عدس ۹۰۰ گرمی,عدد,7,109988,88351,769916,سوپر مارکت البرز
1404/12/29,SKU00040,نخود ۹۰۰ گرمی,عدد,4,117200,94662,468800,هایپر ستاره شهر
1404/12/29,SKU00041,پنیر سفید ۴۰۰ گرمی,عدد,12,99169,79335,1190028,فروشگاه سپیدار
1404/12/29,SKU00042,شیر کم‌چرب ۱ لیتری,عدد,19,46880,37865,890720,هایپر ستاره شهر
1404/12/29,SKU00043,ماست دبه ۲ کیلویی,عدد,8,184815,148754,1478520,کافه رستوران ونک
1404/12/29,SKU00044,کره حیوانی ۱۰۰ گرمی,عدد,5,106382,85646,531910,فروشگاه گلستان
1404/12/29,SKU00045,مایع ظرفشویی ۳.۷۵ لیتری,عدد,5,198338,157769,991690,بقالی برادران احمدی
1404/12/29,SKU00046,پودر لباسشویی ۵ کیلویی,عدد,3,423723,347092,1271169,کافه رستوران ونک
1404/12/29,SKU00047,دستمال کاغذی ۳۰۰ برگ,بسته,12,76631,61305,919572,فروشگاه یاس
1404/12/29,SKU00048,شامپو ۹۰۰ میلی‌لیتری,عدد,3,241612,193831,724836,سوپرمارکت آفتاب
1404/12/29,SKU00049,خمیر دندان ۱۰۰ گرمی,عدد,8,82942,64911,663536,سوپرمارکت آفتاب
1404/12/29,SKU00050,صابون بسته ۶ عددی,بسته,5,108185,86548,540925,سوپرمارکت پارسیان
1405/01/01,SKU00001,برنج ایرانی هاشمی ۱۰ کیلویی,کارتن,2,4060385,3428769,8120770,بوفه دانشگاه
1405/01/01,SKU00027,برنج پاکستانی باسماتی ۱۰ کیلویی,کارتن,3,2391115,1894846,7173345,فروشگاه رفاه محلی
1405/01/01,SKU00028,روغن آفتابگردان ۱.۸ لیتری,عدد,23,166927,135346,3839321,بوفه دانشگاه
1405/01/01,SKU00029,روغن سرخ‌کردنی ۴.۵ لیتری,عدد,9,410550,342877,3694950,فروشگاه سپیدار
1405/01/01,SKU00030,شکر سفید ۹۰۰ گرمی,عدد,29,37897,31581,1099013,هایپر ستاره شهر
1405/01/01,SKU00031,چای کیسه‌ای ۱۰۰ عددی,عدد,11,221065,175950,2431715,فروشگاه امید
1405/01/01,SKU00032,قهوه فوری ۲۰۰ گرمی,عدد,5,469200,378969,2346000,سوپرمارکت پارسیان
1405/01/01,SKU00033,نوشابه خانواده ۱.۵ لیتری,عدد,57,43311,34288,2468727,بقالی برادران احمدی
1405/01/01,SKU00034,آب معدنی ۱.۵ لیتری بسته ۶ عددی,بسته,15,86622,70380,1299330,کافه رستوران ونک
1405/01/01,SKU00035,ماکارونی ۷۰۰ گرمی,عدد,40,46920,37897,1876800,بوفه دانشگاه
1405/01/01,SKU00036,رب گوجه ۸۰۰ گرمی,عدد,18,97449,79403,1754082,مینی‌مارکت شبانه
1405/01/01,SKU00037,تن ماهی ۱۸۰ گرمی,عدد,8,151588,121812,1212704,فروشگاه زنجیره‌ای مهر
1405/01/01,SKU00038,لوبیا چیتی ۹۰۰ گرمی,عدد,9,128128,103765,1153152,هایپر ستاره شهر
1405/01/01,SKU00039,عدس ۹۰۰ گرمی,عدد,11,110082,88426,1210902,سوپر مارکت البرز
1405/01/01,SKU00040,نخود ۹۰۰ گرمی,عدد,8,117300,94742,938400,تعاونی مصرف کارکنان
1405/01/01,SKU00041,پنیر سفید ۴۰۰ گرمی,عدد,24,99254,79403,2382096,مینی‌مارکت نسیم
1405/01/01,SKU00042,شیر کم‌چرب ۱ لیتری,عدد,32,46920,37897,1501440,بقالی برادران احمدی
1405/01/01,SKU00043,ماست دبه ۲ کیلویی,عدد,17,184973,148881,3144541,بوفه دانشگاه
1405/01/01,SKU00044,کره حیوانی ۱۰۰ گرمی,عدد,8,106472,85719,851776,تعاونی مصرف کارکنان
1405/01/01,SKU00045,مایع ظرفشویی ۳.۷۵ لیتری,عدد,14,198508,157904,2779112,فروشگاه سپیدار
1405/01/01,SKU00046,پودر لباسشویی ۵ کیلویی,عدد,5,424085,347388,2120425,فروشگاه یاس
1405/01/01,SKU00047,دستمال کاغذی ۳۰۰ برگ,بسته,29,76696,61357,2224184,هایپر نیک
1405/01/01,SKU00048,شامپو ۹۰۰ میلی‌لیتری,عدد,9,241818,193996,2176362,مینی‌مارکت نسیم
1405/01/01,SKU00049,خمیر دندان ۱۰۰ گرمی,عدد,12,83012,64966,996144,سوپرمارکت آفتاب
1405/01/01,SKU00050,صابون بسته ۶ عددی,بسته,12,108277,86622,1299324,هایپر ستاره شهر
1405/01/02,SKU00001,برنج ایرانی هاشمی ۱۰ کیلویی,کارتن,2,4063846,3431692,8127692,بوفه دانشگاه
1405/01/02,SKU00027,برنج پاکستانی باسماتی ۱۰ کیلویی,کارتن,4,2393154,1896462,9572616,سوپرمارکت پارسیان
1405/01/02,SKU00028,روغن آفتابگردان ۱.۸ لیتری,عدد,20,167069,135462,3341380,سوپر پروتئین سبز
1405/01/02,SKU00029,روغن سرخ‌کردنی ۴.۵ لیتری,عدد,3,410900,343169,1232700,مینی‌مارکت نسیم
1405/01/02,SKU00030,شکر سفید ۹۰۰ گرمی,عدد,33,37929,31608,1251657,فروشگاه یاس
1405/01/02,SKU00031,چای کیسه‌ای ۱۰۰ عددی,عدد,12,221254,176100,2655048,فروشگاه یاس
1405/01/02,SKU00032,قهوه فوری ۲۰۰ گرمی,عدد,7,469600,379292,3287200,فروشگاه امید
1405/01/02,SKU00033,نوشابه خانواده ۱.۵ لیتری,عدد,44,43348,34317,1907312,سوپر مارکت البرز
1405/01/02,SKU00034,آب معدنی ۱.۵ لیتری بسته ۶ عددی,بسته,12,86695,70440,1040340,هایپر ستاره شهر
1405/01/02,SKU00035,ماکارونی ۷۰۰ گرمی,عدد,32,46960,37929,1502720,سوپرمارکت پارسیان
1405/01/02,SKU00036,رب گوجه ۸۰۰ گرمی,عدد,18,97532,79471,1755576,تعاونی مصرف کارکنان
1405/01/02,SKU00037,تن ماهی ۱۸۰ گرمی,عدد,16,151717,121915,2427472,فروشگاه رفاه محلی
1405/01/02,SKU00038,لوبیا چیتی ۹۰۰ گرمی,عدد,12,128237,103854,1538844,فروشگاه زنجیره‌ای مهر
1405/01/02,SKU00039,عدس ۹۰۰ گرمی,عدد,9,110175,88502,991575,سوپرمارکت آفتاب
1405/01/02,SKU00040,نخود ۹۰۰ گرمی,عدد,7,117400,94823,821800,کافه رستوران ونک
1405/01/02,SKU00041,پنیر سفید ۴۰۰ گرمی,عدد,14,99338,79471,1390732,فروشگاه امید
1405/01/02,SKU00042,شیر کم‌چرب ۱ لیتری,عدد,32,46960,37929,1502720,مینی‌مارکت نسیم
1405/01/02,SKU00043,ماست دبه ۲ کیلویی,عدد,18,185131,149008,3332358,فروشگاه سپیدار
1405/01/02,SKU00044,کره حیوانی ۱۰۰ گرمی,عدد,12,106563,85792,1278756,هایپر نیک
1405/01/02,SKU00045,مایع ظرفشویی ۳.۷۵ لیتری,عدد,13,198677,158038,2582801,بوفه دانشگاه
1405/01/02,SKU00046,پودر لباسشویی ۵ کیلویی,عدد,4,424446,347685,1697784,سوپر مارکت البرز
1405/01/02,SKU00047,دستمال کاغذی ۳۰۰ برگ,بسته,17,76762,61409,1304954,فروشگاه گلستان
1405/01/02,SKU00048,شامپو ۹۰۰ میلی‌لیتری,عدد,4,242025,194162,968100,فروشگاه گلستان
1405/01/02,SKU00049,خمیر دندان ۱۰۰ گرمی,عدد,13,83083,65022,1080079,هایپر ستاره شهر
1405/01/02,SKU00050,صابون بسته ۶ عددی,بسته,3,108369,86695,325107,فروشگاه زنجیره‌ای مهر
1405/01/03,SKU00001,برنج ایرانی هاشمی ۱۰ کیلویی,کارتن,3,4067308,3434615,12201924,بوفه دانشگاه
1405/01/03,SKU00027,برنج پاکستانی باسماتی ۱۰ کیلویی,کارتن,2,2395192,1898077,4790384,سوپر مارکت البرز
1405/01/03,SKU00028,روغن آفتابگردان ۱.۸ لیتری,عدد,35,167212,135577,5852420,فروشگاه زنجیره‌ای مهر
1405/01/03,SKU00029,روغن سرخ‌کردنی ۴.۵ لیتری,عدد,5,411250,343462,2056250,فروشگاه زنجیره‌ای مهر
1405/01/03,SKU00030,شکر سفید ۹۰۰ گرمی,عدد,30,37962,31635,1138860,سوپر مارکت البرز
1405/01/03,SKU00031,چای کیسه‌ای ۱۰۰ عددی,عدد,9,221442,176250,1992978,فروشگاه زنجیره‌ای مهر
1405/01/03,SKU00032,قهوه فوری ۲۰۰ گرمی,عدد,5,470000,379615,2350000,فروشگاه رفاه محلی
1405/01/03,SKU00033,نوشابه خانواده ۱.۵ لیتری,عدد,33,43385,34346,1431705,فروشگاه امید
1405/01/03,SKU00034,آب معدنی ۱.۵ لیتری بسته ۶ عددی,بسته,17,86769,70500,1475073,فروشگاه رفاه محلی
1405/01/03,SKU00035,ماکارونی ۷۰۰ گرمی,عدد,25,47000,37962,1175000,هایپر ستاره شهر
1405/01/03,SKU00036,رب گوجه ۸۰۰ گرمی,عدد,8,97615,79538,780920,فروشگاه رفاه محلی
1405/01/03,SKU00037,تن ماهی ۱۸۰ گرمی,عدد,17,151846,122019,2581382,مینی‌مارکت نسیم
1405/01/03,SKU00038,لوبیا چیتی ۹۰۰ گرمی,عدد,14,128346,103942,1796844,بوفه دانشگاه
1405/01/03,SKU00039,عدس ۹۰۰ گرمی,عدد,3,110269,88577,330807,بوفه دانشگاه
1405/01/03,SKU00040,نخود ۹۰۰ گرمی,عدد,6,117500,94904,705000,سوپرمارکت پارسیان
1405/01/03,SKU00041,پنیر سفید ۴۰۰ گرمی,عدد,30,99423,79538,2982690,بقالی برادران احمدی
1405/01/03,SKU00042,شیر کم‌چرب ۱ لیتری,عدد,26,47000,37962,1222000,فروشگاه سپیدار
1405/01/03,SKU00043,ماست دبه ۲ کیلویی,عدد,9,185288,149135,1667592,مینی‌مارکت نسیم
1405/01/03,SKU00044,کره حیوانی ۱۰۰ گرمی,عدد,10,106654,85865,1066540,هایپر نیک
1405/01/03,SKU00045,مایع ظرفشویی ۳.۷۵ لیتری,عدد,11,198846,158173,2187306,مینی‌مارکت نسیم
1405/01/03,SKU00046,پودر لباسشویی ۵ کیلویی,عدد,4,424808,347981,1699232,سوپر پروتئین سبز
1405/01/03,SKU00047,دستمال کاغذی ۳۰۰ برگ,بسته,26,76827,61462,1997502,فروشگاه رفاه محلی
1405/01/03,SKU00048,شامپو ۹۰۰ میلی‌لیتری,عدد,5,242231,194327,1211155,فروشگاه رفاه محلی
1405/01/03,SKU00049,خمیر دندان ۱۰۰ گرمی,عدد,7,83154,65077,582078,کافه رستوران ونک
1405/01/03,SKU00050,صابون بسته ۶ عددی,بسته,10,108462,86769,1084620,سوپرمارکت پارسیان
1405/01/04,SKU00001,برنج ایرانی هاشمی ۱۰ کیلویی,کارتن,2,4070769,3437538,8141538,بوفه دانشگاه
1405/01/04,SKU00027,برنج پاکستانی باسماتی ۱۰ کیلویی,کارتن,4,2397231,1899692,9588924,فروشگاه زنجیره‌ای مهر
1405/01/04,SKU00028,روغن آفتابگردان ۱.۸ لیتری,عدد,29,167354,135692,4853266,بقالی برادران احمدی
1405/01/04,SKU00029,روغن سرخ‌کردنی ۴.۵ لیتری,عدد,7,411600,343754,2881200,هایپر نیک
1405/01/04,SKU00030,شکر سفید ۹۰۰ گرمی,عدد,34,37994,31662,1291796,سوپر مارکت البرز
1405/01/04,SKU00031,چای کیسه‌ای ۱۰۰ عددی,عدد,10,221631,176400,2216310,سوپرمارکت آفتاب
1405/01/04,SKU00032,قهوه فوری ۲۰۰ گرمی,عدد,2,470400,379938,940800,فروشگاه زنجیره‌ای مهر
1405/01/04,SKU00033,نوشابه خانواده ۱.۵ لیتری,عدد,40,43422,34375,1736880,فروشگاه سپیدار
1405/01/04,SKU00034,آب معدنی ۱.۵ لیتری بسته ۶ عددی,بسته,21,86843,70560,1823703,سوپر مارکت البرز
1405/01/04,SKU00035,ماکارونی ۷۰۰ گرمی,عدد,26,47040,37994,1223040,سوپر مارکت البرز
1405/01/04,SKU00036,رب گوجه ۸۰۰ گرمی,عدد,6,97698,79606,586188,سوپرمارکت آفتاب
1405/01/04,SKU00037,تن ماهی ۱۸۰ گرمی,عدد,14,151975,122123,2127650,سوپرمارکت آفتاب
1405/01/04,SKU00038,لوبیا چیتی ۹۰۰ گرمی,عدد,12,128455,104031,1541460,مینی‌مارکت نسیم
1405/01/04,SKU00039,عدس ۹۰۰ گرمی,عدد,8,110363,88652,882904,تعاونی مصرف کارکنان
1405/01/04,SKU00040,نخود ۹۰۰ گرمی,عدد,5,117600,94985,588000,فروشگاه امید
1405/01/04,SKU00041,پنیر سفید ۴۰۰ گرمی,عدد,16,99508,79606,1592128,فروشگاه سپیدار
1405/01/04,SKU00042,شیر کم‌چرب ۱ لیتری,عدد,35,47040,37994,1646400,فروشگاه زنجیره‌ای مهر
1405/01/04,SKU00043,ماست دبه ۲ کیلویی,عدد,14,185446,149262,2596244,فروشگاه گلستان
1405/01/04,SKU00044,کره حیوانی ۱۰۰ گرمی,عدد,7,106745,85938,747215,فروشگاه یاس
1405/01/04,SKU00045,مایع ظرفشویی ۳.۷۵ لیتری,عدد,6,199015,158308,1194090,فروشگاه یاس
1405/01/04,SKU00046,پودر لباسشویی ۵ کیلویی,عدد,4,425169,348277,1700676,فروشگاه گلستان
1405/01/04,SKU00047,دستمال کاغذی ۳۰۰ برگ,بسته,17,76892,61514,1307164,هایپر ستاره شهر
1405/01/04,SKU00048,شامپو ۹۰۰ میلی‌لیتری,عدد,7,242437,194492,1697059,هایپر ستاره شهر
1405/01/04,SKU00049,خمیر دندان ۱۰۰ گرمی,عدد,24,83225,65132,1997400,سوپر پروتئین سبز
1405/01/04,SKU00050,صابون بسته ۶ عددی,بسته,13,108554,86843,1411202,هایپر نیک
1405/01/05,SKU00001,برنج ایرانی هاشمی ۱۰ کیلویی,کارتن,3,4074231,3440462,12222693,فروشگاه یاس
1405/01/05,SKU00027,برنج پاکستانی باسماتی ۱۰ کیلویی,کارتن,4,2399269,1901308,9597076,فروشگاه یاس
1405/01/05,SKU00028,روغن آفتابگردان ۱.۸ لیتری,عدد,29,167496,135808,4857384,سوپر مارکت البرز
1405/01/05,SKU00029,روغن سرخ‌کردنی ۴.۵ لیتری,عدد,6,411950,344046,2471700,بقالی برادران احمدی
1405/01/05,SKU00030,شکر سفید ۹۰۰ گرمی,عدد,27,38026,31688,1026702,هایپر ستاره شهر
1405/01/05,SKU00031,چای کیسه‌ای ۱۰۰ عددی,عدد,14,221819,176550,3105466,مینی‌مارکت نسیم
1405/01/05,SKU00032,قهوه فوری ۲۰۰ گرمی,عدد,6,470800,380262,2824800,فروشگاه امید
1405/01/05,SKU00033,نوشابه خانواده ۱.۵ لیتری,عدد,51,43458,34405,2216358,هایپر نیک
1405/01/05,SKU00034,آب معدنی ۱.۵ لیتری بسته ۶ عددی,بسته,24,86917,70620,2086008,مینی‌مارکت شبانه
1405/01/05,SKU00035,ماکارونی ۷۰۰ گرمی,عدد,24,47080,38026,1129920,سوپر مارکت البرز
1405/01/05,SKU00036,رب گوجه ۸۰۰ گرمی,عدد,13,97782,79674,1271166,سوپر پروتئین سبز
1405/01/05,SKU00037,تن ماهی ۱۸۰ گرمی,عدد,13,152105,122227,1977365,تعاونی مصرف کارکنان
1405/01/05,SKU00038,لوبیا چیتی ۹۰۰ گرمی,عدد,1,128565,104119,128565,فروشگاه سپیدار
1405/01/05,SKU00039,عدس ۹۰۰ گرمی,عدد,6,110457,88728,662742,هایپر ستاره شهر
1405/01/05,SKU00040,نخود ۹۰۰ گرمی,عدد,6,117700,95065,706200,کافه رستوران ونک
1405/01/05,SKU00041,پنیر سفید ۴۰۰ گرمی,عدد,21,99592,79674,2091432,فروشگاه گلستان
1405/01/05,SKU00042,شیر کم‌چرب ۱ لیتری,عدد,19,47080,38026,894520,هایپر نیک
1405/01/05,SKU00043,ماست دبه ۲ کیلویی,عدد,13,185604,149388,2412852,هایپر نیک
1405/01/05,SKU00044,کره حیوانی ۱۰۰ گرمی,عدد,5,106835,86012,534175,بقالی برادران احمدی
1405/01/05,SKU00045,مایع ظرفشویی ۳.۷۵ لیتری,عدد,12,199185,158442,2390220,کافه رستوران ونک
1405/01/05,SKU00046,پودر لباسشویی ۵ کیلویی,عدد,6,425531,348573,2553186,سوپر مارکت البرز
1405/01/05,SKU00047,دستمال کاغذی ۳۰۰ برگ,بسته,21,76958,61566,1616118,فروشگاه زنجیره‌ای مهر
1405/01/05,SKU00048,شامپو ۹۰۰ میلی‌لیتری,عدد,6,242643,194658,1455858,سوپر پروتئین سبز
1405/01/05,SKU00049,خمیر دندان ۱۰۰ گرمی,عدد,14,83295,65188,1166130,هایپر نیک
1405/01/05,SKU00050,صابون بسته ۶ عددی,بسته,4,108646,86917,434584,سوپر پروتئین سبز
1405/01/06,SKU00001,برنج ایرانی هاشمی ۱۰ کیلویی,کارتن,5,4077692,3443385,20388460,فروشگاه امید
1405/01/06,SKU00027,برنج پاکستانی باسماتی ۱۰ کیلویی,کارتن,10,2401308,1902923,24013080,هایپر نیک
1405/01/06,SKU00028,روغن آفتابگردان ۱.۸ لیتری,عدد,43,167638,135923,7208434,کافه رستوران ونک
1405/01/06,SKU00029,روغن سرخ‌کردنی ۴.۵ لیتری,عدد,6,412300,344338,2473800,بوفه دانشگاه
1405/01/06,SKU00030,شکر سفید ۹۰۰ گرمی,عدد,30,38058,31715,1141740,هایپر نیک
1405/01/06,SKU00031,چای کیسه‌ای ۱۰۰ عددی,عدد,13,222008,176700,2886104,فروشگاه رفاه محلی
1405/01/06,SKU00032,قهوه فوری ۲۰۰ گرمی,عدد,11,471200,380585,5183200,سوپر مارکت البرز
1405/01/06,SKU00033,نوشابه خانواده ۱.۵ لیتری,عدد,76,43495,34434,3305620,فروشگاه گلستان
1405/01/06,SKU00034,آب معدنی ۱.۵ لیتری بسته ۶ عددی,بسته,43,86991,70680,3740613,مینی‌مارکت شبانه
1405/01/06,SKU00035,ماکارونی ۷۰۰ گرمی,عدد,28,47120,38058,1319360,فروشگاه رفاه محلی
1405/01/06,SKU00036,رب گوجه ۸۰۰ گرمی,عدد,9,97865,79742,880785,سوپرمارکت آفتاب
1405/01/06,SKU00037,تن ماهی ۱۸۰ گرمی,عدد,23,152234,122331,3501382,سوپرمارکت پارسیان
1405/01/06,SKU00038,لوبیا چیتی ۹۰۰ گرمی,عدد,11,128674,104208,1415414,هایپر نیک
1405/01/06,SKU00039,عدس ۹۰۰ گرمی,عدد,17,110551,88803,1879367,تعاونی مصرف کارکنان
1405/01/06,SKU00040,نخود ۹۰۰ گرمی,عدد,7,117800,95146,824600,سوپر پروتئین سبز
1405/01/06,SKU00041,پنیر سفید ۴۰۰ گرمی,عدد,47,99677,79742,4684819,سوپرمارکت آفتاب
1405/01/06,SKU00042,شیر کم‌چرب ۱ لیتری,عدد,39,47120,38058,1837680,سوپر مارکت البرز
1405/01/06,SKU00043,ماست دبه ۲ کیلویی,عدد,16,185762,149515,2972192,مینی‌مارکت شبانه
1405/01/06,SKU00044,کره حیوانی ۱۰۰ گرمی,عدد,10,106926,86085,1069260,بوفه دانشگاه
1405/01/06,SKU00045,مایع ظرفشویی ۳.۷۵ لیتری,عدد,22,199354,158577,4385788,مینی‌مارکت شبانه
1405/01/06,SKU00046,پودر لباسشویی ۵ کیلویی,عدد,9,425892,348869,3833028,مینی‌مارکت نسیم
1405/01/06,SKU00047,دستمال کاغذی ۳۰۰ برگ,بسته,33,77023,61618,2541759,فروشگاه یاس
1405/01/06,SKU00048,شامپو ۹۰۰ میلی‌لیتری,عدد,14,242849,194823,3399886,سوپرمارکت پارسیان
1405/01/06,SKU00049,خمیر دندان ۱۰۰ گرمی,عدد,21,83366,65243,1750686,سوپرمارکت پارسیان
1405/01/06,SKU00050,صابون بسته ۶ عددی,بسته,13,108738,86991,1413594,سوپرمارکت پارسیان
1405/01/07,SKU00001,برنج ایرانی هاشمی ۱۰ کیلویی,کارتن,3,4081154,3446308,12243462,فروشگاه گلستان
1405/01/07,SKU00027,برنج پاکستانی باسماتی ۱۰ کیلویی,کارتن,2,2403346,1904538,4806692,فروشگاه گلستان
1405/01/07,SKU00028,روغن آفتابگردان ۱.۸ لیتری,عدد,14,167781,136038,2348934,مینی‌مارکت شبانه
1405/01/07,SKU00029,روغن سرخ‌کردنی ۴.۵ لیتری,عدد,6,412650,344631,2475900,سوپرمارکت پارسیان
1405/01/07,SKU00030,شکر سفید ۹۰۰ گرمی,عدد,14,38091,31742,533274,سوپر مارکت البرز
1405/01/07,SKU00031,چای کیسه‌ای ۱۰۰ عددی,عدد,6,222196,176850,1333176,سوپرمارکت آفتاب
1405/01/07,SKU00032,قهوه فوری ۲۰۰ گرمی,عدد,3,471600,380908,1414800,مینی‌مارکت نسیم
1405/01/07,SKU00033,نوشابه خانواده ۱.۵ لیتری,عدد,18,43532,34463,783576,فروشگاه گلستان
1405/01/07,SKU00034,آب معدنی ۱.۵ لیتری بسته ۶ عددی,بسته,6,87065,70740,522390,فروشگاه امید
1405/01/07,SKU00035,ماکارونی ۷۰۰ گرمی,عدد,7,47160,38091,330120,هایپر ستاره شهر
1405/01/07,SKU00036,رب گوجه ۸۰۰ گرمی,عدد,7,97948,79809,685636,کافه رستوران ونک
1405/01/07,SKU00037,تن ماهی ۱۸۰ گرمی,عدد,9,152363,122435,1371267,فروشگاه زنجیره‌ای مهر
1405/01/07,SKU00038,لوبیا چیتی ۹۰۰ گرمی,عدد,7,128783,104296,901481,هایپر نیک
1405/01/07,SKU00039,عدس ۹۰۰ گرمی,عدد,4,110645,88878,442580,سوپر مارکت البرز
1405/01/07,SKU00040,نخود ۹۰۰ گرمی,عدد,4,117900,95227,471600,کافه رستوران ونک
1405/01/07,SKU00041,پنیر سفید ۴۰۰ گرمی,عدد,11,99762,79809,1097382,بقالی برادران احمدی
1405/01/07,SKU00042,شیر کم‌چرب ۱ لیتری,عدد,8,47160,38091,377280,هایپر نیک
1405/01/07,SKU00043,ماست دبه ۲ کیلویی,عدد,10,185919,149642,1859190,سوپرمارکت پارسیان
1405/01/07,SKU00044,کره حیوانی ۱۰۰ گرمی,عدد,7,107017,86158,749119,مینی‌مارکت نسیم
1405/01/07,SKU00045,مایع ظرفشویی ۳.۷۵ لیتری,عدد,6,199523,158712,1197138,سوپرمارکت پارسیان
1405/01/07,SKU00046,پودر لباسشویی ۵ کیلویی,عدد,4,426254,349165,1705016,سوپر پروتئین سبز
1405/01/07,SKU00047,دستمال کاغذی ۳۰۰ برگ,بسته,13,77088,61671,1002144,هایپر ستاره شهر
1405/01/07,SKU00048,شامپو ۹۰۰ میلی‌لیتری,عدد,4,243055,194988,972220,فروشگاه امید
1405/01/07,SKU00049,خمیر دندان ۱۰۰ گرمی,عدد,9,83437,65298,750933,کافه رستوران ونک
1405/01/07,SKU00050,صابون بسته ۶ عددی,بسته,6,108831,87065,652986,بقالی برادران احمدی
1405/01/08,SKU00001,برنج ایرانی هاشمی ۱۰ کیلویی,کارتن,3,4084615,3449231,12253845,هایپر نیک
1405/01/08,SKU00027,برنج پاکستانی باسماتی ۱۰ کیلویی,کارتن,4,2405385,1906154,9621540,فروشگاه امید
1405/01/08,SKU00028,روغن آفتابگردان ۱.۸ لیتری,عدد,23,167923,136154,3862229,فروشگاه زنجیره‌ای مهر
1405/01/08,SKU00029,روغن سرخ‌کردنی ۴.۵ لیتری,عدد,5,413000,344923,2065000,سوپرمارکت آفتاب
1405/01/08,SKU00030,شکر سفید ۹۰۰ گرمی,عدد,27,38123,31769,1029321,فروشگاه رفاه محلی
1405/01/08,SKU00031,چای کیسه‌ای ۱۰۰ عددی,عدد,7,222385,177000,1556695,کافه رستوران ونک
1405/01/08,SKU00032,قهوه فوری ۲۰۰ گرمی,عدد,1,472000,381231,472000,هایپر ستاره شهر
1405/01/08,SKU00033,نوشابه خانواده ۱.۵ لیتری,عدد,38,43569,34492,1655622,هایپر نیک
1405/01/08,SKU00034,آب معدنی ۱.۵ لیتری بسته ۶ عددی,بسته,21,87138,70800,1829898,مینی‌مارکت شبانه
1405/01/08,SKU00035,ماکارونی ۷۰۰ گرمی,عدد,12,47200,38123,566400,مینی‌مارکت نسیم
1405/01/08,SKU00036,رب گوجه ۸۰۰ گرمی,عدد,12,98031,79877,1176372,سوپر پروتئین سبز
1405/01/08,SKU00037,تن ماهی ۱۸۰ گرمی,عدد,18,152492,122538,2744856,فروشگاه امید
1405/01/08,SKU00038,لوبیا چیتی ۹۰۰ گرمی,عدد,3,128892,104385,386676,فروشگاه سپیدار
1405/01/08,SKU00039,عدس ۹۰۰ گرمی,عدد,6,110738,88954,664428,فروشگاه امید
1405/01/08,SKU00040,نخود ۹۰۰ گرمی,عدد,7,118000,95308,826000,بقالی برادران احمدی
1405/01/08,SKU00041,پنیر سفید ۴۰۰ گرمی,عدد,7,99846,79877,698922,فروشگاه گلستان
1405/01/08,SKU00042,شیر کم‌چرب ۱ لیتری,عدد,27,47200,38123,1274400,بقالی برادران احمدی
1405/01/08,SKU00043,ماست دبه ۲ کیلویی,عدد,8,186077,149769,1488616,فروشگاه امید
1405/01/08,SKU00044,کره حیوانی ۱۰۰ گرمی,عدد,11,107108,86231,1178188,مینی‌مارکت شبانه
1405/01/08,SKU00045,مایع ظرفشویی ۳.۷۵ لیتری,عدد,3,199692,158846,599076,بقالی برادران احمدی
1405/01/08,SKU00046,پودر لباسشویی ۵ کیلویی,عدد,5,426615,349462,2133075,فروشگاه سپیدار
1405/01/08,SKU00047,دستمال کاغذی ۳۰۰ برگ,بسته,34,77154,61723,2623236,فروشگاه یاس
1405/01/08,SKU00048,شامپو ۹۰۰ میلی‌لیتری,عدد,6,243262,195154,1459572,کافه رستوران ونک
1405/01/08,SKU00049,خمیر دندان ۱۰۰ گرمی,عدد,11,83508,65354,918588,سوپر مارکت البرز
1405/01/08,SKU00050,صابون بسته ۶ عددی,بسته,13,108923,87138,1415999,سوپر مارکت البرز
1405/01/09,SKU00001,برنج ایرانی هاشمی ۱۰ کیلویی,کارتن,3,4088077,3452154,12264231,کافه رستوران ونک
1405/01/09,SKU00027,برنج پاکستانی باسماتی ۱۰ کیلویی,کارتن,5,2407423,1907769,12037115,تعاونی مصرف کارکنان
1405/01/09,SKU00028,روغن آفتابگردان ۱.۸ لیتری,عدد,36,168065,136269,6050340,مینی‌مارکت نسیم
1405/01/09,SKU00029,روغن سرخ‌کردنی ۴.۵ لیتری,عدد,6,413350,345215,2480100,مینی‌مارکت شبانه
1405/01/09,SKU00030,شکر سفید ۹۰۰ گرمی,عدد,35,38155,31796,1335425,مینی‌مارکت شبانه
1405/01/09,SKU00031,چای کیسه‌ای ۱۰۰ عددی,عدد,10,222573,177150,2225730,سوپرمارکت پارسیان
1405/01/09,SKU00032,قهوه فوری ۲۰۰ گرمی,عدد,6,472400,381554,2834400,سوپر مارکت البرز
1405/01/09,SKU00033,نوشابه خانواده ۱.۵ لیتری,عدد,75,43606,34522,3270450,فروشگاه رفاه محلی
1405/01/09,SKU00034,آب معدنی ۱.۵ لیتری بسته ۶ عددی,بسته,26,87212,70860,2267512,بقالی برادران احمدی
1405/01/09,SKU00035,ماکارونی ۷۰۰ گرمی,عدد,21,47240,38155,992040,هایپر نیک
1405/01/09,SKU00036,رب گوجه ۸۰۰ گرمی,عدد,14,98114,79945,1373596,سوپرمارکت پارسیان
1405/01/09,SKU00037,تن ماهی ۱۸۰ گرمی,عدد,15,152622,122642,2289330,فروشگاه یاس
1405/01/09,SKU00038,لوبیا چیتی ۹۰۰ گرمی,عدد,13,129002,104473,1677026,بوفه دانشگاه
1405/01/09,SKU00039,عدس ۹۰۰ گرمی,عدد,6,110832,89029,664992,فروشگاه امید
1405/01/09,SKU00040,نخود ۹۰۰ گرمی,عدد,4,118100,95388,472400,فروشگاه امید
1405/01/09,SKU00041,پنیر سفید ۴۰۰ گرمی,عدد,16,99931,79945,1598896,سوپر مارکت البرز
1405/01/09,SKU00042,شیر کم‌چرب ۱ لیتری,عدد,24,47240,38155,1133760,کافه رستوران ونک
1405/01/09,SKU00043,ماست دبه ۲ کیلویی,عدد,23,186235,149896,4283405,هایپر نیک
1405/01/09,SKU00044,کره حیوانی ۱۰۰ گرمی,عدد,15,107198,86304,1607970,سوپر پروتئین سبز
1405/01/09,SKU00045,مایع ظرفشویی ۳.۷۵ لیتری,عدد,10,199862,158981,1998620,هایپر ستاره شهر
1405/01/09,SKU00046,پودر لباسشویی ۵ کیلویی,عدد,9,426977,349758,3842793,کافه رستوران ونک
1405/01/09,SKU00047,دستمال کاغذی ۳۰۰ برگ,بسته,24,77219,61775,1853256,فروشگاه یاس
1405/01/09,SKU00048,شامپو ۹۰۰ میلی‌لیتری,عدد,3,243468,195319,730404,هایپر ستاره شهر
1405/01/09,SKU00049,خمیر دندان ۱۰۰ گرمی,عدد,14,83578,65409,1170092,هایپر ستاره شهر
1405/01/09,SKU00050,صابون بسته ۶ عددی,بسته,11,109015,87212,1199165,سوپر پروتئین سبز
1405/01/10,SKU00001,برنج ایرانی هاشمی ۱۰ کیلویی,کارتن,2,4091538,3455077,8183076,سوپرمارکت آفتاب
1405/01/10,SKU00027,برنج پاکستانی باسماتی ۱۰ کیلویی,کارتن,5,2409462,1909385,12047310,هایپر نیک
1405/01/10,SKU00028,روغن آفتابگردان ۱.۸ لیتری,عدد,30,168208,136385,5046240,بقالی برادران احمدی
1405/01/10,SKU00029,روغن سرخ‌کردنی ۴.۵ لیتری,عدد,7,413700,345508,2895900,سوپر مارکت البرز
1405/01/10,SKU00030,شکر سفید ۹۰۰ گرمی,عدد,16,38188,31823,611008,مینی‌مارکت شبانه
1405/01/10,SKU00031,چای کیسه‌ای ۱۰۰ عددی,عدد,8,222762,177300,1782096,سوپرمارکت پارسیان
1405/01/10,SKU00032,قهوه فوری ۲۰۰ گرمی,عدد,8,472800,381877,3782400,تعاونی مصرف کارکنان
1405/01/10,SKU00033,نوشابه خانواده ۱.۵ لیتری,عدد,44,43643,34551,1920292,سوپر پروتئین سبز
1405/01/10,SKU00034,آب معدنی ۱.۵ لیتری بسته ۶ عددی,بسته,20,87286,70920,1745720,هایپر نیک
1405/01/10,SKU00035,ماکارونی ۷۰۰ گرمی,عدد,27,47280,38188,1276560,هایپر ستاره شهر
1405/01/10,SKU00036,رب گوجه ۸۰۰ گرمی,عدد,11,98197,80012,1080167,سوپرمارکت پارسیان
1405/01/10,SKU00037,تن ماهی ۱۸۰ گرمی,عدد,10,152751,122746,1527510,فروشگاه امید
1405/01/10,SKU00038,لوبیا چیتی ۹۰۰ گرمی,عدد,10,129111,104562,1291110,سوپرمارکت پارسیان
1405/01/10,SKU00039,عدس ۹۰۰ گرمی,عدد,6,110926,89105,665556,سوپرمارکت پارسیان
1405/01/10,SKU00040,نخود ۹۰۰ گرمی,عدد,4,118200,95469,472800,فروشگاه سپیدار
1405/01/10,SKU00041,پنیر سفید ۴۰۰ گرمی,عدد,13,100015,80012,1300195,فروشگاه گلستان
1405/01/10,SKU00042,شیر کم‌چرب ۱ لیتری,عدد,43,47280,38188,2033040,فروشگاه رفاه محلی
1405/01/10,SKU00043,ماست دبه ۲ کیلویی,عدد,13,186392,150023,2423096,فروشگاه یاس
1405/01/10,SKU00044,کره حیوانی ۱۰۰ گرمی,عدد,11,107289,86377,1180179,هایپر نیک
1405/01/10,SKU00045,مایع ظرفشویی ۳.۷۵ لیتری,عدد,12,200031,159115,2400372,فروشگاه رفاه محلی
1405/01/10,SKU00046,پودر لباسشویی ۵ کیلویی,عدد,4,427338,350054,1709352,فروشگاه سپیدار
1405/01/10,SKU00047,دستمال کاغذی ۳۰۰ برگ,بسته,15,77285,61828,1159275,کافه رستوران ونک
1405/01/10,SKU00048,شامپو ۹۰۰ میلی‌لیتری,عدد,7,243674,195485,1705718,هایپر ستاره شهر
1405/01/10,SKU00049,خمیر دندان ۱۰۰ گرمی,عدد,15,83649,65465,1254735,سوپرمارکت پارسیان
1405/01/10,SKU00050,صابون بسته ۶ عددی,بسته,10,109108,87286,1091080,بقالی برادران احمدی
1405/01/11,SKU00001,برنج ایرانی هاشمی ۱۰ کیلویی,کارتن,3,4095000,3458000,12285000,تعاونی مصرف کارکنان
1405/01/11,SKU00027,برنج پاکستانی باسماتی ۱۰ کیلویی,کارتن,3,2411500,1911000,7234500,فروشگاه سپیدار
1405/01/11,SKU00028,روغن آفتابگردان ۱.۸ لیتری,عدد,23,168350,136500,3872050,فروشگاه رفاه محلی
1405/01/11,SKU00029,روغن سرخ‌کردنی ۴.۵ لیتری,عدد,6,414050,345800,2484300,تعاونی مصرف کارکنان
1405/01/11,SKU00030,شکر سفید ۹۰۰ گرمی,عدد,22,38220,31850,840840,هایپر ستاره شهر
1405/01/11,SKU00031,چای کیسه‌ای ۱۰۰ عددی,عدد,8,222950,177450,1783600,سوپرمارکت آفتاب
1405/01/11,SKU00032,قهوه فوری ۲۰۰ گرمی,عدد,4,473200,382200,1892800,فروشگاه سپیدار
1405/01/11,SKU00033,نوشابه خانواده ۱.۵ لیتری,عدد,27,43680,34580,1179360,فروشگاه رفاه محلی
1405/01/11,SKU00034,آب معدنی ۱.۵ لیتری بسته ۶ عددی,بسته,29,87360,70980,2533440,فروشگاه یاس
1405/01/11,SKU00035,ماکارونی ۷۰۰ گرمی,عدد,23,47320,38220,1088360,هایپر ستاره شهر
1405/01/11,SKU00036,رب گوجه ۸۰۰ گرمی,عدد,12,98280,80080,1179360,فروشگاه یاس
1405/01/11,SKU00037,تن ماهی ۱۸۰ گرمی,عدد,23,152880,122850,3516240,سوپرمارکت پارسیان
1405/01/11,SKU00038,لوبیا چیتی ۹۰۰ گرمی,عدد,7,129220,104650,904540,سوپرمارکت پارسیان
1405/01/11,SKU00039,عدس ۹۰۰ گرمی,عدد,9,111020,89180,999180,بقالی برادران احمدی
1405/01/11,SKU00040,نخود ۹۰۰ گرمی,عدد,10,118300,95550,1183000,هایپر نیک
1405/01/11,SKU00041,پنیر سفید ۴۰۰ گرمی,عدد,29,100100,80080,2902900,فروشگاه یاس
1405/01/11,SKU00042,شیر کم‌چرب ۱ لیتری,عدد,20,47320,38220,946400,هایپر ستاره شهر
1405/01/11,SKU00043,ماست دبه ۲ کیلویی,عدد,15,186550,150150,2798250,تعاونی مصرف کارکنان
1405/01/11,SKU00044,کره حیوانی ۱۰۰ گرمی,عدد,9,107380,86450,966420,مینی‌مارکت شبانه
1405/01/11,SKU00045,مایع ظرفشویی ۳.۷۵ لیتری,عدد,14,200200,159250,2802800,سوپر مارکت البرز
1405/01/11,SKU00046,پودر لباسشویی ۵ کیلویی,عدد,5,427700,350350,2138500,فروشگاه زنجیره‌ای مهر
1405/01/11,SKU00047,دستمال کاغذی ۳۰۰ برگ,بسته,22,77350,61880,1701700,فروشگاه سپیدار
1405/01/11,SKU00048,شامپو ۹۰۰ میلی‌لیتری,عدد,5,243880,195650,1219400,بقالی برادران احمدی
1405/01/11,SKU00049,خمیر دندان ۱۰۰ گرمی,عدد,15,83720,65520,1255800,فروشگاه زنجیره‌ای مهر
1405/01/11,SKU00050,صابون بسته ۶ عددی,بسته,10,109200,87360,1092000,بقالی برادران احمدی
1405/01/12,SKU00001,برنج ایرانی هاشمی ۱۰ کیلویی,کارتن,3,4098462,3460923,12295386,هایپر ستاره شهر
1405/01/12,SKU00027,برنج پاکستانی باسماتی ۱۰ کیلویی,کارتن,4,2413538,1912615,9654152,هایپر نیک
1405/01/12,SKU00028,روغن آفتابگردان ۱.۸ لیتری,عدد,25,168492,136615,4212300,مینی‌مارکت نسیم
1405/01/12,SKU00029,روغن سرخ‌کردنی ۴.۵ لیتری,عدد,10,414400,346092,4144000,بوفه دانشگاه
1405/01/12,SKU00030,شکر سفید ۹۰۰ گرمی,عدد,25,38252,31877,956300,بقالی برادران احمدی
1405/01/12,SKU00031,چای کیسه‌ای ۱۰۰ عددی,عدد,13,223138,177600,2900794,کافه رستوران ونک
1405/01/12,SKU00032,قهوه فوری ۲۰۰ گرمی,عدد,8,473600,382523,3788800,سوپرمارکت پارسیان
1405/01/12,SKU00033,نوشابه خانواده ۱.۵ لیتری,عدد,55,43717,34609,2404435,فروشگاه گلستان
1405/01/12,SKU00034,آب معدنی ۱.۵ لیتری بسته ۶ عددی,بسته,21,87434,71040,1836114,بقالی برادران احمدی
1405/01/12,SKU00035,ماکارونی ۷۰۰ گرمی,عدد,25,47360,38252,1184000,هایپر نیک
1405/01/12,SKU00036,رب گوجه ۸۰۰ گرمی,عدد,18,98363,80148,1770534,فروشگاه سپیدار
1405/01/12,SKU00037,تن ماهی ۱۸۰ گرمی,عدد,23,153009,122954,3519207,بقالی برادران احمدی
1405/01/12,SKU00038,لوبیا چیتی ۹۰۰ گرمی,عدد,10,129329,104738,1293290,فروشگاه زنجیره‌ای مهر
1405/01/12,SKU00039,عدس ۹۰۰ گرمی,عدد,8,111114,89255,888912,سوپر مارکت البرز
1405/01/12,SKU00040,نخود ۹۰۰ گرمی,عدد,4,118400,95631,473600,سوپر پروتئین سبز
1405/01/12,SKU00041,پنیر سفید ۴۰۰ گرمی,عدد,28,100185,80148,2805180,کافه رستوران ونک
1405/01/12,SKU00042,شیر کم‌چرب ۱ لیتری,عدد,38,47360,38252,1799680,فروشگاه یاس
1405/01/12,SKU00043,ماست دبه ۲ کیلویی,عدد,12,186708,150277,2240496,سوپرمارکت آفتاب
1405/01/12,SKU00044,کره حیوانی ۱۰۰ گرمی,عدد,13,107471,86523,1397123,فروشگاه گلستان
1405/01/12,SKU00045,مایع ظرفشویی ۳.۷۵ لیتری,عدد,16,200369,159385,3205904,فروشگاه سپیدار
1405/01/12,SKU00046,پودر لباسشویی ۵ کیلویی,عدد,6,428062,350646,2568372,سوپرمارکت آفتاب
1405/01/12,SKU00047,دستمال کاغذی ۳۰۰ برگ,بسته,17,77415,61932,1316055,کافه رستوران ونک
1405/01/12,SKU00048,شامپو ۹۰۰ میلی‌لیتری,عدد,3,244086,195815,732258,مینی‌مارکت نسیم
1405/01/12,SKU00049,خمیر دندان ۱۰۰ گرمی,عدد,19,83791,65575,1592029,فروشگاه رفاه محلی
1405/01/12,SKU00050,صابون بسته ۶ عددی,بسته,12,109292,87434,1311504,فروشگاه گلستان
1405/01/13,SKU00001,برنج ایرانی هاشمی ۱۰ کیلویی,کارتن,4,4101923,3463846,16407692,سوپر مارکت البرز
1405/01/13,SKU00027,برنج پاکستانی باسماتی ۱۰ کیلویی,کارتن,5,2415577,1914231,12077885,فروشگاه زنجیره‌ای مهر
1405/01/13,SKU00028,روغن آفتابگردان ۱.۸ لیتری,عدد,52,168635,136731,8769020,تعاونی مصرف کارکنان
1405/01/13,SKU00029,روغن سرخ‌کردنی ۴.۵ لیتری,عدد,14,414750,346385,5806500,مینی‌مارکت شبانه
1405/01/13,SKU00030,شکر سفید ۹۰۰ گرمی,عدد,47,38285,31904,1799395,مینی‌مارکت شبانه
1405/01/13,SKU00031,چای کیسه‌ای ۱۰۰ عددی,عدد,16,223327,177750,3573232,مینی‌مارکت شبانه
1405/01/13,SKU00032,قهوه فوری ۲۰۰ گرمی,عدد,8,474000,382846,3792000,فروشگاه یاس
1405/01/13,SKU00033,نوشابه خانواده ۱.۵ لیتری,عدد,38,43754,34638,1662652,کافه رستوران ونک
1405/01/13,SKU00034,آب معدنی ۱.۵ لیتری بسته ۶ عددی,بسته,20,87508,71100,1750160,هایپر نیک
1405/01/13,SKU00035,ماکارونی ۷۰۰ گرمی,عدد,28,47400,38285,1327200,فروشگاه رفاه محلی
1405/01/13,SKU00036,رب گوجه ۸۰۰ گرمی,عدد,17,98446,80215,1673582,فروشگاه رفاه محلی
1405/01/13,SKU00037,تن ماهی ۱۸۰ گرمی,عدد,27,153138,123058,4134726,مینی‌مارکت شبانه
1405/01/13,SKU00038,لوبیا چیتی ۹۰۰ گرمی,عدد,14,129438,104827,1812132,مینی‌مارکت نسیم
1405/01/13,SKU00039,عدس ۹۰۰ گرمی,عدد,12,111208,89331,1334496,فروشگاه زنجیره‌ای مهر
1405/01/13,SKU00040,نخود ۹۰۰ گرمی,عدد,4,118500,95712,474000,فروشگاه سپیدار
1405/01/13,SKU00041,پنیر سفید ۴۰۰ گرمی,عدد,38,100269,80215,3810222,فروشگاه رفاه محلی
1405/01/13,SKU00042,شیر کم‌چرب ۱ لیتری,عدد,57,47400,38285,2701800,مینی‌مارکت شبانه
1405/01/13,SKU00043,ماست دبه ۲ کیلویی,عدد,27,186865,150404,5045355,سوپر مارکت البرز
1405/01/13,SKU00044,کره حیوانی ۱۰۰ گرمی,عدد,23,107562,86596,2473926,تعاونی مصرف کارکنان
1405/01/13,SKU00045,مایع ظرفشویی ۳.۷۵ لیتری,عدد,17,200538,159519,3409146,فروشگاه زنجیره‌ای مهر
1405/01/13,SKU00046,پودر لباسشویی ۵ کیلویی,عدد,5,428423,350942,2142115,فروشگاه رفاه محلی
1405/01/13,SKU00047,دستمال کاغذی ۳۰۰ برگ,بسته,17,77481,61985,1317177,هایپر نیک
1405/01/13,SKU00048,شامپو ۹۰۰ میلی‌لیتری,عدد,11,244292,195981,2687212,سوپر مارکت البرز
1405/01/13,SKU00049,خمیر دندان ۱۰۰ گرمی,عدد,9,83862,65631,754758,فروشگاه زنجیره‌ای مهر
1405/01/13,SKU00050,صابون بسته ۶ عددی,بسته,9,109385,87508,984465,هایپر ستاره شهر
1405/01/14,SKU00001,برنج ایرانی هاشمی ۱۰ کیلویی,کارتن,1,4105385,3466769,4105385,هایپر نیک
1405/01/14,SKU00027,برنج پاکستانی باسماتی ۱۰ کیلویی,کارتن,3,2417615,1915846,7252845,سوپرمارکت آفتاب
1405/01/14,SKU00028,روغن آفتابگردان ۱.۸ لیتری,عدد,22,168777,136846,3713094,فروشگاه امید
1405/01/14,SKU00029,روغن سرخ‌کردنی ۴.۵ لیتری,عدد,4,415100,346677,1660400,مینی‌مارکت شبانه
1405/01/14,SKU00030,شکر سفید ۹۰۰ گرمی,عدد,6,38317,31931,229902,کافه رستوران ونک
1405/01/14,SKU00031,چای کیسه‌ای ۱۰۰ عددی,عدد,6,223515,177900,1341090,فروشگاه رفاه محلی
1405/01/14,SKU00032,قهوه فوری ۲۰۰ گرمی,عدد,2,474400,383169,948800,مینی‌مارکت شبانه
1405/01/14,SKU00033,نوشابه خانواده ۱.۵ لیتری,عدد,21,43791,34668,919611,سوپر مارکت البرز
1405/01/14,SKU00034,آب معدنی ۱.۵ لیتری بسته ۶ عددی,بسته,10,87582,71160,875820,مینی‌مارکت نسیم
1405/01/14,SKU00035,ماکارونی ۷۰۰ گرمی,عدد,12,47440,38317,569280,مینی‌مارکت نسیم
1405/01/14,SKU00036,رب گوجه ۸۰۰ گرمی,عدد,7,98529,80283,689703,مینی‌مارکت شبانه
1405/01/14,SKU00037,تن ماهی ۱۸۰ گرمی,عدد,8,153268,123162,1226144,فروشگاه امید
1405/01/14,SKU00038,لوبیا چیتی ۹۰۰ گرمی,عدد,7,129548,104915,906836,مینی‌مارکت نسیم
1405/01/14,SKU00039,عدس ۹۰۰ گرمی,عدد,5,111302,89406,556510,هایپر ستاره شهر
1405/01/14,SKU00040,نخود ۹۰۰ گرمی,عدد,2,118600,95792,237200,هایپر نیک
1405/01/14,SKU00041,پنیر سفید ۴۰۰ گرمی,عدد,9,100354,80283,903186,فروشگاه یاس
1405/01/14,SKU00042,شیر کم‌چرب ۱ لیتری,عدد,27,47440,38317,1280880,سوپر پروتئین سبز
1405/01/14,SKU00043,ماست دبه ۲ کیلویی,عدد,8,187023,150531,1496184,بقالی برادران احمدی
1405/01/14,SKU00044,کره حیوانی ۱۰۰ گرمی,عدد,7,107652,86669,753564,فروشگاه رفاه محلی
1405/01/14,SKU00045,مایع ظرفشویی ۳.۷۵ لیتری,عدد,5,200708,159654,1003540,سوپرمارکت آفتاب
1405/01/14,SKU00046,پودر لباسشویی ۵ کیلویی,عدد,2,428785,351238,857570,بقالی برادران احمدی
1405/01/14,SKU00047,دستمال کاغذی ۳۰۰ برگ,بسته,14,77546,62037,1085644,هایپر ستاره شهر
1405/01/14,SKU00048,شامپو ۹۰۰ میلی‌لیتری,عدد,4,244498,196146,977992,هایپر ستاره شهر
1405/01/14,SKU00049,خمیر دندان ۱۰۰ گرمی,عدد,8,83932,65686,671456,سوپر مارکت البرز
1405/01/14,SKU00050,صابون بسته ۶ عددی,بسته,3,109477,87582,328431,مینی‌مارکت شبانه
1405/01/15,SKU00001,برنج ایرانی هاشمی ۱۰ کیلویی,کارتن,4,4108846,3469692,16435384,مینی‌مارکت نسیم
1405/01/15,SKU00027,برنج پاکستانی باسماتی ۱۰ کیلویی,کارتن,4,2419654,1917462,9678616,فروشگاه سپیدار
1405/01/15,SKU00028,روغن آفتابگردان ۱.۸ لیتری,عدد,23,168919,136962,3885137,مینی‌مارکت نسیم
1405/01/15,SKU00029,روغن سرخ‌کردنی ۴.۵ لیتری,عدد,4,415450,346969,1661800,سوپرمارکت آفتاب
1405/01/15,SKU00030,شکر سفید ۹۰۰ گرمی,عدد,22,38349,31958,843678,سوپر پروتئین سبز
1405/01/15,SKU00031,چای کیسه‌ای ۱۰۰ عددی,عدد,5,223704,178050,1118520,سوپر پروتئین سبز
1405/01/15,SKU00032,قهوه فوری ۲۰۰ گرمی,عدد,5,474800,383492,2374000,سوپرمارکت آفتاب
1405/01/15,SKU00033,نوشابه خانواده ۱.۵ لیتری,عدد,34,43828,34697,1490152,مینی‌مارکت شبانه
1405/01/15,SKU00034,آب معدنی ۱.۵ لیتری بسته ۶ عددی,بسته,22,87655,71220,1928410,هایپر ستاره شهر
1405/01/15,SKU00035,ماکارونی ۷۰۰ گرمی,عدد,20,47480,38349,949600,فروشگاه گلستان
1405/01/15,SKU00036,رب گوجه ۸۰۰ گرمی,عدد,17,98612,80351,1676404,فروشگاه گلستان
1405/01/15,SKU00037,تن ماهی ۱۸۰ گرمی,عدد,21,153397,123265,3221337,فروشگاه گلستان
1405/01/15,SKU00038,لوبیا چیتی ۹۰۰ گرمی,عدد,17,129657,105004,2204169,مینی‌مارکت شبانه
1405/01/15,SKU00039,عدس ۹۰۰ گرمی,عدد,9,111395,89482,1002555,سوپر پروتئین سبز
1405/01/15,SKU00040,نخود ۹۰۰ گرمی,عدد,6,118700,95873,712200,بقالی برادران احمدی
1405/01/15,SKU00041,پنیر سفید ۴۰۰ گرمی,عدد,33,100438,80351,3314454,سوپرمارکت پارسیان
1405/01/15,SKU00042,شیر کم‌چرب ۱ لیتری,عدد,27,47480,38349,1281960,فروشگاه گلستان
1405/01/15,SKU00043,ماست دبه ۲ کیلویی,عدد,17,187181,150658,3182077,هایپر ستاره شهر
1405/01/15,SKU00044,کره حیوانی ۱۰۰ گرمی,عدد,3,107743,86742,323229,تعاونی مصرف کارکنان
1405/01/15,SKU00045,مایع ظرفشویی ۳.۷۵ لیتری,عدد,15,200877,159788,3013155,فروشگاه گلستان
1405/01/15,SKU00046,پودر لباسشویی ۵ کیلویی,عدد,5,429146,351535,2145730,مینی‌مارکت شبانه
1405/01/15,SKU00047,دستمال کاغذی ۳۰۰ برگ,بسته,16,77612,62089,1241792,کافه رستوران ونک
1405/01/15,SKU00048,شامپو ۹۰۰ میلی‌لیتری,عدد,5,244705,196312,1223525,فروشگاه یاس
1405/01/15,SKU00049,خمیر دندان ۱۰۰ گرمی,عدد,11,84003,65742,924033,فروشگاه یاس
1405/01/15,SKU00050,صابون بسته ۶ عددی,بسته,9,109569,87655,986121,فروشگاه رفاه محلی
1405/01/16,SKU00001,برنج ایرانی هاشمی ۱۰ کیلویی,کارتن,3,4112308,3472615,12336924,فروشگاه زنجیره‌ای مهر
1405/01/16,SKU00027,برنج پاکستانی باسماتی ۱۰ کیلویی,کارتن,2,2421692,1919077,4843384,هایپر نیک
1405/01/16,SKU00028,روغن آفتابگردان ۱.۸ لیتری,عدد,22,169062,137077,3719364,سوپرمارکت آفتاب
1405/01/16,SKU00029,روغن سرخ‌کردنی ۴.۵ لیتری,عدد,5,415800,347262,2079000,سوپرمارکت آفتاب
1405/01/16,SKU00030,شکر سفید ۹۰۰ گرمی,عدد,22,38382,31985,844404,تعاونی مصرف کارکنان
1405/01/16,SKU00031,چای کیسه‌ای ۱۰۰ عددی,عدد,18,223892,178200,4030056,فروشگاه امید
1405/01/16,SKU00032,قهوه فوری ۲۰۰ گرمی,عدد,6,475200,383815,2851200,فروشگاه امید
1405/01/16,SKU00033,نوشابه خانواده ۱.۵ لیتری,عدد,36,43865,34726,1579140,بوفه دانشگاه
1405/01/16,SKU00034,آب معدنی ۱.۵ لیتری بسته ۶ عددی,بسته,30,87729,71280,2631870,سوپر مارکت البرز
1405/01/16,SKU00035,ماکارونی ۷۰۰ گرمی,عدد,24,47520,38382,1140480,سوپرمارکت آفتاب
1405/01/16,SKU00036,رب گوجه ۸۰۰ گرمی,عدد,7,98695,80418,690865,سوپرمارکت آفتاب
1405/01/16,SKU00037,تن ماهی ۱۸۰ گرمی,عدد,16,153526,123369,2456416,سوپر پروتئین سبز
1405/01/16,SKU00038,لوبیا چیتی ۹۰۰ گرمی,عدد,9,129766,105092,1167894,فروشگاه یاس
1405/01/16,SKU00039,عدس ۹۰۰ گرمی,عدد,7,111489,89557,780423,بوفه دانشگاه
1405/01/16,SKU00040,نخود ۹۰۰ گرمی,عدد,5,118800,95954,594000,فروشگاه گلستان
1405/01/16,SKU00041,پنیر سفید ۴۰۰ گرمی,عدد,11,100523,80418,1105753,تعاونی مصرف کارکنان
1405/01/16,SKU00042,شیر کم‌چرب ۱ لیتری,عدد,32,47520,38382,1520640,هایپر نیک
1405/01/16,SKU00043,ماست دبه ۲ کیلویی,عدد,25,187338,150785,4683450,فروشگاه گلستان
1405/01/16,SKU00044,کره حیوانی ۱۰۰ گرمی,عدد,12,107834,86815,1294008,سوپرمارکت پارسیان
1405/01/16,SKU00045,مایع ظرفشویی ۳.۷۵ لیتری,عدد,9,201046,159923,1809414,فروشگاه زنجیره‌ای مهر
1405/01/16,SKU00046,پودر لباسشویی ۵ کیلویی,عدد,3,429508,351831,1288524,فروشگاه سپیدار
1405/01/16,SKU00047,دستمال کاغذی ۳۰۰ برگ,بسته,13,77677,62142,1009801,هایپر نیک
1405/01/16,SKU00048,شامپو ۹۰۰ میلی‌لیتری,عدد,5,244911,196477,1224555,فروشگاه امید
1405/01/16,SKU00049,خمیر دندان ۱۰۰ گرمی,عدد,15,84074,65797,1261110,مینی‌مارکت نسیم
1405/01/16,SKU00050,صابون بسته ۶ عددی,بسته,9,109662,87729,986958,هایپر نیک
1405/01/17,SKU00001,برنج ایرانی هاشمی ۱۰ کیلویی,کارتن,2,4115769,3475538,8231538,سوپرمارکت پارسیان
1405/01/17,SKU00027,برنج پاکستانی باسماتی ۱۰ کیلویی,کارتن,3,2423731,1920692,7271193,بقالی برادران احمدی
1405/01/17,SKU00028,روغن آفتابگردان ۱.۸ لیتری,عدد,24,169204,137192,4060896,سوپرمارکت آفتاب
1405/01/17,SKU00029,روغن سرخ‌کردنی ۴.۵ لیتری,عدد,3,416150,347554,1248450,بوفه دانشگاه
1405/01/17,SKU00030,شکر سفید ۹۰۰ گرمی,عدد,1,38414,32012,38414,هایپر ستاره شهر
1405/01/17,SKU00031,چای کیسه‌ای ۱۰۰ عددی,عدد,6,224081,178350,1344486,کافه رستوران ونک
1405/01/17,SKU00032,قهوه فوری ۲۰۰ گرمی,عدد,7,475600,384138,3329200,مینی‌مارکت نسیم
1405/01/17,SKU00033,نوشابه خانواده ۱.۵ لیتری,عدد,40,43902,34755,1756080,بقالی برادران احمدی
1405/01/17,SKU00034,آب معدنی ۱.۵ لیتری بسته ۶ عددی,بسته,26,87803,71340,2282878,فروشگاه یاس
1405/01/17,SKU00035,ماکارونی ۷۰۰ گرمی,عدد,26,47560,38414,1236560,بقالی برادران احمدی
1405/01/17,SKU00036,رب گوجه ۸۰۰ گرمی,عدد,16,98778,80486,1580448,سوپرمارکت آفتاب
1405/01/17,SKU00037,تن ماهی ۱۸۰ گرمی,عدد,13,153655,123473,1997515,فروشگاه یاس
1405/01/17,SKU00038,لوبیا چیتی ۹۰۰ گرمی,عدد,4,129875,105181,519500,تعاونی مصرف کارکنان
1405/01/17,SKU00039,عدس ۹۰۰ گرمی,عدد,10,111583,89632,1115830,فروشگاه امید
1405/01/17,SKU00040,نخود ۹۰۰ گرمی,عدد,4,118900,96035,475600,هایپر ستاره شهر
1405/01/17,SKU00041,پنیر سفید ۴۰۰ گرمی,عدد,22,100608,80486,2213376,بوفه دانشگاه
1405/01/17,SKU00042,شیر کم‌چرب ۱ لیتری,عدد,23,47560,38414,1093880,هایپر نیک
1405/01/17,SKU00043,ماست دبه ۲ کیلویی,عدد,17,187496,150912,3187432,فروشگاه سپیدار
1405/01/17,SKU00044,کره حیوانی ۱۰۰ گرمی,عدد,9,107925,86888,971325,مینی‌مارکت نسیم
1405/01/17,SKU00045,مایع ظرفشویی ۳.۷۵ لیتری,عدد,15,201215,160058,3018225,مینی‌مارکت شبانه
1405/01/17,SKU00046,پودر لباسشویی ۵ کیلویی,عدد,8,429869,352127,3438952,فروشگاه امید
1405/01/17,SKU00047,دستمال کاغذی ۳۰۰ برگ,بسته,21,77742,62194,1632582,کافه رستوران ونک
1405/01/17,SKU00048,شامپو ۹۰۰ میلی‌لیتری,عدد,6,245117,196642,1470702,فروشگاه رفاه محلی
1405/01/17,SKU00049,خمیر دندان ۱۰۰ گرمی,عدد,17,84145,65852,1430465,فروشگاه رفاه محلی
1405/01/17,SKU00050,صابون بسته ۶ عددی,بسته,8,109754,87803,878032,سوپرمارکت پارسیان
1405/01/18,SKU00001,برنج ایرانی هاشمی ۱۰ کیلویی,کارتن,3,4119231,3478462,12357693,سوپرمارکت پارسیان
1405/01/18,SKU00027,برنج پاکستانی باسماتی ۱۰ کیلویی,کارتن,7,2425769,1922308,16980383,هایپر ستاره شهر
1405/01/18,SKU00028,روغن آفتابگردان ۱.۸ لیتری,عدد,25,169346,137308,4233650,مینی‌مارکت شبانه
1405/01/18,SKU00029,روغن سرخ‌کردنی ۴.۵ لیتری,عدد,6,416500,347846,2499000,فروشگاه امید
1405/01/18,SKU00030,شکر سفید ۹۰۰ گرمی,عدد,40,38446,32038,1537840,مینی‌مارکت نسیم
1405/01/18,SKU00031,چای کیسه‌ای ۱۰۰ عددی,عدد,7,224269,178500,1569883,مینی‌مارکت نسیم
1405/01/18,SKU00032,قهوه فوری ۲۰۰ گرمی,عدد,6,476000,384462,2856000,هایپر ستاره شهر
1405/01/18,SKU00033,نوشابه خانواده ۱.۵ لیتری,عدد,68,43938,34785,2987784,فروشگاه امید
1405/01/18,SKU00034,آب معدنی ۱.۵ لیتری بسته ۶ عددی,بسته,3,87877,71400,263631,فروشگاه گلستان
1405/01/18,SKU00035,ماکارونی ۷۰۰ گرمی,عدد,14,47600,38446,666400,فروشگاه یاس
1405/01/18,SKU00036,رب گوجه ۸۰۰ گرمی,عدد,15,98862,80554,1482930,سوپرمارکت پارسیان
1405/01/18,SKU00037,تن ماهی ۱۸۰ گرمی,عدد,21,153785,123577,3229485,فروشگاه گلستان
1405/01/18,SKU00038,لوبیا چیتی ۹۰۰ گرمی,عدد,8,129985,105269,1039880,کافه رستوران ونک
1405/01/18,SKU00039,عدس ۹۰۰ گرمی,عدد,4,111677,89708,446708,سوپرمارکت پارسیان
1405/01/18,SKU00040,نخود ۹۰۰ گرمی,عدد,2,119000,96115,238000,فروشگاه زنجیره‌ای مهر
1405/01/18,SKU00041,پنیر سفید ۴۰۰ گرمی,عدد,16,100692,80554,1611072,سوپر مارکت البرز
1405/01/18,SKU00042,شیر کم‌چرب ۱ لیتری,عدد,36,47600,38446,1713600,بقالی برادران احمدی
1405/01/18,SKU00043,ماست دبه ۲ کیلویی,عدد,18,187654,151038,3377772,بقالی برادران احمدی
1405/01/18,SKU00044,کره حیوانی ۱۰۰ گرمی,عدد,6,108015,86962,648090,سوپرمارکت پارسیان
1405/01/18,SKU00045,مایع ظرفشویی ۳.۷۵ لیتری,عدد,14,201385,160192,2819390,سوپرمارکت آفتاب
1405/01/18,SKU00046,پودر لباسشویی ۵ کیلویی,عدد,6,430231,352423,2581386,بقالی برادران احمدی
1405/01/18,SKU00047,دستمال کاغذی ۳۰۰ برگ,بسته,17,77808,62246,1322736,فروشگاه رفاه محلی
1405/01/18,SKU00048,شامپو ۹۰۰ میلی‌لیتری,عدد,4,245323,196808,981292,فروشگاه امید
1405/01/18,SKU00049,خمیر دندان ۱۰۰ گرمی,عدد,12,84215,65908,1010580,فروشگاه سپیدار
1405/01/18,SKU00050,صابون بسته ۶ عددی,بسته,4,109846,87877,439384,هایپر ستاره شهر
1405/01/19,SKU00001,برنج ایرانی هاشمی ۱۰ کیلویی,کارتن,4,4122692,3481385,16490768,سوپر مارکت البرز
1405/01/19,SKU00027,برنج پاکستانی باسماتی ۱۰ کیلویی,کارتن,5,2427808,1923923,12139040,فروشگاه گلستان
1405/01/19,SKU00028,روغن آفتابگردان ۱.۸ لیتری,عدد,26,169488,137423,4406688,سوپرمارکت آفتاب
1405/01/19,SKU00029,روغن سرخ‌کردنی ۴.۵ لیتری,عدد,7,416850,348138,2917950,فروشگاه زنجیره‌ای مهر
1405/01/19,SKU00030,شکر سفید ۹۰۰ گرمی,عدد,17,38478,32065,654126,فروشگاه سپیدار
1405/01/19,SKU00031,چای کیسه‌ای ۱۰۰ عددی,عدد,5,224458,178650,1122290,فروشگاه سپیدار
1405/01/19,SKU00032,قهوه فوری ۲۰۰ گرمی,عدد,6,476400,384785,2858400,فروشگاه سپیدار
1405/01/19,SKU00033,نوشابه خانواده ۱.۵ لیتری,عدد,78,43975,34814,3430050,هایپر ستاره شهر
1405/01/19,SKU00034,آب معدنی ۱.۵ لیتری بسته ۶ عددی,بسته,24,87951,71460,2110824,فروشگاه رفاه محلی
1405/01/19,SKU00035,ماکارونی ۷۰۰ گرمی,عدد,21,47640,38478,1000440,کافه رستوران ونک
1405/01/19,SKU00036,رب گوجه ۸۰۰ گرمی,عدد,20,98945,80622,1978900,فروشگاه امید
1405/01/19,SKU00037,تن ماهی ۱۸۰ گرمی,عدد,29,153914,123681,4463506,فروشگاه زنجیره‌ای مهر
1405/01/19,SKU00038,لوبیا چیتی ۹۰۰ گرمی,عدد,11,130094,105358,1431034,کافه رستوران ونک
1405/01/19,SKU00039,عدس ۹۰۰ گرمی,عدد,13,111771,89783,1453023,سوپر مارکت البرز
1405/01/19,SKU00040,نخود ۹۰۰ گرمی,عدد,6,119100,96196,714600,هایپر ستاره شهر
1405/01/19,SKU00041,پنیر سفید ۴۰۰ گرمی,عدد,21,100777,80622,2116317,فروشگاه یاس
1405/01/19,SKU00042,شیر کم‌چرب ۱ لیتری,عدد,27,47640,38478,1286280,فروشگاه یاس
1405/01/19,SKU00043,ماست دبه ۲ کیلویی,عدد,18,187812,151165,3380616,مینی‌مارکت نسیم
1405/01/19,SKU00044,کره حیوانی ۱۰۰ گرمی,عدد,8,108106,87035,864848,سوپرمارکت آفتاب
1405/01/19,SKU00045,مایع ظرفشویی ۳.۷۵ لیتری,عدد,9,201554,160327,1813986,سوپرمارکت پارسیان
1405/01/19,SKU00046,پودر لباسشویی ۵ کیلویی,عدد,7,430592,352719,3014144,تعاونی مصرف کارکنان
1405/01/19,SKU00047,دستمال کاغذی ۳۰۰ برگ,بسته,21,77873,62298,1635333,فروشگاه یاس
1405/01/19,SKU00048,شامپو ۹۰۰ میلی‌لیتری,عدد,13,245529,196973,3191877,سوپرمارکت پارسیان
1405/01/19,SKU00049,خمیر دندان ۱۰۰ گرمی,عدد,11,84286,65963,927146,فروشگاه سپیدار
1405/01/19,SKU00050,صابون بسته ۶ عددی,بسته,13,109938,87951,1429194,فروشگاه زنجیره‌ای مهر
1405/01/20,SKU00001,برنج ایرانی هاشمی ۱۰ کیلویی,کارتن,6,4126154,3484308,24756924,فروشگاه گلستان
1405/01/20,SKU00027,برنج پاکستانی باسماتی ۱۰ کیلویی,کارتن,7,2429846,1925538,17008922,بوفه دانشگاه
1405/01/20,SKU00028,روغن آفتابگردان ۱.۸ لیتری,عدد,49,169631,137538,8311919,بقالی برادران احمدی
1405/01/20,SKU00029,روغن سرخ‌کردنی ۴.۵ لیتری,عدد,13,417200,348431,5423600,سوپر مارکت البرز
1405/01/20,SKU00030,شکر سفید ۹۰۰ گرمی,عدد,37,38511,32092,1424907,فروشگاه یاس
1405/01/20,SKU00031,چای کیسه‌ای ۱۰۰ عددی,عدد,13,224646,178800,2920398,سوپرمارکت پارسیان
1405/01/20,SKU00032,قهوه فوری ۲۰۰ گرمی,عدد,6,476800,385108,2860800,فروشگاه زنجیره‌ای مهر
1405/01/20,SKU00033,نوشابه خانواده ۱.۵ لیتری,عدد,93,44012,34843,4093116,فروشگاه زنجیره‌ای مهر
1405/01/20,SKU00034,آب معدنی ۱.۵ لیتری بسته ۶ عددی,بسته,38,88025,71520,3344950,بقالی برادران احمدی
1405/01/20,SKU00035,ماکارونی ۷۰۰ گرمی,عدد,37,47680,38511,1764160,بوفه دانشگاه
1405/01/20,SKU00036,رب گوجه ۸۰۰ گرمی,عدد,19,99028,80689,1881532,مینی‌مارکت نسیم
1405/01/20,SKU00037,تن ماهی ۱۸۰ گرمی,عدد,37,154043,123785,5699591,فروشگاه سپیدار
1405/01/20,SKU00038,لوبیا چیتی ۹۰۰ گرمی,عدد,9,130203,105446,1171827,بقالی برادران احمدی
1405/01/20,SKU00039,عدس ۹۰۰ گرمی,عدد,17,111865,89858,1901705,سوپرمارکت آفتاب
1405/01/20,SKU00040,نخود ۹۰۰ گرمی,عدد,7,119200,96277,834400,سوپرمارکت آفتاب
1405/01/20,SKU00041,پنیر سفید ۴۰۰ گرمی,عدد,54,100862,80689,5446548,فروشگاه رفاه محلی
1405/01/20,SKU00042,شیر کم‌چرب ۱ لیتری,عدد,51,47680,38511,2431680,فروشگاه رفاه محلی
1405/01/20,SKU00043,ماست دبه ۲ کیلویی,عدد,27,187969,151292,5075163,فروشگاه امید
1405/01/20,SKU00044,کره حیوانی ۱۰۰ گرمی,عدد,19,108197,87108,2055743,فروشگاه گلستان
1405/01/20,SKU00045,مایع ظرفشویی ۳.۷۵ لیتری,عدد,19,201723,160462,3832737,مینی‌مارکت نسیم
1405/01/20,SKU00046,پودر لباسشویی ۵ کیلویی,عدد,8,430954,353015,3447632,فروشگاه یاس
1405/01/20,SKU00047,دستمال کاغذی ۳۰۰ برگ,بسته,23,77938,62351,1792574,کافه رستوران ونک
1405/01/20,SKU00048,شامپو ۹۰۰ میلی‌لیتری,عدد,2,245735,197138,491470,بقالی برادران احمدی
1405/01/20,SKU00049,خمیر دندان ۱۰۰ گرمی,عدد,22,84357,66018,1855854,فروشگاه یاس
1405/01/20,SKU00050,صابون بسته ۶ عددی,بسته,20,110031,88025,2200620,سوپرمارکت پارسیان
1405/01/21,SKU00001,برنج ایرانی هاشمی ۱۰ کیلویی,کارتن,2,4129615,3487231,8259230,فروشگاه رفاه محلی
1405/01/21,SKU00027,برنج پاکستانی باسماتی ۱۰ کیلویی,کارتن,2,2431885,1927154,4863770,مینی‌مارکت شبانه
1405/01/21,SKU00028,روغن آفتابگردان ۱.۸ لیتری,عدد,19,169773,137654,3225687,بقالی برادران احمدی
1405/01/21,SKU00029,روغن سرخ‌کردنی ۴.۵ لیتری,عدد,4,417550,348723,1670200,فروشگاه زنجیره‌ای مهر
1405/01/21,SKU00030,شکر سفید ۹۰۰ گرمی,عدد,8,38543,32119,308344,مینی‌مارکت شبانه
1405/01/21,SKU00031,چای کیسه‌ای ۱۰۰ عددی,عدد,5,224835,178950,1124175,سوپرمارکت آفتاب
1405/01/21,SKU00032,قهوه فوری ۲۰۰ گرمی,عدد,3,477200,385431,1431600,مینی‌مارکت نسیم
1405/01/21,SKU00033,نوشابه خانواده ۱.۵ لیتری,عدد,28,44049,34872,1233372,سوپر پروتئین سبز
1405/01/21,SKU00034,آب معدنی ۱.۵ لیتری بسته ۶ عددی,بسته,8,88098,71580,704784,سوپر پروتئین سبز
1405/01/21,SKU00035,ماکارونی ۷۰۰ گرمی,عدد,20,47720,38543,954400,فروشگاه رفاه محلی
1405/01/21,SKU00036,رب گوجه ۸۰۰ گرمی,عدد,9,99111,80757,891999,تعاونی مصرف کارکنان
1405/01/21,SKU00037,تن ماهی ۱۸۰ گرمی,عدد,8,154172,123888,1233376,فروشگاه رفاه محلی
1405/01/21,SKU00038,لوبیا چیتی ۹۰۰ گرمی,عدد,6,130312,105535,781872,هایپر ستاره شهر
1405/01/21,SKU00039,عدس ۹۰۰ گرمی,عدد,7,111958,89934,783706,سوپر پروتئین سبز
1405/01/21,SKU00040,نخود ۹۰۰ گرمی,عدد,3,119300,96358,357900,فروشگاه رفاه محلی
1405/01/21,SKU00041,پنیر سفید ۴۰۰ گرمی,عدد,8,100946,80757,807568,بوفه دانشگاه
1405/01/21,SKU00042,شیر کم‌چرب ۱ لیتری,عدد,22,47720,38543,1049840,فروشگاه سپیدار
1405/01/21,SKU00043,ماست دبه ۲ کیلویی,عدد,6,188127,151419,1128762,سوپرمارکت آفتاب
1405/01/21,SKU00044,کره حیوانی ۱۰۰ گرمی,عدد,7,108288,87181,758016,مینی‌مارکت نسیم
1405/01/21,SKU00045,مایع ظرفشویی ۳.۷۵ لیتری,عدد,9,201892,160596,1817028,فروشگاه یاس
1405/01/21,SKU00046,پودر لباسشویی ۵ کیلویی,عدد,2,431315,353312,862630,مینی‌مارکت نسیم
1405/01/21,SKU00047,دستمال کاغذی ۳۰۰ برگ,بسته,15,78004,62403,1170060,فروشگاه امید
1405/01/21,SKU00048,شامپو ۹۰۰ میلی‌لیتری,عدد,2,245942,197304,491884,فروشگاه یاس
1405/01/21,SKU00049,خمیر دندان ۱۰۰ گرمی,عدد,9,84428,66074,759852,بقالی برادران احمدی
1405/01/21,SKU00050,صابون بسته ۶ عددی,بسته,5,110123,88098,550615,سوپرمارکت پارسیان
1405/01/22,SKU00001,برنج ایرانی هاشمی ۱۰ کیلویی,کارتن,4,4133077,3490154,16532308,بقالی برادران احمدی
1405/01/22,SKU00027,برنج پاکستانی باسماتی ۱۰ کیلویی,کارتن,7,2433923,1928769,17037461,فروشگاه رفاه محلی
1405/01/22,SKU00028,روغن آفتابگردان ۱.۸ لیتری,عدد,39,169915,137769,6626685,فروشگاه زنجیره‌ای مهر
1405/01/22,SKU00029,روغن سرخ‌کردنی ۴.۵ لیتری,عدد,6,417900,349015,2507400,کافه رستوران ونک
1405/01/22,SKU00030,شکر سفید ۹۰۰ گرمی,عدد,43,38575,32146,1658725,کافه رستوران ونک
1405/01/22,SKU00031,چای کیسه‌ای ۱۰۰ عددی,عدد,11,225023,179100,2475253,سوپر پروتئین سبز
1405/01/22,SKU00032,قهوه فوری ۲۰۰ گرمی,عدد,6,477600,385754,2865600,مینی‌مارکت شبانه
1405/01/22,SKU00033,نوشابه خانواده ۱.۵ لیتری,عدد,49,44086,34902,2160214,سوپر مارکت البرز
1405/01/22,SKU00034,آب معدنی ۱.۵ لیتری بسته ۶ عددی,بسته,22,88172,71640,1939784,مینی‌مارکت نسیم
1405/01/22,SKU00035,ماکارونی ۷۰۰ گرمی,عدد,21,47760,38575,1002960,سوپر مارکت البرز
1405/01/22,SKU00036,رب گوجه ۸۰۰ گرمی,عدد,2,99194,80825,198388,سوپرمارکت آفتاب
1405/01/22,SKU00037,تن ماهی ۱۸۰ گرمی,عدد,17,154302,123992,2623134,بقالی برادران احمدی
1405/01/22,SKU00038,لوبیا چیتی ۹۰۰ گرمی,عدد,7,130422,105623,912954,فروشگاه گلستان
1405/01/22,SKU00039,عدس ۹۰۰ گرمی,عدد,11,112052,90009,1232572,سوپرمارکت آفتاب
1405/01/22,SKU00040,نخود ۹۰۰ گرمی,عدد,7,119400,96438,835800,سوپرمارکت پارسیان
1405/01/22,SKU00041,پنیر سفید ۴۰۰ گرمی,عدد,22,101031,80825,2222682,بقالی برادران احمدی
1405/01/22,SKU00042,شیر کم‌چرب ۱ لیتری,عدد,29,47760,38575,1385040,سوپرمارکت پارسیان
1405/01/22,SKU00043,ماست دبه ۲ کیلویی,عدد,14,188285,151546,2635990,هایپر ستاره شهر
1405/01/22,SKU00044,کره حیوانی ۱۰۰ گرمی,عدد,8,108378,87254,867024,فروشگاه امید
1405/01/22,SKU00045,مایع ظرفشویی ۳.۷۵ لیتری,عدد,9,202062,160731,1818558,فروشگاه زنجیره‌ای مهر
1405/01/22,SKU00046,پودر لباسشویی ۵ کیلویی,عدد,4,431677,353608,1726708,بوفه دانشگاه
1405/01/22,SKU00047,دستمال کاغذی ۳۰۰ برگ,بسته,23,78069,62455,1795587,بقالی برادران احمدی
1405/01/22,SKU00048,شامپو ۹۰۰ میلی‌لیتری,عدد,7,246148,197469,1723036,فروشگاه یاس
1405/01/22,SKU00049,خمیر دندان ۱۰۰ گرمی,عدد,12,84498,66129,1013976,فروشگاه یاس
1405/01/22,SKU00050,صابون بسته ۶ عددی,بسته,6,110215,88172,661290,بوفه دانشگاه
1405/01/23,SKU00001,برنج ایرانی هاشمی ۱۰ کیلویی,کارتن,2,4136538,3493077,8273076,فروشگاه یاس
1405/01/23,SKU00027,برنج پاکستانی باسماتی ۱۰ کیلویی,کارتن,4,2435962,1930385,9743848,فروشگاه سپیدار
1405/01/23,SKU00028,روغن آفتابگردان ۱.۸ لیتری,عدد,16,170058,137885,2720928,فروشگاه گلستان
1405/01/23,SKU00029,روغن سرخ‌کردنی ۴.۵ لیتری,عدد,5,418250,349308,2091250,فروشگاه سپیدار
1405/01/23,SKU00030,شکر سفید ۹۰۰ گرمی,عدد,21,38608,32173,810768,فروشگاه سپیدار
1405/01/23,SKU00031,چای کیسه‌ای ۱۰۰ عددی,عدد,12,225212,179250,2702544,فروشگاه امید
1405/01/23,SKU00032,قهوه فوری ۲۰۰ گرمی,عدد,8,478000,386077,3824000,فروشگاه زنجیره‌ای مهر
1405/01/23,SKU00033,نوشابه خانواده ۱.۵ لیتری,عدد,36,44123,34931,1588428,بقالی برادران احمدی
1405/01/23,SKU00034,آب معدنی ۱.۵ لیتری بسته ۶ عددی,بسته,24,88246,71700,2117904,فروشگاه امید
1405/01/23,SKU00035,ماکارونی ۷۰۰ گرمی,عدد,30,47800,38608,1434000,مینی‌مارکت نسیم
1405/01/23,SKU00036,رب گوجه ۸۰۰ گرمی,عدد,14,99277,80892,1389878,بوفه دانشگاه
1405/01/23,SKU00037,تن ماهی ۱۸۰ گرمی,عدد,13,154431,124096,2007603,فروشگاه یاس
1405/01/23,SKU00038,لوبیا چیتی ۹۰۰ گرمی,عدد,3,130531,105712,391593,هایپر نیک
1405/01/23,SKU00039,عدس ۹۰۰ گرمی,عدد,8,112146,90085,897168,سوپر مارکت البرز
1405/01/23,SKU00040,نخود ۹۰۰ گرمی,عدد,6,119500,96519,717000,هایپر ستاره شهر
1405/01/23,SKU00041,پنیر سفید ۴۰۰ گرمی,عدد,19,101115,80892,1921185,بوفه دانشگاه
1405/01/23,SKU00042,شیر کم‌چرب ۱ لیتری,عدد,27,47800,38608,1290600,سوپر پروتئین سبز
1405/01/23,SKU00043,ماست دبه ۲ کیلویی,عدد,17,188442,151673,3203514,فروشگاه گلستان
1405/01/23,SKU00044,کره حیوانی ۱۰۰ گرمی,عدد,10,108469,87327,1084690,تعاونی مصرف کارکنان
1405/01/23,SKU00045,مایع ظرفشویی ۳.۷۵ لیتری,عدد,15,202231,160865,3033465,سوپر پروتئین سبز
1405/01/23,SKU00046,پودر لباسشویی ۵ کیلویی,عدد,4,432038,353904,1728152,هایپر ستاره شهر
1405/01/23,SKU00047,دستمال کاغذی ۳۰۰ برگ,بسته,12,78135,62508,937620,فروشگاه سپیدار
1405/01/23,SKU00048,شامپو ۹۰۰ میلی‌لیتری,عدد,8,246354,197635,1970832,بقالی برادران احمدی
1405/01/23,SKU00049,خمیر دندان ۱۰۰ گرمی,عدد,6,84569,66185,507414,هایپر نیک
1405/01/23,SKU00050,صابون بسته ۶ عددی,بسته,8,110308,88246,882464,فروشگاه گلستان
1405/01/24,SKU00001,برنج ایرانی هاشمی ۱۰ کیلویی,کارتن,2,4140000,3496000,8280000,سوپرمارکت آفتاب
1405/01/24,SKU00027,برنج پاکستانی باسماتی ۱۰ کیلویی,کارتن,3,2438000,1932000,7314000,سوپر مارکت البرز
1405/01/24,SKU00028,روغن آفتابگردان ۱.۸ لیتری,عدد,24,170200,138000,4084800,فروشگاه سپیدار
1405/01/24,SKU00029,روغن سرخ‌کردنی ۴.۵ لیتری,عدد,6,418600,349600,2511600,سوپر پروتئین سبز
1405/01/24,SKU00030,شکر سفید ۹۰۰ گرمی,عدد,19,38640,32200,734160,فروشگاه امید
1405/01/24,SKU00031,چای کیسه‌ای ۱۰۰ عددی,عدد,15,225400,179400,3381000,فروشگاه رفاه محلی
1405/01/24,SKU00032,قهوه فوری ۲۰۰ گرمی,عدد,3,478400,386400,1435200,کافه رستوران ونک
1405/01/24,SKU00033,نوشابه خانواده ۱.۵ لیتری,عدد,18,44160,34960,794880,بقالی برادران احمدی
1405/01/24,SKU00034,آب معدنی ۱.۵ لیتری بسته ۶ عددی,بسته,15,88320,71760,1324800,بقالی برادران احمدی
1405/01/24,SKU00035,ماکارونی ۷۰۰ گرمی,عدد,23,47840,38640,1100320,فروشگاه یاس
1405/01/24,SKU00036,رب گوجه ۸۰۰ گرمی,عدد,7,99360,80960,695520,مینی‌مارکت شبانه
1405/01/24,SKU00037,تن ماهی ۱۸۰ گرمی,عدد,16,154560,124200,2472960,سوپر پروتئین سبز
1405/01/24,SKU00038,لوبیا چیتی ۹۰۰ گرمی,عدد,9,130640,105800,1175760,فروشگاه زنجیره‌ای مهر
1405/01/24,SKU00039,عدس ۹۰۰ گرمی,عدد,8,112240,90160,897920,بقالی برادران احمدی
1405/01/24,SKU00040,نخود ۹۰۰ گرمی,عدد,5,119600,96600,598000,سوپر مارکت البرز
1405/01/24,SKU00041,پنیر سفید ۴۰۰ گرمی,عدد,17,101200,80960,1720400,فروشگاه امید
1405/01/24,SKU00042,شیر کم‌چرب ۱ لیتری,عدد,21,47840,38640,1004640,سوپر مارکت البرز
1405/01/24,SKU00043,ماست دبه ۲ کیلویی,عدد,13,188600,151800,2451800,مینی‌مارکت نسیم
1405/01/24,SKU00044,کره حیوانی ۱۰۰ گرمی,عدد,11,108560,87400,1194160,هایپر ستاره شهر
1405/01/24,SKU00045,مایع ظرفشویی ۳.۷۵ لیتری,عدد,13,202400,161000,2631200,فروشگاه یاس
1405/01/24,SKU00046,پودر لباسشویی ۵ کیلویی,عدد,3,432400,354200,1297200,فروشگاه یاس
1405/01/24,SKU00047,دستمال کاغذی ۳۰۰ برگ,بسته,23,78200,62560,1798600,سوپر مارکت البرز
1405/01/24,SKU00048,شامپو ۹۰۰ میلی‌لیتری,عدد,5,246560,197800,1232800,فروشگاه زنجیره‌ای مهر
1405/01/24,SKU00049,خمیر دندان ۱۰۰ گرمی,عدد,4,84640,66240,338560,هایپر ستاره شهر
1405/01/24,SKU00050,صابون بسته ۶ عددی,بسته,7,110400,88320,772800,هایپر ستاره شهر
1405/01/25,SKU00001,برنج ایرانی هاشمی ۱۰ کیلویی,کارتن,2,4143462,3498923,8286924,سوپرمارکت پارسیان
1405/01/25,SKU00027,برنج پاکستانی باسماتی ۱۰ کیلویی,کارتن,4,2440038,1933615,9760152,فروشگاه گلستان
1405/01/25,SKU00028,روغن آفتابگردان ۱.۸ لیتری,عدد,16,170342,138115,2725472,هایپر ستاره شهر
1405/01/25,SKU00029,روغن سرخ‌کردنی ۴.۵ لیتری,عدد,7,418950,349892,2932650,فروشگاه یاس
1405/01/25,SKU00030,شکر سفید ۹۰۰ گرمی,عدد,20,38672,32227,773440,فروشگاه امید
1405/01/25,SKU00031,چای کیسه‌ای ۱۰۰ عددی,عدد,5,225588,179550,1127940,سوپر پروتئین سبز
1405/01/25,SKU00032,قهوه فوری ۲۰۰ گرمی,عدد,6,478800,386723,2872800,مینی‌مارکت نسیم
1405/01/25,SKU00033,نوشابه خانواده ۱.۵ لیتری,عدد,15,44197,34989,662955,مینی‌مارکت شبانه
1405/01/25,SKU00034,آب معدنی ۱.۵ لیتری بسته ۶ عددی,بسته,23,88394,71820,2033062,مینی‌مارکت نسیم
1405/01/25,SKU00035,ماکارونی ۷۰۰ گرمی,عدد,34,47880,38672,1627920,کافه رستوران ونک
1405/01/25,SKU00036,رب گوجه ۸۰۰ گرمی,عدد,17,99443,81028,1690531,سوپر پروتئین سبز
1405/01/25,SKU00037,تن ماهی ۱۸۰ گرمی,عدد,18,154689,124304,2784402,هایپر نیک
1405/01/25,SKU00038,لوبیا چیتی ۹۰۰ گرمی,عدد,9,130749,105888,1176741,فروشگاه رفاه محلی
1405/01/25,SKU00039,عدس ۹۰۰ گرمی,عدد,7,112334,90235,786338,سوپرمارکت آفتاب
1405/01/25,SKU00040,نخود ۹۰۰ گرمی,عدد,5,119700,96681,598500,بوفه دانشگاه
1405/01/25,SKU00041,پنیر سفید ۴۰۰ گرمی,عدد,19,101285,81028,1924415,فروشگاه یاس
1405/01/25,SKU00042,شیر کم‌چرب ۱ لیتری,عدد,34,47880,38672,1627920,بقالی برادران احمدی
1405/01/25,SKU00043,ماست دبه ۲ کیلویی,عدد,6,188758,151927,1132548,هایپر ستاره شهر
1405/01/25,SKU00044,کره حیوانی ۱۰۰ گرمی,عدد,7,108651,87473,760557,کافه رستوران ونک
1405/01/25,SKU00045,مایع ظرفشویی ۳.۷۵ لیتری,عدد,10,202569,161135,2025690,تعاونی مصرف کارکنان
1405/01/25,SKU00046,پودر لباسشویی ۵ کیلویی,عدد,6,432762,354496,2596572,سوپرمارکت پارسیان
1405/01/25,SKU00047,دستمال کاغذی ۳۰۰ برگ,بسته,21,78265,62612,1643565,مینی‌مارکت شبانه
1405/01/25,SKU00048,شامپو ۹۰۰ میلی‌لیتری,عدد,6,246766,197965,1480596,فروشگاه یاس
1405/01/25,SKU00049,خمیر دندان ۱۰۰ گرمی,عدد,19,84711,66295,1609509,بوفه دانشگاه
1405/01/25,SKU00050,صابون بسته ۶ عددی,بسته,11,110492,88394,1215412,فروشگاه رفاه محلی
1405/01/26,SKU00001,برنج ایرانی هاشمی ۱۰ کیلویی,کارتن,4,4146923,3501846,16587692,فروشگاه گلستان
1405/01/26,SKU00027,برنج پاکستانی باسماتی ۱۰ کیلویی,کارتن,2,2442077,1935231,4884154,فروشگاه رفاه محلی
1405/01/26,SKU00028,روغن آفتابگردان ۱.۸ لیتری,عدد,42,170485,138231,7160370,بوفه دانشگاه
1405/01/26,SKU00029,روغن سرخ‌کردنی ۴.۵ لیتری,عدد,7,419300,350185,2935100,فروشگاه گلستان
1405/01/26,SKU00030,شکر سفید ۹۰۰ گرمی,عدد,35,38705,32254,1354675,فروشگاه زنجیره‌ای مهر
1405/01/26,SKU00031,چای کیسه‌ای ۱۰۰ عددی,عدد,15,225777,179700,3386655,فروشگاه سپیدار
1405/01/26,SKU00032,قهوه فوری ۲۰۰ گرمی,عدد,7,479200,387046,3354400,هایپر نیک
1405/01/26,SKU00033,نوشابه خانواده ۱.۵ لیتری,عدد,56,44234,35018,2477104,سوپر مارکت البرز
1405/01/26,SKU00034,آب معدنی ۱.۵ لیتری بسته ۶ عددی,بسته,23,88468,71880,2034764,سوپر پروتئین سبز
1405/01/26,SKU00035,ماکارونی ۷۰۰ گرمی,عدد,35,47920,38705,1677200,مینی‌مارکت شبانه
1405/01/26,SKU00036,رب گوجه ۸۰۰ گرمی,عدد,14,99526,81095,1393364,فروشگاه سپیدار
1405/01/26,SKU00037,تن ماهی ۱۸۰ گرمی,عدد,23,154818,124408,3560814,فروشگاه سپیدار
1405/01/26,SKU00038,لوبیا چیتی ۹۰۰ گرمی,عدد,11,130858,105977,1439438,سوپرمارکت آفتاب
1405/01/26,SKU00039,عدس ۹۰۰ گرمی,عدد,7,112428,90311,786996,فروشگاه رفاه محلی
1405/01/26,SKU00040,نخود ۹۰۰ گرمی,عدد,2,119800,96762,239600,تعاونی مصرف کارکنان
1405/01/26,SKU00041,پنیر سفید ۴۰۰ گرمی,عدد,11,101369,81095,1115059,مینی‌مارکت نسیم
1405/01/26,SKU00042,شیر کم‌چرب ۱ لیتری,عدد,14,47920,38705,670880,کافه رستوران ونک
1405/01/26,SKU00043,ماست دبه ۲ کیلویی,عدد,20,188915,152054,3778300,سوپرمارکت پارسیان
1405/01/26,SKU00044,کره حیوانی ۱۰۰ گرمی,عدد,9,108742,87546,978678,فروشگاه امید
1405/01/26,SKU00045,مایع ظرفشویی ۳.۷۵ لیتری,عدد,11,202738,161269,2230118,فروشگاه زنجیره‌ای مهر
1405/01/26,SKU00046,پودر لباسشویی ۵ کیلویی,عدد,7,433123,354792,3031861,بقالی برادران احمدی
1405/01/26,SKU00047,دستمال کاغذی ۳۰۰ برگ,بسته,29,78331,62665,2271599,بقالی برادران احمدی
1405/01/26,SKU00048,شامپو ۹۰۰ میلی‌لیتری,عدد,5,246972,198131,1234860,هایپر ستاره شهر
1405/01/26,SKU00049,خمیر دندان ۱۰۰ گرمی,عدد,14,84782,66351,1186948,بقالی برادران احمدی
1405/01/26,SKU00050,صابون بسته ۶ عددی,بسته,7,110585,88468,774095,فروشگاه رفاه محلی
1405/01/27,SKU00001,برنج ایرانی هاشمی ۱۰ کیلویی,کارتن,3,4150385,3504769,12451155,تعاونی مصرف کارکنان
1405/01/27,SKU00027,برنج پاکستانی باسماتی ۱۰ کیلویی,کارتن,5,2444115,1936846,12220575,فروشگاه یاس
1405/01/27,SKU00028,روغن آفتابگردان ۱.۸ لیتری,عدد,51,170627,138346,8701977,سوپر مارکت البرز
1405/01/27,SKU00029,روغن سرخ‌کردنی ۴.۵ لیتری,عدد,13,419650,350477,5455450,تعاونی مصرف کارکنان
1405/01/27,SKU00030,شکر سفید ۹۰۰ گرمی,عدد,25,38737,32281,968425,هایپر نیک
1405/01/27,SKU00031,چای کیسه‌ای ۱۰۰ عددی,عدد,13,225965,179850,2937545,سوپرمارکت پارسیان
1405/01/27,SKU00032,قهوه فوری ۲۰۰ گرمی,عدد,5,479600,387369,2398000,هایپر نیک
1405/01/27,SKU00033,نوشابه خانواده ۱.۵ لیتری,عدد,131,44271,35048,5799501,هایپر ستاره شهر
1405/01/27,SKU00034,آب معدنی ۱.۵ لیتری بسته ۶ عددی,بسته,30,88542,71940,2656260,فروشگاه گلستان
1405/01/27,SKU00035,ماکارونی ۷۰۰ گرمی,عدد,52,47960,38737,2493920,فروشگاه سپیدار
1405/01/27,SKU00036,رب گوجه ۸۰۰ گرمی,عدد,23,99609,81163,2291007,سوپر مارکت البرز
1405/01/27,SKU00037,تن ماهی ۱۸۰ گرمی,عدد,20,154948,124512,3098960,سوپر مارکت البرز
1405/01/27,SKU00038,لوبیا چیتی ۹۰۰ گرمی,عدد,24,130968,106065,3143232,فروشگاه رفاه محلی
1405/01/27,SKU00039,عدس ۹۰۰ گرمی,عدد,12,112522,90386,1350264,فروشگاه یاس
1405/01/27,SKU00040,نخود ۹۰۰ گرمی,عدد,9,119900,96842,1079100,مینی‌مارکت نسیم
1405/01/27,SKU00041,پنیر سفید ۴۰۰ گرمی,عدد,23,101454,81163,2333442,مینی‌مارکت نسیم
1405/01/27,SKU00042,شیر کم‌چرب ۱ لیتری,عدد,38,47960,38737,1822480,مینی‌مارکت نسیم
1405/01/27,SKU00043,ماست دبه ۲ کیلویی,عدد,26,189073,152181,4915898,فروشگاه سپیدار
1405/01/27,SKU00044,کره حیوانی ۱۰۰ گرمی,عدد,27,108832,87619,2938464,بقالی برادران احمدی
1405/01/27,SKU00045,مایع ظرفشویی ۳.۷۵ لیتری,عدد,17,202908,161404,3449436,کافه رستوران ونک
1405/01/27,SKU00046,پودر لباسشویی ۵ کیلویی,عدد,9,433485,355088,3901365,هایپر نیک
1405/01/27,SKU00047,دستمال کاغذی ۳۰۰ برگ,بسته,31,78396,62717,2430276,مینی‌مارکت نسیم
1405/01/27,SKU00048,شامپو ۹۰۰ میلی‌لیتری,عدد,8,247178,198296,1977424,تعاونی مصرف کارکنان
1405/01/27,SKU00049,خمیر دندان ۱۰۰ گرمی,عدد,13,84852,66406,1103076,فروشگاه زنجیره‌ای مهر
1405/01/27,SKU00050,صابون بسته ۶ عددی,بسته,17,110677,88542,1881509,فروشگاه امید
1405/01/28,SKU00001,برنج ایرانی هاشمی ۱۰ کیلویی,کارتن,2,4153846,3507692,8307692,سوپرمارکت پارسیان
1405/01/28,SKU00027,برنج پاکستانی باسماتی ۱۰ کیلویی,کارتن,2,2446154,1938462,4892308,هایپر نیک
1405/01/28,SKU00028,روغن آفتابگردان ۱.۸ لیتری,عدد,9,170769,138462,1536921,تعاونی مصرف کارکنان
1405/01/28,SKU00029,روغن سرخ‌کردنی ۴.۵ لیتری,عدد,4,420000,350769,1680000,بوفه دانشگاه
1405/01/28,SKU00030,شکر سفید ۹۰۰ گرمی,عدد,7,38769,32308,271383,فروشگاه رفاه محلی
1405/01/28,SKU00031,چای کیسه‌ای ۱۰۰ عددی,عدد,6,226154,180000,1356924,فروشگاه زنجیره‌ای مهر
1405/01/28,SKU00032,قهوه فوری ۲۰۰ گرمی,عدد,4,480000,387692,1920000,مینی‌مارکت نسیم
1405/01/28,SKU00033,نوشابه خانواده ۱.۵ لیتری,عدد,24,44308,35077,1063392,مینی‌مارکت شبانه
1405/01/28,SKU00034,آب معدنی ۱.۵ لیتری بسته ۶ عددی,بسته,9,88615,72000,797535,سوپرمارکت پارسیان
1405/01/28,SKU00035,ماکارونی ۷۰۰ گرمی,عدد,19,48000,38769,912000,فروشگاه رفاه محلی
1405/01/28,SKU00036,رب گوجه ۸۰۰ گرمی,عدد,8,99692,81231,797536,فروشگاه گلستان
1405/01/28,SKU00037,تن ماهی ۱۸۰ گرمی,عدد,11,155077,124615,1705847,سوپر پروتئین سبز
1405/01/28,SKU00038,لوبیا چیتی ۹۰۰ گرمی,عدد,6,131077,106154,786462,سوپرمارکت آفتاب
1405/01/28,SKU00039,عدس ۹۰۰ گرمی,عدد,4,112615,90462,450460,فروشگاه گلستان
1405/01/28,SKU00040,نخود ۹۰۰ گرمی,عدد,3,120000,96923,360000,سوپر مارکت البرز
1405/01/28,SKU00041,پنیر سفید ۴۰۰ گرمی,عدد,9,101538,81231,913842,هایپر ستاره شهر
1405/01/28,SKU00042,شیر کم‌چرب ۱ لیتری,عدد,16,48000,38769,768000,فروشگاه یاس
1405/01/28,SKU00043,ماست دبه ۲ کیلویی,عدد,7,189231,152308,1324617,کافه رستوران ونک
1405/01/28,SKU00044,کره حیوانی ۱۰۰ گرمی,عدد,7,108923,87692,762461,بوفه دانشگاه
1405/01/28,SKU00045,مایع ظرفشویی ۳.۷۵ لیتری,عدد,7,203077,161538,1421539,سوپرمارکت پارسیان
1405/01/28,SKU00046,پودر لباسشویی ۵ کیلویی,عدد,1,433846,355385,433846,مینی‌مارکت نسیم
1405/01/28,SKU00047,دستمال کاغذی ۳۰۰ برگ,بسته,9,78462,62769,706158,فروشگاه سپیدار
1405/01/28,SKU00048,شامپو ۹۰۰ میلی‌لیتری,عدد,3,247385,198462,742155,مینی‌مارکت نسیم
1405/01/28,SKU00049,خمیر دندان ۱۰۰ گرمی,عدد,6,84923,66462,509538,کافه رستوران ونک
1405/01/28,SKU00050,صابون بسته ۶ عددی,بسته,7,110769,88615,775383,سوپر مارکت البرز
1405/01/29,SKU00001,برنج ایرانی هاشمی ۱۰ کیلویی,کارتن,3,4157308,3510615,12471924,کافه رستوران ونک
1405/01/29,SKU00027,برنج پاکستانی باسماتی ۱۰ کیلویی,کارتن,2,2448192,1940077,4896384,فروشگاه سپیدار
1405/01/29,SKU00028,روغن آفتابگردان ۱.۸ لیتری,عدد,18,170912,138577,3076416,هایپر نیک
1405/01/29,SKU00029,روغن سرخ‌کردنی ۴.۵ لیتری,عدد,5,420350,351062,2101750,بوفه دانشگاه
1405/01/29,SKU00030,شکر سفید ۹۰۰ گرمی,عدد,40,38802,32335,1552080,فروشگاه گلستان
1405/01/29,SKU00031,چای کیسه‌ای ۱۰۰ عددی,عدد,13,226342,180150,2942446,فروشگاه امید
1405/01/29,SKU00032,قهوه فوری ۲۰۰ گرمی,عدد,5,480400,388015,2402000,فروشگاه یاس
1405/01/29,SKU00033,نوشابه خانواده ۱.۵ لیتری,عدد,31,44345,35106,1374695,فروشگاه یاس
1405/01/29,SKU00034,آب معدنی ۱.۵ لیتری بسته ۶ عددی,بسته,31,88689,72060,2749359,فروشگاه زنجیره‌ای مهر
1405/01/29,SKU00035,ماکارونی ۷۰۰ گرمی,عدد,24,48040,38802,1152960,فروشگاه گلستان
1405/01/29,SKU00036,رب گوجه ۸۰۰ گرمی,عدد,16,99775,81298,1596400,بوفه دانشگاه
1405/01/29,SKU00037,تن ماهی ۱۸۰ گرمی,عدد,14,155206,124719,2172884,کافه رستوران ونک
1405/01/29,SKU00038,لوبیا چیتی ۹۰۰ گرمی,عدد,7,131186,106242,918302,فروشگاه رفاه محلی
1405/01/29,SKU00039,عدس ۹۰۰ گرمی,عدد,6,112709,90537,676254,سوپر مارکت البرز
1405/01/29,SKU00040,نخود ۹۰۰ گرمی,عدد,6,120100,97004,720600,فروشگاه سپیدار
1405/01/29,SKU00041,پنیر سفید ۴۰۰ گرمی,عدد,23,101623,81298,2337329,فروشگاه گلستان
1405/01/29,SKU00042,شیر کم‌چرب ۱ لیتری,عدد,26,48040,38802,1249040,هایپر نیک
1405/01/29,SKU00043,ماست دبه ۲ کیلویی,عدد,19,189388,152435,3598372,سوپرمارکت پارسیان
1405/01/29,SKU00044,کره حیوانی ۱۰۰ گرمی,عدد,12,109014,87765,1308168,تعاونی مصرف کارکنان
1405/01/29,SKU00045,مایع ظرفشویی ۳.۷۵ لیتری,عدد,20,203246,161673,4064920,سوپر پروتئین سبز
1405/01/29,SKU00046,پودر لباسشویی ۵ کیلویی,عدد,5,434208,355681,2171040,تعاونی مصرف کارکنان
1405/01/29,SKU00047,دستمال کاغذی ۳۰۰ برگ,بسته,29,78527,62822,2277283,بقالی برادران احمدی
1405/01/29,SKU00048,شامپو ۹۰۰ میلی‌لیتری,عدد,5,247591,198627,1237955,سوپر پروتئین سبز
1405/01/29,SKU00049,خمیر دندان ۱۰۰ گرمی,عدد,17,84994,66517,1444898,فروشگاه امید
1405/01/29,SKU00050,صابون بسته ۶ عددی,بسته,11,110862,88689,1219482,فروشگاه گلستان
1405/01/30,SKU00001,برنج ایرانی هاشمی ۱۰ کیلویی,کارتن,2,4160769,3513538,8321538,هایپر نیک
1405/01/30,SKU00027,برنج پاکستانی باسماتی ۱۰ کیلویی,کارتن,4,2450231,1941692,9800924,بقالی برادران احمدی
1405/01/30,SKU00028,روغن آفتابگردان ۱.۸ لیتری,عدد,14,171054,138692,2394756,بوفه دانشگاه
1405/01/30,SKU00029,روغن سرخ‌کردنی ۴.۵ لیتری,عدد,4,420700,351354,1682800,سوپر پروتئین سبز
1405/01/30,SKU00030,شکر سفید ۹۰۰ گرمی,عدد,24,38834,32362,932016,سوپرمارکت پارسیان
1405/01/30,SKU00031,چای کیسه‌ای ۱۰۰ عددی,عدد,5,226531,180300,1132655,هایپر ستاره شهر
1405/01/30,SKU00032,قهوه فوری ۲۰۰ گرمی,عدد,6,480800,388338,2884800,سوپرمارکت آفتاب
1405/01/30,SKU00033,نوشابه خانواده ۱.۵ لیتری,عدد,42,44382,35135,1864044,سوپر مارکت البرز
1405/01/30,SKU00034,آب معدنی ۱.۵ لیتری بسته ۶ عددی,بسته,22,88763,72120,1952786,سوپرمارکت پارسیان
1405/01/30,SKU00035,ماکارونی ۷۰۰ گرمی,عدد,23,48080,38834,1105840,هایپر نیک
1405/01/30,SKU00036,رب گوجه ۸۰۰ گرمی,عدد,14,99858,81366,1398012,سوپر مارکت البرز
1405/01/30,SKU00037,تن ماهی ۱۸۰ گرمی,عدد,18,155335,124823,2796030,سوپرمارکت آفتاب
1405/01/30,SKU00038,لوبیا چیتی ۹۰۰ گرمی,عدد,11,131295,106331,1444245,کافه رستوران ونک
1405/01/30,SKU00039,عدس ۹۰۰ گرمی,عدد,8,112803,90612,902424,فروشگاه سپیدار
1405/01/30,SKU00040,نخود ۹۰۰ گرمی,عدد,6,120200,97085,721200,سوپرمارکت پارسیان
1405/01/30,SKU00041,پنیر سفید ۴۰۰ گرمی,عدد,16,101708,81366,1627328,فروشگاه گلستان
1405/01/30,SKU00042,شیر کم‌چرب ۱ لیتری,عدد,23,48080,38834,1105840,بوفه دانشگاه
1405/01/30,SKU00043,ماست دبه ۲ کیلویی,عدد,8,189546,152562,1516368,بقالی برادران احمدی
1405/01/30,SKU00044,کره حیوانی ۱۰۰ گرمی,عدد,5,109105,87838,545525,فروشگاه امید
1405/01/30,SKU00045,مایع ظرفشویی ۳.۷۵ لیتری,عدد,14,203415,161808,2847810,فروشگاه یاس
1405/01/30,SKU00046,پودر لباسشویی ۵ کیلویی,عدد,5,434569,355977,2172845,تعاونی مصرف کارکنان
1405/01/30,SKU00047,دستمال کاغذی ۳۰۰ برگ,بسته,24,78592,62874,1886208,بوفه دانشگاه
1405/01/30,SKU00048,شامپو ۹۰۰ میلی‌لیتری,عدد,6,247797,198792,1486782,فروشگاه گلستان
1405/01/30,SKU00049,خمیر دندان ۱۰۰ گرمی,عدد,11,85065,66572,935715,هایپر نیک
1405/01/30,SKU00050,صابون بسته ۶ عددی,بسته,15,110954,88763,1664310,فروشگاه رفاه محلی
1405/01/31,SKU00001,برنج ایرانی هاشمی ۱۰ کیلویی,کارتن,3,4164231,3516462,12492693,مینی‌مارکت نسیم
1405/01/31,SKU00027,برنج پاکستانی باسماتی ۱۰ کیلویی,کارتن,3,2452269,1943308,7356807,فروشگاه یاس
1405/01/31,SKU00028,روغن آفتابگردان ۱.۸ لیتری,عدد,35,171196,138808,5991860,فروشگاه گلستان
1405/01/31,SKU00029,روغن سرخ‌کردنی ۴.۵ لیتری,عدد,3,421050,351646,1263150,تعاونی مصرف کارکنان
1405/01/31,SKU00030,شکر سفید ۹۰۰ گرمی,عدد,25,38866,32388,971650,هایپر ستاره شهر
1405/01/31,SKU00031,چای کیسه‌ای ۱۰۰ عددی,عدد,5,226719,180450,1133595,سوپر مارکت البرز
1405/01/31,SKU00032,قهوه فوری ۲۰۰ گرمی,عدد,6,481200,388662,2887200,سوپرمارکت پارسیان
1405/01/31,SKU00033,نوشابه خانواده ۱.۵ لیتری,عدد,34,44418,35165,1510212,سوپر پروتئین سبز
1405/01/31,SKU00034,آب معدنی ۱.۵ لیتری بسته ۶ عددی,بسته,27,88837,72180,2398599,مینی‌مارکت شبانه
1405/01/31,SKU00035,ماکارونی ۷۰۰ گرمی,عدد,17,48120,38866,818040,سوپرمارکت پارسیان
1405/01/31,SKU00036,رب گوجه ۸۰۰ گرمی,عدد,4,99942,81434,399768,مینی‌مارکت نسیم
1405/01/31,SKU00037,تن ماهی ۱۸۰ گرمی,عدد,16,155465,124927,2487440,سوپرمارکت پارسیان
1405/01/31,SKU00038,لوبیا چیتی ۹۰۰ گرمی,عدد,8,131405,106419,1051240,بوفه دانشگاه
1405/01/31,SKU00039,عدس ۹۰۰ گرمی,عدد,10,112897,90688,1128970,هایپر ستاره شهر
1405/01/31,SKU00040,نخود ۹۰۰ گرمی,عدد,7,120300,97165,842100,هایپر ستاره شهر
1405/01/31,SKU00041,پنیر سفید ۴۰۰ گرمی,عدد,22,101792,81434,2239424,فروشگاه امید
1405/01/31,SKU00042,شیر کم‌چرب ۱ لیتری,عدد,27,48120,38866,1299240,فروشگاه سپیدار
1405/01/31,SKU00043,ماست دبه ۲ کیلویی,عدد,10,189704,152688,1897040,بوفه دانشگاه
1405/01/31,SKU00044,کره حیوانی ۱۰۰ گرمی,عدد,10,109195,87912,1091950,سوپرمارکت پارسیان
1405/01/31,SKU00045,مایع ظرفشویی ۳.۷۵ لیتری,عدد,16,203585,161942,3257360,فروشگاه یاس
1405/01/31,SKU00046,پودر لباسشویی ۵ کیلویی,عدد,5,434931,356273,2174655,بقالی برادران احمدی
1405/01/31,SKU00047,دستمال کاغذی ۳۰۰ برگ,بسته,5,78658,62926,393290,تعاونی مصرف کارکنان
1405/01/31,SKU00048,شامپو ۹۰۰ میلی‌لیتری,عدد,8,248003,198958,1984024,سوپر پروتئین سبز
1405/01/31,SKU00049,خمیر دندان ۱۰۰ گرمی,عدد,9,85135,66628,766215,مینی‌مارکت نسیم
1405/01/31,SKU00050,صابون بسته ۶ عددی,بسته,7,111046,88837,777322,فروشگاه امید
1405/02/01,SKU00001,برنج ایرانی هاشمی ۱۰ کیلویی,کارتن,3,4167692,3519385,12503076,سوپر مارکت البرز
1405/02/01,SKU00027,برنج پاکستانی باسماتی ۱۰ کیلویی,کارتن,4,2454308,1944923,9817232,سوپر مارکت البرز
1405/02/01,SKU00028,روغن آفتابگردان ۱.۸ لیتری,عدد,1,171338,138923,171338,بوفه دانشگاه
1405/02/01,SKU00029,روغن سرخ‌کردنی ۴.۵ لیتری,عدد,7,421400,351938,2949800,سوپرمارکت پارسیان
1405/02/01,SKU00030,شکر سفید ۹۰۰ گرمی,عدد,29,38898,32415,1128042,سوپرمارکت پارسیان
1405/02/01,SKU00031,چای کیسه‌ای ۱۰۰ عددی,عدد,11,226908,180600,2495988,سوپر مارکت البرز
1405/02/01,SKU00032,قهوه فوری ۲۰۰ گرمی,عدد,5,481600,388985,2408000,سوپرمارکت پارسیان
1405/02/01,SKU00033,نوشابه خانواده ۱.۵ لیتری,عدد,58,44455,35194,2578390,فروشگاه یاس
1405/02/01,SKU00034,آب معدنی ۱.۵ لیتری بسته ۶ عددی,بسته,34,88911,72240,3022974,سوپر مارکت البرز
1405/02/01,SKU00035,ماکارونی ۷۰۰ گرمی,عدد,38,48160,38898,1830080,فروشگاه یاس
1405/02/01,SKU00036,رب گوجه ۸۰۰ گرمی,عدد,3,100025,81502,300075,سوپرمارکت آفتاب
1405/02/01,SKU00037,تن ماهی ۱۸۰ گرمی,عدد,10,155594,125031,1555940,فروشگاه گلستان
1405/02/01,SKU00038,لوبیا چیتی ۹۰۰ گرمی,عدد,12,131514,106508,1578168,هایپر نیک
1405/02/01,SKU00039,عدس ۹۰۰ گرمی,عدد,10,112991,90763,1129910,بوفه دانشگاه
1405/02/01,SKU00040,نخود ۹۰۰ گرمی,عدد,5,120400,97246,602000,فروشگاه سپیدار
1405/02/01,SKU00041,پنیر سفید ۴۰۰ گرمی,عدد,21,101877,81502,2139417,فروشگاه سپیدار
1405/02/01,SKU00042,شیر کم‌چرب ۱ لیتری,عدد,35,48160,38898,1685600,فروشگاه گلستان
1405/02/01,SKU00043,ماست دبه ۲ کیلویی,عدد,18,189862,152815,3417516,فروشگاه رفاه محلی
1405/02/01,SKU00044,کره حیوانی ۱۰۰ گرمی,عدد,14,109286,87985,1530004,سوپر پروتئین سبز
1405/02/01,SKU00045,مایع ظرفشویی ۳.۷۵ لیتری,عدد,6,203754,162077,1222524,سوپر پروتئین سبز
1405/02/01,SKU00046,پودر لباسشویی ۵ کیلویی,عدد,5,435292,356569,2176460,مینی‌مارکت شبانه
1405/02/01,SKU00047,دستمال کاغذی ۳۰۰ برگ,بسته,21,78723,62978,1653183,سوپر مارکت البرز
1405/02/01,SKU00048,شامپو ۹۰۰ میلی‌لیتری,عدد,3,248209,199123,744627,سوپر پروتئین سبز
1405/02/01,SKU00049,خمیر دندان ۱۰۰ گرمی,عدد,20,85206,66683,1704120,هایپر نیک
1405/02/01,SKU00050,صابون بسته ۶ عددی,بسته,7,111138,88911,777966,بقالی برادران احمدی
1405/02/02,SKU00001,برنج ایرانی هاشمی ۱۰ کیلویی,کارتن,4,4171154,3522308,16684616,بقالی برادران احمدی
1405/02/02,SKU00027,برنج پاکستانی باسماتی ۱۰ کیلویی,کارتن,5,2456346,1946538,12281730,سوپر مارکت البرز
1405/02/02,SKU00028,روغن آفتابگردان ۱.۸ لیتری,عدد,25,171481,139038,4287025,سوپرمارکت آفتاب
1405/02/02,SKU00029,روغن سرخ‌کردنی ۴.۵ لیتری,عدد,8,421750,352231,3374000,سوپر مارکت البرز
1405/02/02,SKU00030,شکر سفید ۹۰۰ گرمی,عدد,15,38931,32442,583965,بوفه دانشگاه
1405/02/02,SKU00031,چای کیسه‌ای ۱۰۰ عددی,عدد,14,227096,180750,3179344,فروشگاه رفاه محلی
1405/02/02,SKU00032,قهوه فوری ۲۰۰ گرمی,عدد,4,482000,389308,1928000,هایپر نیک
1405/02/02,SKU00033,نوشابه خانواده ۱.۵ لیتری,عدد,24,44492,35223,1067808,فروشگاه گلستان
1405/02/02,SKU00034,آب معدنی ۱.۵ لیتری بسته ۶ عددی,بسته,27,88985,72300,2402595,سوپرمارکت پارسیان
1405/02/02,SKU00035,ماکارونی ۷۰۰ گرمی,عدد,31,48200,38931,1494200,کافه رستوران ونک
1405/02/02,SKU00036,رب گوجه ۸۰۰ گرمی,عدد,13,100108,81569,1301404,سوپر پروتئین سبز
1405/02/02,SKU00037,تن ماهی ۱۸۰ گرمی,عدد,24,155723,125135,3737352,مینی‌مارکت شبانه
1405/02/02,SKU00038,لوبیا چیتی ۹۰۰ گرمی,عدد,8,131623,106596,1052984,فروشگاه یاس
1405/02/02,SKU00039,عدس ۹۰۰ گرمی,عدد,2,113085,90838,226170,فروشگاه گلستان
1405/02/02,SKU00040,نخود ۹۰۰ گرمی,عدد,6,120500,97327,723000,فروشگاه امید
1405/02/02,SKU00041,پنیر سفید ۴۰۰ گرمی,عدد,29,101962,81569,2956898,سوپر مارکت البرز
1405/02/02,SKU00042,شیر کم‌چرب ۱ لیتری,عدد,32,48200,38931,1542400,مینی‌مارکت شبانه
1405/02/02,SKU00043,ماست دبه ۲ کیلویی,عدد,19,190019,152942,3610361,فروشگاه رفاه محلی
1405/02/02,SKU00044,کره حیوانی ۱۰۰ گرمی,عدد,8,109377,88058,875016,تعاونی مصرف کارکنان
1405/02/02,SKU00045,مایع ظرفشویی ۳.۷۵ لیتری,عدد,7,203923,162212,1427461,فروشگاه گلستان
1405/02/02,SKU00046,پودر لباسشویی ۵ کیلویی,عدد,2,435654,356865,871308,سوپرمارکت پارسیان
1405/02/02,SKU00047,دستمال کاغذی ۳۰۰ برگ,بسته,22,78788,63031,1733336,مینی‌مارکت نسیم
1405/02/02,SKU00048,شامپو ۹۰۰ میلی‌لیتری,عدد,9,248415,199288,2235735,سوپرمارکت آفتاب
1405/02/02,SKU00049,خمیر دندان ۱۰۰ گرمی,عدد,9,85277,66738,767493,بوفه دانشگاه
1405/02/02,SKU00050,صابون بسته ۶ عددی,بسته,7,111231,88985,778617,بوفه دانشگاه
1405/02/03,SKU00001,برنج ایرانی هاشمی ۱۰ کیلویی,کارتن,5,4174615,3525231,20873075,بوفه دانشگاه
1405/02/03,SKU00027,برنج پاکستانی باسماتی ۱۰ کیلویی,کارتن,4,2458385,1948154,9833540,بوفه دانشگاه
1405/02/03,SKU00028,روغن آفتابگردان ۱.۸ لیتری,عدد,54,171623,139154,9267642,تعاونی مصرف کارکنان
1405/02/03,SKU00029,روغن سرخ‌کردنی ۴.۵ لیتری,عدد,7,422100,352523,2954700,سوپرمارکت پارسیان
1405/02/03,SKU00030,شکر سفید ۹۰۰ گرمی,عدد,17,38963,32469,662371,فروشگاه زنجیره‌ای مهر
1405/02/03,SKU00031,چای کیسه‌ای ۱۰۰ عددی,عدد,17,227285,180900,3863845,فروشگاه امید
1405/02/03,SKU00032,قهوه فوری ۲۰۰ گرمی,عدد,8,482400,389631,3859200,تعاونی مصرف کارکنان
1405/02/03,SKU00033,نوشابه خانواده ۱.۵ لیتری,عدد,88,44529,35252,3918552,سوپرمارکت آفتاب
1405/02/03,SKU00034,آب معدنی ۱.۵ لیتری بسته ۶ عددی,بسته,51,89058,72360,4541958,فروشگاه زنجیره‌ای مهر
1405/02/03,SKU00035,ماکارونی ۷۰۰ گرمی,عدد,43,48240,38963,2074320,فروشگاه یاس
1405/02/03,SKU00036,رب گوجه ۸۰۰ گرمی,عدد,28,100191,81637,2805348,مینی‌مارکت شبانه
1405/02/03,SKU00037,تن ماهی ۱۸۰ گرمی,عدد,25,155852,125238,3896300,فروشگاه رفاه محلی
1405/02/03,SKU00038,لوبیا چیتی ۹۰۰ گرمی,عدد,12,131732,106685,1580784,فروشگاه زنجیره‌ای مهر
1405/02/03,SKU00039,عدس ۹۰۰ گرمی,عدد,15,113178,90914,1697670,مینی‌مارکت شبانه
1405/02/03,SKU00040,نخود ۹۰۰ گرمی,عدد,10,120600,97408,1206000,فروشگاه یاس
1405/02/03,SKU00041,پنیر سفید ۴۰۰ گرمی,عدد,38,102046,81637,3877748,فروشگاه امید
1405/02/03,SKU00042,شیر کم‌چرب ۱ لیتری,عدد,63,48240,38963,3039120,فروشگاه رفاه محلی
1405/02/03,SKU00043,ماست دبه ۲ کیلویی,عدد,14,190177,153069,2662478,بوفه دانشگاه
1405/02/03,SKU00044,کره حیوانی ۱۰۰ گرمی,عدد,17,109468,88131,1860956,فروشگاه زنجیره‌ای مهر
1405/02/03,SKU00045,مایع ظرفشویی ۳.۷۵ لیتری,عدد,17,204092,162346,3469564,فروشگاه امید
1405/02/03,SKU00046,پودر لباسشویی ۵ کیلویی,عدد,9,436015,357162,3924135,کافه رستوران ونک
1405/02/03,SKU00047,دستمال کاغذی ۳۰۰ برگ,بسته,19,78854,63083,1498226,فروشگاه رفاه محلی
1405/02/03,SKU00048,شامپو ۹۰۰ میلی‌لیتری,عدد,10,248622,199454,2486220,مینی‌مارکت شبانه
1405/02/03,SKU00049,خمیر دندان ۱۰۰ گرمی,عدد,22,85348,66794,1877656,کافه رستوران ونک
1405/02/03,SKU00050,صابون بسته ۶ عددی,بسته,19,111323,89058,2115137,بقالی برادران احمدی
1405/02/04,SKU00001,برنج ایرانی هاشمی ۱۰ کیلویی,کارتن,3,4178077,3528154,12534231,تعاونی مصرف کارکنان
1405/02/04,SKU00027,برنج پاکستانی باسماتی ۱۰ کیلویی,کارتن,2,2460423,1949769,4920846,فروشگاه رفاه محلی
1405/02/04,SKU00028,روغن آفتابگردان ۱.۸ لیتری,عدد,12,171765,139269,2061180,مینی‌مارکت نسیم
1405/02/04,SKU00029,روغن سرخ‌کردنی ۴.۵ لیتری,عدد,4,422450,352815,1689800,فروشگاه رفاه محلی
1405/02/04,SKU00030,شکر سفید ۹۰۰ گرمی,عدد,19,38995,32496,740905,فروشگاه سپیدار
1405/02/04,SKU00031,چای کیسه‌ای ۱۰۰ عددی,عدد,6,227473,181050,1364838,بوفه دانشگاه
1405/02/04,SKU00032,قهوه فوری ۲۰۰ گرمی,عدد,2,482800,389954,965600,هایپر نیک
1405/02/04,SKU00033,نوشابه خانواده ۱.۵ لیتری,عدد,20,44566,35282,891320,بوفه دانشگاه
1405/02/04,SKU00034,آب معدنی ۱.۵ لیتری بسته ۶ عددی,بسته,7,89132,72420,623924,سوپر مارکت البرز
1405/02/04,SKU00035,ماکارونی ۷۰۰ گرمی,عدد,18,48280,38995,869040,سوپر مارکت البرز
1405/02/04,SKU00036,رب گوجه ۸۰۰ گرمی,عدد,6,100274,81705,601644,فروشگاه امید
1405/02/04,SKU00037,تن ماهی ۱۸۰ گرمی,عدد,8,155982,125342,1247856,مینی‌مارکت نسیم
1405/02/04,SKU00038,لوبیا چیتی ۹۰۰ گرمی,عدد,5,131842,106773,659210,فروشگاه یاس
1405/02/04,SKU00039,عدس ۹۰۰ گرمی,عدد,5,113272,90989,566360,بوفه دانشگاه
1405/02/04,SKU00040,نخود ۹۰۰ گرمی,عدد,2,120700,97488,241400,هایپر ستاره شهر
1405/02/04,SKU00041,پنیر سفید ۴۰۰ گرمی,عدد,15,102131,81705,1531965,سوپرمارکت آفتاب
1405/02/04,SKU00042,شیر کم‌چرب ۱ لیتری,عدد,13,48280,38995,627640,فروشگاه سپیدار
1405/02/04,SKU00043,ماست دبه ۲ کیلویی,عدد,12,190335,153196,2284020,سوپر پروتئین سبز
1405/02/04,SKU00044,کره حیوانی ۱۰۰ گرمی,عدد,5,109558,88204,547790,هایپر ستاره شهر
1405/02/04,SKU00045,مایع ظرفشویی ۳.۷۵ لیتری,عدد,6,204262,162481,1225572,فروشگاه سپیدار
1405/02/04,SKU00046,پودر لباسشویی ۵ کیلویی,عدد,2,436377,357458,872754,فروشگاه زنجیره‌ای مهر
1405/02/04,SKU00047,دستمال کاغذی ۳۰۰ برگ,بسته,10,78919,63135,789190,سوپر مارکت البرز
1405/02/04,SKU00048,شامپو ۹۰۰ میلی‌لیتری,عدد,4,248828,199619,995312,سوپر مارکت البرز
1405/02/04,SKU00049,خمیر دندان ۱۰۰ گرمی,عدد,5,85418,66849,427090,سوپرمارکت پارسیان
1405/02/04,SKU00050,صابون بسته ۶ عددی,بسته,5,111415,89132,557075,مینی‌مارکت شبانه
1405/02/05,SKU00001,برنج ایرانی هاشمی ۱۰ کیلویی,کارتن,2,4181538,3531077,8363076,بوفه دانشگاه
1405/02/05,SKU00027,برنج پاکستانی باسماتی ۱۰ کیلویی,کارتن,5,2462462,1951385,12312310,سوپر مارکت البرز
1405/02/05,SKU00028,روغن آفتابگردان ۱.۸ لیتری,عدد,19,171908,139385,3266252,فروشگاه گلستان
1405/02/05,SKU00029,روغن سرخ‌کردنی ۴.۵ لیتری,عدد,8,422800,353108,3382400,مینی‌مارکت نسیم
1405/02/05,SKU00030,شکر سفید ۹۰۰ گرمی,عدد,25,39028,32523,975700,هایپر نیک
1405/02/05,SKU00031,چای کیسه‌ای ۱۰۰ عددی,عدد,10,227662,181200,2276620,سوپرمارکت پارسیان
1405/02/05,SKU00032,قهوه فوری ۲۰۰ گرمی,عدد,8,483200,390277,3865600,هایپر نیک
1405/02/05,SKU00033,نوشابه خانواده ۱.۵ لیتری,عدد,12,44603,35311,535236,سوپر پروتئین سبز
1405/02/05,SKU00034,آب معدنی ۱.۵ لیتری بسته ۶ عددی,بسته,23,89206,72480,2051738,سوپر مارکت البرز
1405/02/05,SKU00035,ماکارونی ۷۰۰ گرمی,عدد,17,48320,39028,821440,فروشگاه امید
1405/02/05,SKU00036,رب گوجه ۸۰۰ گرمی,عدد,8,100357,81772,802856,تعاونی مصرف کارکنان
1405/02/05,SKU00037,تن ماهی ۱۸۰ گرمی,عدد,23,156111,125446,3590553,هایپر نیک
1405/02/05,SKU00038,لوبیا چیتی ۹۰۰ گرمی,عدد,9,131951,106862,1187559,هایپر ستاره شهر
1405/02/05,SKU00039,عدس ۹۰۰ گرمی,عدد,7,113366,91065,793562,مینی‌مارکت شبانه
1405/02/05,SKU00040,نخود ۹۰۰ گرمی,عدد,6,120800,97569,724800,سوپر پروتئین سبز
1405/02/05,SKU00041,پنیر سفید ۴۰۰ گرمی,عدد,15,102215,81772,1533225,هایپر نیک
1405/02/05,SKU00042,شیر کم‌چرب ۱ لیتری,عدد,33,48320,39028,1594560,سوپرمارکت آفتاب
1405/02/05,SKU00043,ماست دبه ۲ کیلویی,عدد,16,190492,153323,3047872,فروشگاه گلستان
1405/02/05,SKU00044,کره حیوانی ۱۰۰ گرمی,عدد,7,109649,88277,767543,هایپر نیک
1405/02/05,SKU00045,مایع ظرفشویی ۳.۷۵ لیتری,عدد,6,204431,162615,1226586,مینی‌مارکت نسیم
1405/02/05,SKU00046,پودر لباسشویی ۵ کیلویی,عدد,5,436738,357754,2183690,سوپرمارکت پارسیان
1405/02/05,SKU00047,دستمال کاغذی ۳۰۰ برگ,بسته,21,78985,63188,1658685,فروشگاه رفاه محلی
1405/02/05,SKU00048,شامپو ۹۰۰ میلی‌لیتری,عدد,7,249034,199785,1743238,بوفه دانشگاه
1405/02/05,SKU00049,خمیر دندان ۱۰۰ گرمی,عدد,8,85489,66905,683912,سوپر مارکت البرز
1405/02/05,SKU00050,صابون بسته ۶ عددی,بسته,15,111508,89206,1672620,فروشگاه گلستان
1405/02/06,SKU00001,برنج ایرانی هاشمی ۱۰ کیلویی,کارتن,4,4185000,3534000,16740000,فروشگاه یاس
1405/02/06,SKU00027,برنج پاکستانی باسماتی ۱۰ کیلویی,کارتن,4,2464500,1953000,9858000,سوپر پروتئین سبز
1405/02/06,SKU00028,روغن آفتابگردان ۱.۸ لیتری,عدد,30,172050,139500,5161500,سوپرمارکت پارسیان
1405/02/06,SKU00029,روغن سرخ‌کردنی ۴.۵ لیتری,عدد,6,423150,353400,2538900,فروشگاه امید
1405/02/06,SKU00030,شکر سفید ۹۰۰ گرمی,عدد,28,39060,32550,1093680,فروشگاه سپیدار
1405/02/06,SKU00031,چای کیسه‌ای ۱۰۰ عددی,عدد,6,227850,181350,1367100,فروشگاه سپیدار
1405/02/06,SKU00032,قهوه فوری ۲۰۰ گرمی,عدد,5,483600,390600,2418000,سوپر مارکت البرز
1405/02/06,SKU00033,نوشابه خانواده ۱.۵ لیتری,عدد,43,44640,35340,1919520,فروشگاه رفاه محلی
1405/02/06,SKU00034,آب معدنی ۱.۵ لیتری بسته ۶ عددی,بسته,24,89280,72540,2142720,مینی‌مارکت شبانه
1405/02/06,SKU00035,ماکارونی ۷۰۰ گرمی,عدد,32,48360,39060,1547520,سوپرمارکت آفتاب
1405/02/06,SKU00036,رب گوجه ۸۰۰ گرمی,عدد,10,100440,81840,1004400,کافه رستوران ونک
1405/02/06,SKU00037,تن ماهی ۱۸۰ گرمی,عدد,12,156240,125550,1874880,مینی‌مارکت نسیم
1405/02/06,SKU00038,لوبیا چیتی ۹۰۰ گرمی,عدد,10,132060,106950,1320600,فروشگاه رفاه محلی
1405/02/06,SKU00039,عدس ۹۰۰ گرمی,عدد,14,113460,91140,1588440,سوپرمارکت پارسیان
1405/02/06,SKU00040,نخود ۹۰۰ گرمی,عدد,6,120900,97650,725400,مینی‌مارکت شبانه
1405/02/06,SKU00041,پنیر سفید ۴۰۰ گرمی,عدد,22,102300,81840,2250600,سوپرمارکت آفتاب
1405/02/06,SKU00042,شیر کم‌چرب ۱ لیتری,عدد,35,48360,39060,1692600,کافه رستوران ونک
1405/02/06,SKU00043,ماست دبه ۲ کیلویی,عدد,7,190650,153450,1334550,هایپر نیک
1405/02/06,SKU00044,کره حیوانی ۱۰۰ گرمی,عدد,18,109740,88350,1975320,بوفه دانشگاه
1405/02/06,SKU00045,مایع ظرفشویی ۳.۷۵ لیتری,عدد,8,204600,162750,1636800,تعاونی مصرف کارکنان
1405/02/06,SKU00046,پودر لباسشویی ۵ کیلویی,عدد,6,437100,358050,2622600,فروشگاه رفاه محلی
1405/02/06,SKU00047,دستمال کاغذی ۳۰۰ برگ,بسته,23,79050,63240,1818150,فروشگاه سپیدار
1405/02/06,SKU00048,شامپو ۹۰۰ میلی‌لیتری,عدد,7,249240,199950,1744680,سوپر پروتئین سبز
1405/02/06,SKU00049,خمیر دندان ۱۰۰ گرمی,عدد,12,85560,66960,1026720,سوپر مارکت البرز
1405/02/06,SKU00050,صابون بسته ۶ عددی,بسته,7,111600,89280,781200,سوپر مارکت البرز
1405/02/07,SKU00001,برنج ایرانی هاشمی ۱۰ کیلویی,کارتن,3,4188462,3536923,12565386,فروشگاه زنجیره‌ای مهر
1405/02/07,SKU00027,برنج پاکستانی باسماتی ۱۰ کیلویی,کارتن,2,2466538,1954615,4933076,سوپر پروتئین سبز
1405/02/07,SKU00028,روغن آفتابگردان ۱.۸ لیتری,عدد,20,172192,139615,3443840,بقالی برادران احمدی
1405/02/07,SKU00029,روغن سرخ‌کردنی ۴.۵ لیتری,عدد,4,423500,353692,1694000,بقالی برادران احمدی
1405/02/07,SKU00030,شکر سفید ۹۰۰ گرمی,عدد,12,39092,32577,469104,کافه رستوران ونک
1405/02/07,SKU00031,چای کیسه‌ای ۱۰۰ عددی,عدد,10,228038,181500,2280380,فروشگاه گلستان
1405/02/07,SKU00032,قهوه فوری ۲۰۰ گرمی,عدد,6,484000,390923,2904000,فروشگاه یاس
1405/02/07,SKU00033,نوشابه خانواده ۱.۵ لیتری,عدد,32,44677,35369,1429664,بقالی برادران احمدی
1405/02/07,SKU00034,آب معدنی ۱.۵ لیتری بسته ۶ عددی,بسته,7,89354,72600,625478,هایپر نیک
1405/02/07,SKU00035,ماکارونی ۷۰۰ گرمی,عدد,29,48400,39092,1403600,فروشگاه زنجیره‌ای مهر
1405/02/07,SKU00036,رب گوجه ۸۰۰ گرمی,عدد,15,100523,81908,1507845,فروشگاه زنجیره‌ای مهر
1405/02/07,SKU00037,تن ماهی ۱۸۰ گرمی,عدد,11,156369,125654,1720059,فروشگاه زنجیره‌ای مهر
1405/02/07,SKU00038,لوبیا چیتی ۹۰۰ گرمی,عدد,9,132169,107038,1189521,فروشگاه امید
1405/02/07,SKU00039,عدس ۹۰۰ گرمی,عدد,8,113554,91215,908432,سوپر پروتئین سبز
1405/02/07,SKU00040,نخود ۹۰۰ گرمی,عدد,6,121000,97731,726000,کافه رستوران ونک
1405/02/07,SKU00041,پنیر سفید ۴۰۰ گرمی,عدد,9,102385,81908,921465,فروشگاه سپیدار
1405/02/07,SKU00042,شیر کم‌چرب ۱ لیتری,عدد,24,48400,39092,1161600,فروشگاه گلستان
1405/02/07,SKU00043,ماست دبه ۲ کیلویی,عدد,8,190808,153577,1526464,فروشگاه سپیدار
1405/02/07,SKU00044,کره حیوانی ۱۰۰ گرمی,عدد,11,109831,88423,1208141,فروشگاه یاس
1405/02/07,SKU00045,مایع ظرفشویی ۳.۷۵ لیتری,عدد,9,204769,162885,1842921,فروشگاه زنجیره‌ای مهر
1405/02/07,SKU00046,پودر لباسشویی ۵ کیلویی,عدد,7,437462,358346,3062234,بقالی برادران احمدی
1405/02/07,SKU00047,دستمال کاغذی ۳۰۰ برگ,بسته,18,79115,63292,1424070,تعاونی مصرف کارکنان
1405/02/07,SKU00048,شامپو ۹۰۰ میلی‌لیتری,عدد,9,249446,200115,2245014,فروشگاه سپیدار
1405/02/07,SKU00049,خمیر دندان ۱۰۰ گرمی,عدد,12,85631,67015,1027572,فروشگاه زنجیره‌ای مهر
1405/02/07,SKU00050,صابون بسته ۶ عددی,بسته,7,111692,89354,781844,تعاونی مصرف کارکنان
1405/02/08,SKU00001,برنج ایرانی هاشمی ۱۰ کیلویی,کارتن,3,4191923,3539846,12575769,هایپر نیک
1405/02/08,SKU00027,برنج پاکستانی باسماتی ۱۰ کیلویی,کارتن,5,2468577,1956231,12342885,فروشگاه رفاه محلی
1405/02/08,SKU00028,روغن آفتابگردان ۱.۸ لیتری,عدد,38,172335,139731,6548730,مینی‌مارکت شبانه
1405/02/08,SKU00029,روغن سرخ‌کردنی ۴.۵ لیتری,عدد,5,423850,353985,2119250,فروشگاه سپیدار
1405/02/08,SKU00030,شکر سفید ۹۰۰ گرمی,عدد,24,39125,32604,939000,سوپرمارکت آفتاب
1405/02/08,SKU00031,چای کیسه‌ای ۱۰۰ عددی,عدد,11,228227,181650,2510497,تعاونی مصرف کارکنان
1405/02/08,SKU00032,قهوه فوری ۲۰۰ گرمی,عدد,7,484400,391246,3390800,فروشگاه امید
1405/02/08,SKU00033,نوشابه خانواده ۱.۵ لیتری,عدد,46,44714,35398,2056844,فروشگاه رفاه محلی
1405/02/08,SKU00034,آب معدنی ۱.۵ لیتری بسته ۶ عددی,بسته,19,89428,72660,1699132,فروشگاه زنجیره‌ای مهر
1405/02/08,SKU00035,ماکارونی ۷۰۰ گرمی,عدد,32,48440,39125,1550080,مینی‌مارکت نسیم
1405/02/08,SKU00036,رب گوجه ۸۰۰ گرمی,عدد,8,100606,81975,804848,فروشگاه یاس
1405/02/08,SKU00037,تن ماهی ۱۸۰ گرمی,عدد,17,156498,125758,2660466,فروشگاه گلستان
1405/02/08,SKU00038,لوبیا چیتی ۹۰۰ گرمی,عدد,3,132278,107127,396834,فروشگاه رفاه محلی
1405/02/08,SKU00039,عدس ۹۰۰ گرمی,عدد,6,113648,91291,681888,هایپر ستاره شهر
1405/02/08,SKU00040,نخود ۹۰۰ گرمی,عدد,6,121100,97812,726600,فروشگاه رفاه محلی
1405/02/08,SKU00041,پنیر سفید ۴۰۰ گرمی,عدد,28,102469,81975,2869132,سوپرمارکت آفتاب
1405/02/08,SKU00042,شیر کم‌چرب ۱ لیتری,عدد,32,48440,39125,1550080,سوپر مارکت البرز
1405/02/08,SKU00043,ماست دبه ۲ کیلویی,عدد,19,190965,153704,3628335,بقالی برادران احمدی
1405/02/08,SKU00044,کره حیوانی ۱۰۰ گرمی,عدد,7,109922,88496,769454,مینی‌مارکت شبانه
1405/02/08,SKU00045,مایع ظرفشویی ۳.۷۵ لیتری,عدد,14,204938,163019,2869132,مینی‌مارکت نسیم
1405/02/08,SKU00046,پودر لباسشویی ۵ کیلویی,عدد,6,437823,358642,2626938,فروشگاه رفاه محلی
1405/02/08,SKU00047,دستمال کاغذی ۳۰۰ برگ,بسته,37,79181,63345,2929697,سوپر پروتئین سبز
1405/02/08,SKU00048,شامپو ۹۰۰ میلی‌لیتری,عدد,6,249652,200281,1497912,فروشگاه امید
1405/02/08,SKU00049,خمیر دندان ۱۰۰ گرمی,عدد,14,85702,67071,1199828,تعاونی مصرف کارکنان
1405/02/08,SKU00050,صابون بسته ۶ عددی,بسته,10,111785,89428,1117850,مینی‌مارکت نسیم
1405/02/09,SKU00001,برنج ایرانی هاشمی ۱۰ کیلویی,کارتن,3,4195385,3542769,12586155,تعاونی مصرف کارکنان
1405/02/09,SKU00027,برنج پاکستانی باسماتی ۱۰ کیلویی,کارتن,3,2470615,1957846,7411845,تعاونی مصرف کارکنان
1405/02/09,SKU00028,روغن آفتابگردان ۱.۸ لیتری,عدد,35,172477,139846,6036695,فروشگاه زنجیره‌ای مهر
1405/02/09,SKU00029,روغن سرخ‌کردنی ۴.۵ لیتری,عدد,5,424200,354277,2121000,کافه رستوران ونک
1405/02/09,SKU00030,شکر سفید ۹۰۰ گرمی,عدد,40,39157,32631,1566280,سوپرمارکت آفتاب
1405/02/09,SKU00031,چای کیسه‌ای ۱۰۰ عددی,عدد,14,228415,181800,3197810,سوپرمارکت آفتاب
1405/02/09,SKU00032,قهوه فوری ۲۰۰ گرمی,عدد,6,484800,391569,2908800,فروشگاه امید
1405/02/09,SKU00033,نوشابه خانواده ۱.۵ لیتری,عدد,64,44751,35428,2864064,فروشگاه سپیدار
1405/02/09,SKU00034,آب معدنی ۱.۵ لیتری بسته ۶ عددی,بسته,21,89502,72720,1879542,سوپر پروتئین سبز
1405/02/09,SKU00035,ماکارونی ۷۰۰ گرمی,عدد,29,48480,39157,1405920,فروشگاه گلستان
1405/02/09,SKU00036,رب گوجه ۸۰۰ گرمی,عدد,12,100689,82043,1208268,فروشگاه گلستان
1405/02/09,SKU00037,تن ماهی ۱۸۰ گرمی,عدد,27,156628,125862,4228956,هایپر ستاره شهر
1405/02/09,SKU00038,لوبیا چیتی ۹۰۰ گرمی,عدد,9,132388,107215,1191492,سوپر مارکت البرز
1405/02/09,SKU00039,عدس ۹۰۰ گرمی,عدد,2,113742,91366,227484,مینی‌مارکت شبانه
1405/02/09,SKU00040,نخود ۹۰۰ گرمی,عدد,8,121200,97892,969600,کافه رستوران ونک
1405/02/09,SKU00041,پنیر سفید ۴۰۰ گرمی,عدد,16,102554,82043,1640864,فروشگاه یاس
1405/02/09,SKU00042,شیر کم‌چرب ۱ لیتری,عدد,31,48480,39157,1502880,سوپرمارکت آفتاب
1405/02/09,SKU00043,ماست دبه ۲ کیلویی,عدد,14,191123,153831,2675722,بوفه دانشگاه
1405/02/09,SKU00044,کره حیوانی ۱۰۰ گرمی,عدد,10,110012,88569,1100120,فروشگاه رفاه محلی
1405/02/09,SKU00045,مایع ظرفشویی ۳.۷۵ لیتری,عدد,15,205108,163154,3076620,سوپرمارکت آفتاب
1405/02/09,SKU00046,پودر لباسشویی ۵ کیلویی,عدد,7,438185,358938,3067295,فروشگاه گلستان
1405/02/09,SKU00047,دستمال کاغذی ۳۰۰ برگ,بسته,33,79246,63397,2615118,سوپرمارکت پارسیان
1405/02/09,SKU00048,شامپو ۹۰۰ میلی‌لیتری,عدد,4,249858,200446,999432,فروشگاه سپیدار
1405/02/09,SKU00049,خمیر دندان ۱۰۰ گرمی,عدد,14,85772,67126,1200808,سوپر مارکت البرز
1405/02/09,SKU00050,صابون بسته ۶ عددی,بسته,12,111877,89502,1342524,فروشگاه امید
1405/02/10,SKU00001,برنج ایرانی هاشمی ۱۰ کیلویی,کارتن,3,4198846,3545692,12596538,فروشگاه زنجیره‌ای مهر
1405/02/10,SKU00027,برنج پاکستانی باسماتی ۱۰ کیلویی,کارتن,4,2472654,1959462,9890616,فروشگاه گلستان
1405/02/10,SKU00028,روغن آفتابگردان ۱.۸ لیتری,عدد,36,172619,139962,6214284,هایپر ستاره شهر
1405/02/10,SKU00029,روغن سرخ‌کردنی ۴.۵ لیتری,عدد,8,424550,354569,3396400,فروشگاه رفاه محلی
1405/02/10,SKU00030,شکر سفید ۹۰۰ گرمی,عدد,45,39189,32658,1763505,سوپر پروتئین سبز
1405/02/10,SKU00031,چای کیسه‌ای ۱۰۰ عددی,عدد,6,228604,181950,1371624,فروشگاه رفاه محلی
1405/02/10,SKU00032,قهوه فوری ۲۰۰ گرمی,عدد,3,485200,391892,1455600,فروشگاه زنجیره‌ای مهر
1405/02/10,SKU00033,نوشابه خانواده ۱.۵ لیتری,عدد,48,44788,35457,2149824,سوپر مارکت البرز
1405/02/10,SKU00034,آب معدنی ۱.۵ لیتری بسته ۶ عددی,بسته,29,89575,72780,2597675,فروشگاه سپیدار
1405/02/10,SKU00035,ماکارونی ۷۰۰ گرمی,عدد,27,48520,39189,1310040,سوپرمارکت پارسیان
1405/02/10,SKU00036,رب گوجه ۸۰۰ گرمی,عدد,11,100772,82111,1108492,هایپر ستاره شهر
1405/02/10,SKU00037,تن ماهی ۱۸۰ گرمی,عدد,26,156757,125965,4075682,فروشگاه گلستان
1405/02/10,SKU00038,لوبیا چیتی ۹۰۰ گرمی,عدد,15,132497,107304,1987455,سوپرمارکت آفتاب
1405/02/10,SKU00039,عدس ۹۰۰ گرمی,عدد,17,113835,91442,1935195,سوپرمارکت آفتاب
1405/02/10,SKU00040,نخود ۹۰۰ گرمی,عدد,5,121300,97973,606500,سوپر پروتئین سبز
1405/02/10,SKU00041,پنیر سفید ۴۰۰ گرمی,عدد,45,102638,82111,4618710,بقالی برادران احمدی
1405/02/10,SKU00042,شیر کم‌چرب ۱ لیتری,عدد,58,48520,39189,2814160,هایپر نیک
1405/02/10,SKU00043,ماست دبه ۲ کیلویی,عدد,25,191281,153958,4782025,هایپر نیک
1405/02/10,SKU00044,کره حیوانی ۱۰۰ گرمی,عدد,15,110103,88642,1651545,سوپر پروتئین سبز
1405/02/10,SKU00045,مایع ظرفشویی ۳.۷۵ لیتری,عدد,14,205277,163288,2873878,مینی‌مارکت نسیم
1405/02/10,SKU00046,پودر لباسشویی ۵ کیلویی,عدد,4,438546,359235,1754184,هایپر نیک
1405/02/10,SKU00047,دستمال کاغذی ۳۰۰ برگ,بسته,43,79312,63449,3410416,بوفه دانشگاه
1405/02/10,SKU00048,شامپو ۹۰۰ میلی‌لیتری,عدد,4,250065,200612,1000260,فروشگاه یاس
1405/02/10,SKU00049,خمیر دندان ۱۰۰ گرمی,عدد,29,85843,67182,2489447,بوفه دانشگاه
1405/02/10,SKU00050,صابون بسته ۶ عددی,بسته,11,111969,89575,1231659,فروشگاه امید
1405/02/11,SKU00001,برنج ایرانی هاشمی ۱۰ کیلویی,کارتن,2,4202308,3548615,8404616,هایپر ستاره شهر
1405/02/11,SKU00027,برنج پاکستانی باسماتی ۱۰ کیلویی,کارتن,2,2474692,1961077,4949384,سوپر مارکت البرز
1405/02/11,SKU00028,روغن آفتابگردان ۱.۸ لیتری,عدد,22,172762,140077,3800764,فروشگاه امید
1405/02/11,SKU00029,روغن سرخ‌کردنی ۴.۵ لیتری,عدد,3,424900,354862,1274700,سوپر پروتئین سبز
1405/02/11,SKU00030,شکر سفید ۹۰۰ گرمی,عدد,24,39222,32685,941328,تعاونی مصرف کارکنان
1405/02/11,SKU00031,چای کیسه‌ای ۱۰۰ عددی,عدد,4,228792,182100,915168,مینی‌مارکت شبانه
1405/02/11,SKU00032,قهوه فوری ۲۰۰ گرمی,عدد,3,485600,392215,1456800,سوپرمارکت آفتاب
1405/02/11,SKU00033,نوشابه خانواده ۱.۵ لیتری,عدد,35,44825,35486,1568875,فروشگاه یاس
1405/02/11,SKU00034,آب معدنی ۱.۵ لیتری بسته ۶ عددی,بسته,4,89649,72840,358596,فروشگاه گلستان
1405/02/11,SKU00035,ماکارونی ۷۰۰ گرمی,عدد,20,48560,39222,971200,سوپر پروتئین سبز
1405/02/11,SKU00036,رب گوجه ۸۰۰ گرمی,عدد,10,100855,82178,1008550,فروشگاه امید
1405/02/11,SKU00037,تن ماهی ۱۸۰ گرمی,عدد,8,156886,126069,1255088,فروشگاه رفاه محلی
1405/02/11,SKU00038,لوبیا چیتی ۹۰۰ گرمی,عدد,5,132606,107392,663030,بوفه دانشگاه
1405/02/11,SKU00039,عدس ۹۰۰ گرمی,عدد,6,113929,91517,683574,فروشگاه امید
1405/02/11,SKU00040,نخود ۹۰۰ گرمی,عدد,5,121400,98054,607000,فروشگاه امید
1405/02/11,SKU00041,پنیر سفید ۴۰۰ گرمی,عدد,16,102723,82178,1643568,فروشگاه سپیدار
1405/02/11,SKU00042,شیر کم‌چرب ۱ لیتری,عدد,17,48560,39222,825520,فروشگاه گلستان
1405/02/11,SKU00043,ماست دبه ۲ کیلویی,عدد,9,191438,154085,1722942,هایپر نیک
1405/02/11,SKU00044,کره حیوانی ۱۰۰ گرمی,عدد,7,110194,88715,771358,فروشگاه زنجیره‌ای مهر
1405/02/11,SKU00045,مایع ظرفشویی ۳.۷۵ لیتری,عدد,7,205446,163423,1438122,فروشگاه سپیدار
1405/02/11,SKU00046,پودر لباسشویی ۵ کیلویی,عدد,1,438908,359531,438908,سوپرمارکت پارسیان
1405/02/11,SKU00047,دستمال کاغذی ۳۰۰ برگ,بسته,15,79377,63502,1190655,کافه رستوران ونک
1405/02/11,SKU00048,شامپو ۹۰۰ میلی‌لیتری,عدد,4,250271,200777,1001084,سوپر پروتئین سبز
1405/02/11,SKU00049,خمیر دندان ۱۰۰ گرمی,عدد,11,85914,67237,945054,سوپرمارکت آفتاب
1405/02/11,SKU00050,صابون بسته ۶ عددی,بسته,4,112062,89649,448248,فروشگاه یاس
1405/02/12,SKU00001,برنج ایرانی هاشمی ۱۰ کیلویی,کارتن,4,4205769,3551538,16823076,هایپر نیک
1405/02/12,SKU00027,برنج پاکستانی باسماتی ۱۰ کیلویی,کارتن,4,2476731,1962692,9906924,فروشگاه امید
1405/02/12,SKU00028,روغن آفتابگردان ۱.۸ لیتری,عدد,37,172904,140192,6397448,کافه رستوران ونک
1405/02/12,SKU00029,روغن سرخ‌کردنی ۴.۵ لیتری,عدد,7,425250,355154,2976750,فروشگاه سپیدار
1405/02/12,SKU00030,شکر سفید ۹۰۰ گرمی,عدد,10,39254,32712,392540,مینی‌مارکت نسیم
1405/02/12,SKU00031,چای کیسه‌ای ۱۰۰ عددی,عدد,13,228981,182250,2976753,سوپر پروتئین سبز
1405/02/12,SKU00032,قهوه فوری ۲۰۰ گرمی,عدد,3,486000,392538,1458000,تعاونی مصرف کارکنان
1405/02/12,SKU00033,نوشابه خانواده ۱.۵ لیتری,عدد,54,44862,35515,2422548,بوفه دانشگاه
1405/02/12,SKU00034,آب معدنی ۱.۵ لیتری بسته ۶ عددی,بسته,25,89723,72900,2243075,هایپر ستاره شهر
1405/02/12,SKU00035,ماکارونی ۷۰۰ گرمی,عدد,31,48600,39254,1506600,سوپرمارکت پارسیان
1405/02/12,SKU00036,رب گوجه ۸۰۰ گرمی,عدد,16,100938,82246,1615008,هایپر نیک
1405/02/12,SKU00037,تن ماهی ۱۸۰ گرمی,عدد,15,157015,126173,2355225,مینی‌مارکت نسیم
1405/02/12,SKU00038,لوبیا چیتی ۹۰۰ گرمی,عدد,16,132715,107481,2123440,فروشگاه امید
1405/02/12,SKU00039,عدس ۹۰۰ گرمی,عدد,4,114023,91592,456092,هایپر نیک
1405/02/12,SKU00040,نخود ۹۰۰ گرمی,عدد,7,121500,98135,850500,مینی‌مارکت شبانه
1405/02/12,SKU00041,پنیر سفید ۴۰۰ گرمی,عدد,23,102808,82246,2364584,بقالی برادران احمدی
1405/02/12,SKU00042,شیر کم‌چرب ۱ لیتری,عدد,25,48600,39254,1215000,هایپر نیک
1405/02/12,SKU00043,ماست دبه ۲ کیلویی,عدد,13,191596,154212,2490748,فروشگاه یاس
1405/02/12,SKU00044,کره حیوانی ۱۰۰ گرمی,عدد,8,110285,88788,882280,کافه رستوران ونک
1405/02/12,SKU00045,مایع ظرفشویی ۳.۷۵ لیتری,عدد,9,205615,163558,1850535,فروشگاه گلستان
1405/02/12,SKU00046,پودر لباسشویی ۵ کیلویی,عدد,5,439269,359827,2196345,سوپر پروتئین سبز
1405/02/12,SKU00047,دستمال کاغذی ۳۰۰ برگ,بسته,24,79442,63554,1906608,فروشگاه زنجیره‌ای مهر
1405/02/12,SKU00048,شامپو ۹۰۰ میلی‌لیتری,عدد,4,250477,200942,1001908,مینی‌مارکت نسیم
1405/02/12,SKU00049,خمیر دندان ۱۰۰ گرمی,عدد,5,85985,67292,429925,بوفه دانشگاه
1405/02/12,SKU00050,صابون بسته ۶ عددی,بسته,7,112154,89723,785078,بقالی برادران احمدی
1405/02/13,SKU00001,برنج ایرانی هاشمی ۱۰ کیلویی,کارتن,4,4209231,3554462,16836924,مینی‌مارکت نسیم
1405/02/13,SKU00027,برنج پاکستانی باسماتی ۱۰ کیلویی,کارتن,3,2478769,1964308,7436307,فروشگاه گلستان
1405/02/13,SKU00028,روغن آفتابگردان ۱.۸ لیتری,عدد,43,173046,140308,7440978,تعاونی مصرف کارکنان
1405/02/13,SKU00029,روغن سرخ‌کردنی ۴.۵ لیتری,عدد,8,425600,355446,3404800,مینی‌مارکت شبانه
1405/02/13,SKU00030,شکر سفید ۹۰۰ گرمی,عدد,33,39286,32738,1296438,سوپرمارکت پارسیان
1405/02/13,SKU00031,چای کیسه‌ای ۱۰۰ عددی,عدد,11,229169,182400,2520859,هایپر ستاره شهر
1405/02/13,SKU00032,قهوه فوری ۲۰۰ گرمی,عدد,4,486400,392862,1945600,فروشگاه سپیدار
1405/02/13,SKU00033,نوشابه خانواده ۱.۵ لیتری,عدد,40,44898,35545,1795920,بوفه دانشگاه
1405/02/13,SKU00034,آب معدنی ۱.۵ لیتری بسته ۶ عددی,بسته,15,89797,72960,1346955,سوپرمارکت آفتاب
1405/02/13,SKU00035,ماکارونی ۷۰۰ گرمی,عدد,27,48640,39286,1313280,سوپرمارکت پارسیان
1405/02/13,SKU00036,رب گوجه ۸۰۰ گرمی,عدد,16,101022,82314,1616352,بوفه دانشگاه
1405/02/13,SKU00037,تن ماهی ۱۸۰ گرمی,عدد,18,157145,126277,2828610,فروشگاه زنجیره‌ای مهر
1405/02/13,SKU00038,لوبیا چیتی ۹۰۰ گرمی,عدد,7,132825,107569,929775,کافه رستوران ونک
1405/02/13,SKU00039,عدس ۹۰۰ گرمی,عدد,9,114117,91668,1027053,بوفه دانشگاه
1405/02/13,SKU00040,نخود ۹۰۰ گرمی,عدد,4,121600,98215,486400,تعاونی مصرف کارکنان
1405/02/13,SKU00041,پنیر سفید ۴۰۰ گرمی,عدد,29,102892,82314,2983868,بقالی برادران احمدی
1405/02/13,SKU00042,شیر کم‌چرب ۱ لیتری,عدد,31,48640,39286,1507840,هایپر نیک
1405/02/13,SKU00043,ماست دبه ۲ کیلویی,عدد,18,191754,154338,3451572,فروشگاه گلستان
1405/02/13,SKU00044,کره حیوانی ۱۰۰ گرمی,عدد,10,110375,88862,1103750,فروشگاه امید
1405/02/13,SKU00045,مایع ظرفشویی ۳.۷۵ لیتری,عدد,12,205785,163692,2469420,بوفه دانشگاه
1405/02/13,SKU00046,پودر لباسشویی ۵ کیلویی,عدد,3,439631,360123,1318893,کافه رستوران ونک
1405/02/13,SKU00047,دستمال کاغذی ۳۰۰ برگ,بسته,19,79508,63606,1510652,فروشگاه سپیدار
1405/02/13,SKU00048,شامپو ۹۰۰ میلی‌لیتری,عدد,5,250683,201108,1253415,هایپر نیک
1405/02/13,SKU00049,خمیر دندان ۱۰۰ گرمی,عدد,12,86055,67348,1032660,سوپرمارکت آفتاب
1405/02/13,SKU00050,صابون بسته ۶ عددی,بسته,8,112246,89797,897968,فروشگاه زنجیره‌ای مهر
1405/02/14,SKU00001,برنج ایرانی هاشمی ۱۰ کیلویی,کارتن,3,4212692,3557385,12638076,فروشگاه سپیدار
1405/02/14,SKU00027,برنج پاکستانی باسماتی ۱۰ کیلویی,کارتن,2,2480808,1965923,4961616,فروشگاه امید
1405/02/14,SKU00028,روغن آفتابگردان ۱.۸ لیتری,عدد,17,173188,140423,2944196,سوپرمارکت پارسیان
1405/02/14,SKU00029,روغن سرخ‌کردنی ۴.۵ لیتری,عدد,7,425950,355738,2981650,فروشگاه سپیدار
1405/02/14,SKU00030,شکر سفید ۹۰۰ گرمی,عدد,17,39318,32765,668406,هایپر نیک
1405/02/14,SKU00031,چای کیسه‌ای ۱۰۰ عددی,عدد,3,229358,182550,688074,تعاونی مصرف کارکنان
1405/02/14,SKU00032,قهوه فوری ۲۰۰ گرمی,عدد,4,486800,393185,1947200,کافه رستوران ونک
1405/02/14,SKU00033,نوشابه خانواده ۱.۵ لیتری,عدد,49,44935,35574,2201815,هایپر نیک
1405/02/14,SKU00034,آب معدنی ۱.۵ لیتری بسته ۶ عددی,بسته,28,89871,73020,2516388,بقالی برادران احمدی
1405/02/14,SKU00035,ماکارونی ۷۰۰ گرمی,عدد,5,48680,39318,243400,کافه رستوران ونک
1405/02/14,SKU00036,رب گوجه ۸۰۰ گرمی,عدد,9,101105,82382,909945,بقالی برادران احمدی
1405/02/14,SKU00037,تن ماهی ۱۸۰ گرمی,عدد,19,157274,126381,2988206,فروشگاه زنجیره‌ای مهر
1405/02/14,SKU00038,لوبیا چیتی ۹۰۰ گرمی,عدد,6,132934,107658,797604,سوپرمارکت آفتاب
1405/02/14,SKU00039,عدس ۹۰۰ گرمی,عدد,5,114211,91743,571055,بوفه دانشگاه
1405/02/14,SKU00040,نخود ۹۰۰ گرمی,عدد,5,121700,98296,608500,بقالی برادران احمدی
1405/02/14,SKU00041,پنیر سفید ۴۰۰ گرمی,عدد,26,102977,82382,2677402,بقالی برادران احمدی
1405/02/14,SKU00042,شیر کم‌چرب ۱ لیتری,عدد,23,48680,39318,1119640,هایپر ستاره شهر
1405/02/14,SKU00043,ماست دبه ۲ کیلویی,عدد,10,191912,154465,1919120,بوفه دانشگاه
1405/02/14,SKU00044,کره حیوانی ۱۰۰ گرمی,عدد,15,110466,88935,1656990,سوپرمارکت آفتاب
1405/02/14,SKU00045,مایع ظرفشویی ۳.۷۵ لیتری,عدد,8,205954,163827,1647632,فروشگاه زنجیره‌ای مهر
1405/02/14,SKU00046,پودر لباسشویی ۵ کیلویی,عدد,5,439992,360419,2199960,فروشگاه رفاه محلی
1405/02/14,SKU00047,دستمال کاغذی ۳۰۰ برگ,بسته,11,79573,63658,875303,فروشگاه زنجیره‌ای مهر
1405/02/14,SKU00048,شامپو ۹۰۰ میلی‌لیتری,عدد,5,250889,201273,1254445,کافه رستوران ونک
1405/02/14,SKU00049,خمیر دندان ۱۰۰ گرمی,عدد,12,86126,67403,1033512,سوپر مارکت البرز
1405/02/14,SKU00050,صابون بسته ۶ عددی,بسته,3,112338,89871,337014,فروشگاه سپیدار
1405/02/15,SKU00001,برنج ایرانی هاشمی ۱۰ کیلویی,کارتن,2,4216154,3560308,8432308,فروشگاه گلستان
1405/02/15,SKU00027,برنج پاکستانی باسماتی ۱۰ کیلویی,کارتن,4,2482846,1967538,9931384,سوپرمارکت پارسیان
1405/02/15,SKU00028,روغن آفتابگردان ۱.۸ لیتری,عدد,32,173331,140538,5546592,فروشگاه گلستان
1405/02/15,SKU00029,روغن سرخ‌کردنی ۴.۵ لیتری,عدد,8,426300,356031,3410400,فروشگاه سپیدار
1405/02/15,SKU00030,شکر سفید ۹۰۰ گرمی,عدد,30,39351,32792,1180530,سوپر پروتئین سبز
1405/02/15,SKU00031,چای کیسه‌ای ۱۰۰ عددی,عدد,8,229546,182700,1836368,کافه رستوران ونک
1405/02/15,SKU00032,قهوه فوری ۲۰۰ گرمی,عدد,4,487200,393508,1948800,هایپر ستاره شهر
1405/02/15,SKU00033,نوشابه خانواده ۱.۵ لیتری,عدد,38,44972,35603,1708936,تعاونی مصرف کارکنان
1405/02/15,SKU00034,آب معدنی ۱.۵ لیتری بسته ۶ عددی,بسته,20,89945,73080,1798900,سوپر مارکت البرز
1405/02/15,SKU00035,ماکارونی ۷۰۰ گرمی,عدد,25,48720,39351,1218000,فروشگاه زنجیره‌ای مهر
1405/02/15,SKU00036,رب گوجه ۸۰۰ گرمی,عدد,14,101188,82449,1416632,بقالی برادران احمدی
1405/02/15,SKU00037,تن ماهی ۱۸۰ گرمی,عدد,15,157403,126485,2361045,تعاونی مصرف کارکنان
1405/02/15,SKU00038,لوبیا چیتی ۹۰۰ گرمی,عدد,10,133043,107746,1330430,سوپرمارکت پارسیان
1405/02/15,SKU00039,عدس ۹۰۰ گرمی,عدد,7,114305,91818,800135,فروشگاه امید
1405/02/15,SKU00040,نخود ۹۰۰ گرمی,عدد,5,121800,98377,609000,فروشگاه رفاه محلی
1405/02/15,SKU00041,پنیر سفید ۴۰۰ گرمی,عدد,9,103062,82449,927558,تعاونی مصرف کارکنان
1405/02/15,SKU00042,شیر کم‌چرب ۱ لیتری,عدد,27,48720,39351,1315440,سوپرمارکت آفتاب
1405/02/15,SKU00043,ماست دبه ۲ کیلویی,عدد,25,192069,154592,4801725,بقالی برادران احمدی
1405/02/15,SKU00044,کره حیوانی ۱۰۰ گرمی,عدد,14,110557,89008,1547798,تعاونی مصرف کارکنان
1405/02/15,SKU00045,مایع ظرفشویی ۳.۷۵ لیتری,عدد,7,206123,163962,1442861,سوپر پروتئین سبز
1405/02/15,SKU00046,پودر لباسشویی ۵ کیلویی,عدد,3,440354,360715,1321062,سوپرمارکت پارسیان
1405/02/15,SKU00047,دستمال کاغذی ۳۰۰ برگ,بسته,29,79638,63711,2309502,مینی‌مارکت شبانه
1405/02/15,SKU00048,شامپو ۹۰۰ میلی‌لیتری,عدد,7,251095,201438,1757665,تعاونی مصرف کارکنان
1405/02/15,SKU00049,خمیر دندان ۱۰۰ گرمی,عدد,9,86197,67458,775773,تعاونی مصرف کارکنان
1405/02/15,SKU00050,صابون بسته ۶ عددی,بسته,11,112431,89945,1236741,فروشگاه سپیدار
1405/02/16,SKU00001,برنج ایرانی هاشمی ۱۰ کیلویی,کارتن,4,4219615,3563231,16878460,سوپرمارکت پارسیان
1405/02/16,SKU00027,برنج پاکستانی باسماتی ۱۰ کیلویی,کارتن,5,2484885,1969154,12424425,هایپر نیک
1405/02/16,SKU00028,روغن آفتابگردان ۱.۸ لیتری,عدد,33,173473,140654,5724609,بقالی برادران احمدی
1405/02/16,SKU00029,روغن سرخ‌کردنی ۴.۵ لیتری,عدد,5,426650,356323,2133250,هایپر ستاره شهر
1405/02/16,SKU00030,شکر سفید ۹۰۰ گرمی,عدد,21,39383,32819,827043,تعاونی مصرف کارکنان
1405/02/16,SKU00031,چای کیسه‌ای ۱۰۰ عددی,عدد,10,229735,182850,2297350,هایپر ستاره شهر
1405/02/16,SKU00032,قهوه فوری ۲۰۰ گرمی,عدد,4,487600,393831,1950400,فروشگاه رفاه محلی
1405/02/16,SKU00033,نوشابه خانواده ۱.۵ لیتری,عدد,58,45009,35632,2610522,فروشگاه سپیدار
1405/02/16,SKU00034,آب معدنی ۱.۵ لیتری بسته ۶ عددی,بسته,21,90018,73140,1890378,مینی‌مارکت نسیم
1405/02/16,SKU00035,ماکارونی ۷۰۰ گرمی,عدد,24,48760,39383,1170240,کافه رستوران ونک
1405/02/16,SKU00036,رب گوجه ۸۰۰ گرمی,عدد,17,101271,82517,1721607,کافه رستوران ونک
1405/02/16,SKU00037,تن ماهی ۱۸۰ گرمی,عدد,26,157532,126588,4095832,فروشگاه یاس
1405/02/16,SKU00038,لوبیا چیتی ۹۰۰ گرمی,عدد,4,133152,107835,532608,فروشگاه رفاه محلی
1405/02/16,SKU00039,عدس ۹۰۰ گرمی,عدد,11,114398,91894,1258378,سوپرمارکت آفتاب
1405/02/16,SKU00040,نخود ۹۰۰ گرمی,عدد,7,121900,98458,853300,بقالی برادران احمدی
1405/02/16,SKU00041,پنیر سفید ۴۰۰ گرمی,عدد,27,103146,82517,2784942,سوپرمارکت پارسیان
1405/02/16,SKU00042,شیر کم‌چرب ۱ لیتری,عدد,25,48760,39383,1219000,بوفه دانشگاه
1405/02/16,SKU00043,ماست دبه ۲ کیلویی,عدد,20,192227,154719,3844540,سوپر مارکت البرز
1405/02/16,SKU00044,کره حیوانی ۱۰۰ گرمی,عدد,13,110648,89081,1438424,مینی‌مارکت نسیم
1405/02/16,SKU00045,مایع ظرفشویی ۳.۷۵ لیتری,عدد,18,206292,164096,3713256,مینی‌مارکت نسیم
1405/02/16,SKU00046,پودر لباسشویی ۵ کیلویی,عدد,7,440715,361012,3085005,مینی‌مارکت شبانه
1405/02/16,SKU00047,دستمال کاغذی ۳۰۰ برگ,بسته,23,79704,63763,1833192,مینی‌مارکت نسیم
1405/02/16,SKU00048,شامپو ۹۰۰ میلی‌لیتری,عدد,4,251302,201604,1005208,فروشگاه زنجیره‌ای مهر
1405/02/16,SKU00049,خمیر دندان ۱۰۰ گرمی,عدد,10,86268,67514,862680,فروشگاه یاس
1405/02/16,SKU00050,صابون بسته ۶ عددی,بسته,11,112523,90018,1237753,مینی‌مارکت شبانه
1405/02/17,SKU00001,برنج ایرانی هاشمی ۱۰ کیلویی,کارتن,3,4223077,3566154,12669231,سوپرمارکت پارسیان
1405/02/17,SKU00027,برنج پاکستانی باسماتی ۱۰ کیلویی,کارتن,4,2486923,1970769,9947692,بقالی برادران احمدی
1405/02/17,SKU00028,روغن آفتابگردان ۱.۸ لیتری,عدد,25,173615,140769,4340375,بوفه دانشگاه
1405/02/17,SKU00029,روغن سرخ‌کردنی ۴.۵ لیتری,عدد,18,427000,356615,7686000,فروشگاه سپیدار
1405/02/17,SKU00030,شکر سفید ۹۰۰ گرمی,عدد,32,39415,32846,1261280,مینی‌مارکت نسیم
1405/02/17,SKU00031,چای کیسه‌ای ۱۰۰ عددی,عدد,20,229923,183000,4598460,مینی‌مارکت نسیم
1405/02/17,SKU00032,قهوه فوری ۲۰۰ گرمی,عدد,10,488000,394154,4880000,بوفه دانشگاه
1405/02/17,SKU00033,نوشابه خانواده ۱.۵ لیتری,عدد,64,45046,35662,2882944,تعاونی مصرف کارکنان
1405/02/17,SKU00034,آب معدنی ۱.۵ لیتری بسته ۶ عددی,بسته,23,90092,73200,2072116,فروشگاه گلستان
1405/02/17,SKU00035,ماکارونی ۷۰۰ گرمی,عدد,27,48800,39415,1317600,سوپر مارکت البرز
1405/02/17,SKU00036,رب گوجه ۸۰۰ گرمی,عدد,4,101354,82585,405416,تعاونی مصرف کارکنان
1405/02/17,SKU00037,تن ماهی ۱۸۰ گرمی,عدد,21,157662,126692,3310902,بوفه دانشگاه
1405/02/17,SKU00038,لوبیا چیتی ۹۰۰ گرمی,عدد,10,133262,107923,1332620,فروشگاه رفاه محلی
1405/02/17,SKU00039,عدس ۹۰۰ گرمی,عدد,15,114492,91969,1717380,سوپرمارکت پارسیان
1405/02/17,SKU00040,نخود ۹۰۰ گرمی,عدد,11,122000,98538,1342000,مینی‌مارکت نسیم
1405/02/17,SKU00041,پنیر سفید ۴۰۰ گرمی,عدد,48,103231,82585,4955088,هایپر ستاره شهر
1405/02/17,SKU00042,شیر کم‌چرب ۱ لیتری,عدد,33,48800,39415,1610400,سوپرمارکت آفتاب
1405/02/17,SKU00043,ماست دبه ۲ کیلویی,عدد,26,192385,154846,5002010,فروشگاه یاس
1405/02/17,SKU00044,کره حیوانی ۱۰۰ گرمی,عدد,13,110738,89154,1439594,مینی‌مارکت شبانه
1405/02/17,SKU00045,مایع ظرفشویی ۳.۷۵ لیتری,عدد,11,206462,164231,2271082,سوپر پروتئین سبز
1405/02/17,SKU00046,پودر لباسشویی ۵ کیلویی,عدد,11,441077,361308,4851847,فروشگاه سپیدار
1405/02/17,SKU00047,دستمال کاغذی ۳۰۰ برگ,بسته,29,79769,63815,2313301,بوفه دانشگاه
1405/02/17,SKU00048,شامپو ۹۰۰ میلی‌لیتری,عدد,7,251508,201769,1760556,هایپر نیک
1405/02/17,SKU00049,خمیر دندان ۱۰۰ گرمی,عدد,21,86338,67569,1813098,فروشگاه امید
1405/02/17,SKU00050,صابون بسته ۶ عددی,بسته,12,112615,90092,1351380,فروشگاه رفاه محلی
1405/02/18,SKU00001,برنج ایرانی هاشمی ۱۰ کیلویی,کارتن,1,4226538,3569077,4226538,کافه رستوران ونک
1405/02/18,SKU00027,برنج پاکستانی باسماتی ۱۰ کیلویی,کارتن,2,2488962,1972385,4977924,سوپرمارکت آفتاب
1405/02/18,SKU00028,روغن آفتابگردان ۱.۸ لیتری,عدد,12,173758,140885,2085096,بقالی برادران احمدی
1405/02/18,SKU00029,روغن سرخ‌کردنی ۴.۵ لیتری,عدد,3,427350,356908,1282050,فروشگاه یاس
1405/02/18,SKU00030,شکر سفید ۹۰۰ گرمی,عدد,27,39448,32873,1065096,فروشگاه یاس
1405/02/18,SKU00031,چای کیسه‌ای ۱۰۰ عددی,عدد,4,230112,183150,920448,مینی‌مارکت نسیم
1405/02/18,SKU00032,قهوه فوری ۲۰۰ گرمی,عدد,3,488400,394477,1465200,فروشگاه گلستان
1405/02/18,SKU00033,نوشابه خانواده ۱.۵ لیتری,عدد,16,45083,35691,721328,فروشگاه امید
1405/02/18,SKU00034,آب معدنی ۱.۵ لیتری بسته ۶ عددی,بسته,23,90166,73260,2073818,بقالی برادران احمدی
1405/02/18,SKU00035,ماکارونی ۷۰۰ گرمی,عدد,15,48840,39448,732600,فروشگاه یاس
1405/02/18,SKU00036,رب گوجه ۸۰۰ گرمی,عدد,7,101437,82652,710059,مینی‌مارکت نسیم
1405/02/18,SKU00037,تن ماهی ۱۸۰ گرمی,عدد,7,157791,126796,1104537,سوپر مارکت البرز
1405/02/18,SKU00038,لوبیا چیتی ۹۰۰ گرمی,عدد,5,133371,108012,666855,سوپرمارکت آفتاب
1405/02/18,SKU00039,عدس ۹۰۰ گرمی,عدد,3,114586,92045,343758,مینی‌مارکت نسیم
1405/02/18,SKU00040,نخود ۹۰۰ گرمی,عدد,4,122100,98619,488400,کافه رستوران ونک
1405/02/18,SKU00041,پنیر سفید ۴۰۰ گرمی,عدد,11,103315,82652,1136465,سوپر پروتئین سبز
1405/02/18,SKU00042,شیر کم‌چرب ۱ لیتری,عدد,19,48840,39448,927960,تعاونی مصرف کارکنان
1405/02/18,SKU00043,ماست دبه ۲ کیلویی,عدد,15,192542,154973,2888130,سوپر پروتئین سبز
1405/02/18,SKU00044,کره حیوانی ۱۰۰ گرمی,عدد,6,110829,89227,664974,فروشگاه رفاه محلی
1405/02/18,SKU00045,مایع ظرفشویی ۳.۷۵ لیتری,عدد,3,206631,164365,619893,مینی‌مارکت نسیم
1405/02/18,SKU00046,پودر لباسشویی ۵ کیلویی,عدد,4,441438,361604,1765752,فروشگاه زنجیره‌ای مهر
1405/02/18,SKU00047,دستمال کاغذی ۳۰۰ برگ,بسته,3,79835,63868,239505,فروشگاه امید
1405/02/18,SKU00048,شامپو ۹۰۰ میلی‌لیتری,عدد,2,251714,201935,503428,کافه رستوران ونک
1405/02/18,SKU00049,خمیر دندان ۱۰۰ گرمی,عدد,9,86409,67625,777681,مینی‌مارکت شبانه
1405/02/18,SKU00050,صابون بسته ۶ عددی,بسته,7,112708,90166,788956,سوپر پروتئین سبز
1405/02/19,SKU00001,برنج ایرانی هاشمی ۱۰ کیلویی,کارتن,1,4230000,3572000,4230000,سوپر مارکت البرز
1405/02/19,SKU00027,برنج پاکستانی باسماتی ۱۰ کیلویی,کارتن,6,2491000,1974000,14946000,هایپر ستاره شهر
1405/02/19,SKU00028,روغن آفتابگردان ۱.۸ لیتری,عدد,19,173900,141000,3304100,هایپر نیک
1405/02/19,SKU00029,روغن سرخ‌کردنی ۴.۵ لیتری,عدد,7,427700,357200,2993900,هایپر نیک
1405/02/19,SKU00030,شکر سفید ۹۰۰ گرمی,عدد,41,39480,32900,1618680,بوفه دانشگاه
1405/02/19,SKU00031,چای کیسه‌ای ۱۰۰ عددی,عدد,16,230300,183300,3684800,مینی‌مارکت شبانه
1405/02/19,SKU00032,قهوه فوری ۲۰۰ گرمی,عدد,3,488800,394800,1466400,فروشگاه یاس
1405/02/19,SKU00033,نوشابه خانواده ۱.۵ لیتری,عدد,57,45120,35720,2571840,فروشگاه سپیدار
1405/02/19,SKU00034,آب معدنی ۱.۵ لیتری بسته ۶ عددی,بسته,27,90240,73320,2436480,هایپر ستاره شهر
1405/02/19,SKU00035,ماکارونی ۷۰۰ گرمی,عدد,19,48880,39480,928720,فروشگاه امید
1405/02/19,SKU00036,رب گوجه ۸۰۰ گرمی,عدد,13,101520,82720,1319760,فروشگاه یاس
1405/02/19,SKU00037,تن ماهی ۱۸۰ گرمی,عدد,21,157920,126900,3316320,مینی‌مارکت نسیم
1405/02/19,SKU00038,لوبیا چیتی ۹۰۰ گرمی,عدد,9,133480,108100,1201320,فروشگاه سپیدار
1405/02/19,SKU00039,عدس ۹۰۰ گرمی,عدد,9,114680,92120,1032120,فروشگاه زنجیره‌ای مهر
1405/02/19,SKU00040,نخود ۹۰۰ گرمی,عدد,11,122200,98700,1344200,فروشگاه رفاه محلی
1405/02/19,SKU00041,پنیر سفید ۴۰۰ گرمی,عدد,16,103400,82720,1654400,فروشگاه گلستان
1405/02/19,SKU00042,شیر کم‌چرب ۱ لیتری,عدد,23,48880,39480,1124240,مینی‌مارکت نسیم
1405/02/19,SKU00043,ماست دبه ۲ کیلویی,عدد,20,192700,155100,3854000,سوپر مارکت البرز
1405/02/19,SKU00044,کره حیوانی ۱۰۰ گرمی,عدد,10,110920,89300,1109200,مینی‌مارکت نسیم
1405/02/19,SKU00045,مایع ظرفشویی ۳.۷۵ لیتری,عدد,22,206800,164500,4549600,هایپر ستاره شهر
1405/02/19,SKU00046,پودر لباسشویی ۵ کیلویی,عدد,4,441800,361900,1767200,هایپر نیک
1405/02/19,SKU00047,دستمال کاغذی ۳۰۰ برگ,بسته,24,79900,63920,1917600,بوفه دانشگاه
1405/02/19,SKU00048,شامپو ۹۰۰ میلی‌لیتری,عدد,7,251920,202100,1763440,فروشگاه یاس
1405/02/19,SKU00049,خمیر دندان ۱۰۰ گرمی,عدد,11,86480,67680,951280,سوپرمارکت پارسیان
1405/02/19,SKU00050,صابون بسته ۶ عددی,بسته,12,112800,90240,1353600,مینی‌مارکت نسیم
1405/02/20,SKU00001,برنج ایرانی هاشمی ۱۰ کیلویی,کارتن,3,4233462,3574923,12700386,سوپرمارکت پارسیان
1405/02/20,SKU00027,برنج پاکستانی باسماتی ۱۰ کیلویی,کارتن,3,2493038,1975615,7479114,سوپر پروتئین سبز
1405/02/20,SKU00028,روغن آفتابگردان ۱.۸ لیتری,عدد,40,174042,141115,6961680,فروشگاه رفاه محلی
1405/02/20,SKU00029,روغن سرخ‌کردنی ۴.۵ لیتری,عدد,5,428050,357492,2140250,سوپر مارکت البرز
1405/02/20,SKU00030,شکر سفید ۹۰۰ گرمی,عدد,26,39512,32927,1027312,سوپر مارکت البرز
1405/02/20,SKU00031,چای کیسه‌ای ۱۰۰ عددی,عدد,11,230488,183450,2535368,مینی‌مارکت نسیم
1405/02/20,SKU00032,قهوه فوری ۲۰۰ گرمی,عدد,5,489200,395123,2446000,فروشگاه زنجیره‌ای مهر
1405/02/20,SKU00033,نوشابه خانواده ۱.۵ لیتری,عدد,52,45157,35749,2348164,فروشگاه گلستان
1405/02/20,SKU00034,آب معدنی ۱.۵ لیتری بسته ۶ عددی,بسته,22,90314,73380,1986908,بوفه دانشگاه
1405/02/20,SKU00035,ماکارونی ۷۰۰ گرمی,عدد,18,48920,39512,880560,فروشگاه امید
1405/02/20,SKU00036,رب گوجه ۸۰۰ گرمی,عدد,5,101603,82788,508015,فروشگاه زنجیره‌ای مهر
1405/02/20,SKU00037,تن ماهی ۱۸۰ گرمی,عدد,15,158049,127004,2370735,فروشگاه زنجیره‌ای مهر
1405/02/20,SKU00038,لوبیا چیتی ۹۰۰ گرمی,عدد,12,133589,108188,1603068,هایپر ستاره شهر
1405/02/20,SKU00039,عدس ۹۰۰ گرمی,عدد,7,114774,92195,803418,مینی‌مارکت شبانه
1405/02/20,SKU00040,نخود ۹۰۰ گرمی,عدد,5,122300,98781,611500,سوپرمارکت آفتاب
1405/02/20,SKU00041,پنیر سفید ۴۰۰ گرمی,عدد,12,103485,82788,1241820,سوپر پروتئین سبز
1405/02/20,SKU00042,شیر کم‌چرب ۱ لیتری,عدد,18,48920,39512,880560,تعاونی مصرف کارکنان
1405/02/20,SKU00043,ماست دبه ۲ کیلویی,عدد,8,192858,155227,1542864,کافه رستوران ونک
1405/02/20,SKU00044,کره حیوانی ۱۰۰ گرمی,عدد,8,111011,89373,888088,فروشگاه زنجیره‌ای مهر
1405/02/20,SKU00045,مایع ظرفشویی ۳.۷۵ لیتری,عدد,15,206969,164635,3104535,سوپر پروتئین سبز
1405/02/20,SKU00046,پودر لباسشویی ۵ کیلویی,عدد,4,442162,362196,1768648,فروشگاه سپیدار
1405/02/20,SKU00047,دستمال کاغذی ۳۰۰ برگ,بسته,32,79965,63972,2558880,هایپر ستاره شهر
1405/02/20,SKU00048,شامپو ۹۰۰ میلی‌لیتری,عدد,6,252126,202265,1512756,کافه رستوران ونک
1405/02/20,SKU00049,خمیر دندان ۱۰۰ گرمی,عدد,15,86551,67735,1298265,مینی‌مارکت نسیم
1405/02/20,SKU00050,صابون بسته ۶ عددی,بسته,8,112892,90314,903136,فروشگاه امید
1405/02/21,SKU00001,برنج ایرانی هاشمی ۱۰ کیلویی,کارتن,4,4236923,3577846,16947692,کافه رستوران ونک
1405/02/21,SKU00027,برنج پاکستانی باسماتی ۱۰ کیلویی,کارتن,3,2495077,1977231,7485231,کافه رستوران ونک
1405/02/21,SKU00028,روغن آفتابگردان ۱.۸ لیتری,عدد,27,174185,141231,4702995,مینی‌مارکت شبانه
1405/02/21,SKU00029,روغن سرخ‌کردنی ۴.۵ لیتری,عدد,9,428400,357785,3855600,فروشگاه یاس
1405/02/21,SKU00030,شکر سفید ۹۰۰ گرمی,عدد,38,39545,32954,1502710,کافه رستوران ونک
1405/02/21,SKU00031,چای کیسه‌ای ۱۰۰ عددی,عدد,5,230677,183600,1153385,بقالی برادران احمدی
1405/02/21,SKU00032,قهوه فوری ۲۰۰ گرمی,عدد,5,489600,395446,2448000,سوپرمارکت آفتاب
1405/02/21,SKU00033,نوشابه خانواده ۱.۵ لیتری,عدد,50,45194,35778,2259700,سوپر مارکت البرز
1405/02/21,SKU00034,آب معدنی ۱.۵ لیتری بسته ۶ عددی,بسته,20,90388,73440,1807760,مینی‌مارکت شبانه
1405/02/21,SKU00035,ماکارونی ۷۰۰ گرمی,عدد,32,48960,39545,1566720,سوپرمارکت آفتاب
1405/02/21,SKU00036,رب گوجه ۸۰۰ گرمی,عدد,8,101686,82855,813488,هایپر نیک
1405/02/21,SKU00037,تن ماهی ۱۸۰ گرمی,عدد,19,158178,127108,3005382,هایپر نیک
1405/02/21,SKU00038,لوبیا چیتی ۹۰۰ گرمی,عدد,10,133698,108277,1336980,فروشگاه یاس
1405/02/21,SKU00039,عدس ۹۰۰ گرمی,عدد,1,114868,92271,114868,فروشگاه رفاه محلی
1405/02/21,SKU00040,نخود ۹۰۰ گرمی,عدد,6,122400,98862,734400,فروشگاه امید
1405/02/21,SKU00041,پنیر سفید ۴۰۰ گرمی,عدد,29,103569,82855,3003501,سوپر مارکت البرز
1405/02/21,SKU00042,شیر کم‌چرب ۱ لیتری,عدد,13,48960,39545,636480,فروشگاه امید
1405/02/21,SKU00043,ماست دبه ۲ کیلویی,عدد,9,193015,155354,1737135,هایپر ستاره شهر
1405/02/21,SKU00044,کره حیوانی ۱۰۰ گرمی,عدد,9,111102,89446,999918,فروشگاه سپیدار
1405/02/21,SKU00045,مایع ظرفشویی ۳.۷۵ لیتری,عدد,9,207138,164769,1864242,فروشگاه یاس
1405/02/21,SKU00046,پودر لباسشویی ۵ کیلویی,عدد,3,442523,362492,1327569,مینی‌مارکت نسیم
1405/02/21,SKU00047,دستمال کاغذی ۳۰۰ برگ,بسته,20,80031,64025,1600620,سوپر مارکت البرز
1405/02/21,SKU00048,شامپو ۹۰۰ میلی‌لیتری,عدد,3,252332,202431,756996,فروشگاه گلستان
1405/02/21,SKU00049,خمیر دندان ۱۰۰ گرمی,عدد,9,86622,67791,779598,سوپرمارکت پارسیان
1405/02/21,SKU00050,صابون بسته ۶ عددی,بسته,9,112985,90388,1016865,سوپرمارکت پارسیان
1405/02/22,SKU00001,برنج ایرانی هاشمی ۱۰ کیلویی,کارتن,2,4240385,3580769,8480770,هایپر نیک
1405/02/22,SKU00027,برنج پاکستانی باسماتی ۱۰ کیلویی,کارتن,5,2497115,1978846,12485575,سوپرمارکت پارسیان
1405/02/22,SKU00028,روغن آفتابگردان ۱.۸ لیتری,عدد,37,174327,141346,6450099,سوپرمارکت آفتاب
1405/02/22,SKU00029,روغن سرخ‌کردنی ۴.۵ لیتری,عدد,8,428750,358077,3430000,سوپرمارکت آفتاب
1405/02/22,SKU00030,شکر سفید ۹۰۰ گرمی,عدد,25,39577,32981,989425,بوفه دانشگاه
1405/02/22,SKU00031,چای کیسه‌ای ۱۰۰ عددی,عدد,5,230865,183750,1154325,فروشگاه امید
1405/02/22,SKU00032,قهوه فوری ۲۰۰ گرمی,عدد,4,490000,395769,1960000,تعاونی مصرف کارکنان
1405/02/22,SKU00033,نوشابه خانواده ۱.۵ لیتری,عدد,40,45231,35808,1809240,بقالی برادران احمدی
1405/02/22,SKU00034,آب معدنی ۱.۵ لیتری بسته ۶ عددی,بسته,19,90462,73500,1718778,مینی‌مارکت نسیم
1405/02/22,SKU00035,ماکارونی ۷۰۰ گرمی,عدد,28,49000,39577,1372000,تعاونی مصرف کارکنان
1405/02/22,SKU00036,رب گوجه ۸۰۰ گرمی,عدد,11,101769,82923,1119459,فروشگاه یاس
1405/02/22,SKU00037,تن ماهی ۱۸۰ گرمی,عدد,21,158308,127212,3324468,هایپر ستاره شهر
1405/02/22,SKU00038,لوبیا چیتی ۹۰۰ گرمی,عدد,7,133808,108365,936656,مینی‌مارکت نسیم
1405/02/22,SKU00039,عدس ۹۰۰ گرمی,عدد,7,114962,92346,804734,مینی‌مارکت نسیم
1405/02/22,SKU00040,نخود ۹۰۰ گرمی,عدد,6,122500,98942,735000,فروشگاه زنجیره‌ای مهر
1405/02/22,SKU00041,پنیر سفید ۴۰۰ گرمی,عدد,17,103654,82923,1762118,فروشگاه سپیدار
1405/02/22,SKU00042,شیر کم‌چرب ۱ لیتری,عدد,23,49000,39577,1127000,تعاونی مصرف کارکنان
1405/02/22,SKU00043,ماست دبه ۲ کیلویی,عدد,9,193173,155481,1738557,فروشگاه زنجیره‌ای مهر
1405/02/22,SKU00044,کره حیوانی ۱۰۰ گرمی,عدد,8,111192,89519,889536,فروشگاه زنجیره‌ای مهر
1405/02/22,SKU00045,مایع ظرفشویی ۳.۷۵ لیتری,عدد,14,207308,164904,2902312,فروشگاه گلستان
1405/02/22,SKU00046,پودر لباسشویی ۵ کیلویی,عدد,6,442885,362788,2657310,هایپر ستاره شهر
1405/02/22,SKU00047,دستمال کاغذی ۳۰۰ برگ,بسته,25,80096,64077,2002400,فروشگاه رفاه محلی
1405/02/22,SKU00048,شامپو ۹۰۰ میلی‌لیتری,عدد,6,252538,202596,1515228,بقالی برادران احمدی
1405/02/22,SKU00049,خمیر دندان ۱۰۰ گرمی,عدد,9,86692,67846,780228,فروشگاه زنجیره‌ای مهر
1405/02/22,SKU00050,صابون بسته ۶ عددی,بسته,9,113077,90462,1017693,مینی‌مارکت شبانه
1405/02/23,SKU00001,برنج ایرانی هاشمی ۱۰ کیلویی,کارتن,4,4243846,3583692,16975384,فروشگاه امید
1405/02/23,SKU00027,برنج پاکستانی باسماتی ۱۰ کیلویی,کارتن,5,2499154,1980462,12495770,کافه رستوران ونک
1405/02/23,SKU00028,روغن آفتابگردان ۱.۸ لیتری,عدد,28,174469,141462,4885132,مینی‌مارکت نسیم
1405/02/23,SKU00029,روغن سرخ‌کردنی ۴.۵ لیتری,عدد,10,429100,358369,4291000,سوپرمارکت آفتاب
1405/02/23,SKU00030,شکر سفید ۹۰۰ گرمی,عدد,29,39609,33008,1148661,کافه رستوران ونک
1405/02/23,SKU00031,چای کیسه‌ای ۱۰۰ عددی,عدد,7,231054,183900,1617378,فروشگاه امید
1405/02/23,SKU00032,قهوه فوری ۲۰۰ گرمی,عدد,9,490400,396092,4413600,فروشگاه یاس
1405/02/23,SKU00033,نوشابه خانواده ۱.۵ لیتری,عدد,60,45268,35837,2716080,مینی‌مارکت شبانه
1405/02/23,SKU00034,آب معدنی ۱.۵ لیتری بسته ۶ عددی,بسته,13,90535,73560,1176955,فروشگاه گلستان
1405/02/23,SKU00035,ماکارونی ۷۰۰ گرمی,عدد,23,49040,39609,1127920,سوپر مارکت البرز
1405/02/23,SKU00036,رب گوجه ۸۰۰ گرمی,عدد,15,101852,82991,1527780,بقالی برادران احمدی
1405/02/23,SKU00037,تن ماهی ۱۸۰ گرمی,عدد,20,158437,127315,3168740,فروشگاه گلستان
1405/02/23,SKU00038,لوبیا چیتی ۹۰۰ گرمی,عدد,4,133917,108454,535668,فروشگاه رفاه محلی
1405/02/23,SKU00039,عدس ۹۰۰ گرمی,عدد,10,115055,92422,1150550,فروشگاه سپیدار
1405/02/23,SKU00040,نخود ۹۰۰ گرمی,عدد,4,122600,99023,490400,فروشگاه گلستان
1405/02/23,SKU00041,پنیر سفید ۴۰۰ گرمی,عدد,20,103738,82991,2074760,سوپر پروتئین سبز
1405/02/23,SKU00042,شیر کم‌چرب ۱ لیتری,عدد,39,49040,39609,1912560,مینی‌مارکت شبانه
1405/02/23,SKU00043,ماست دبه ۲ کیلویی,عدد,21,193331,155608,4059951,فروشگاه گلستان
1405/02/23,SKU00044,کره حیوانی ۱۰۰ گرمی,عدد,14,111283,89592,1557962,فروشگاه گلستان
1405/02/23,SKU00045,مایع ظرفشویی ۳.۷۵ لیتری,عدد,20,207477,165038,4149540,سوپر پروتئین سبز
1405/02/23,SKU00046,پودر لباسشویی ۵ کیلویی,عدد,5,443246,363085,2216230,بوفه دانشگاه
1405/02/23,SKU00047,دستمال کاغذی ۳۰۰ برگ,بسته,29,80162,64129,2324698,فروشگاه سپیدار
1405/02/23,SKU00048,شامپو ۹۰۰ میلی‌لیتری,عدد,4,252745,202762,1010980,مینی‌مارکت نسیم
1405/02/23,SKU00049,خمیر دندان ۱۰۰ گرمی,عدد,20,86763,67902,1735260,بقالی برادران احمدی
1405/02/23,SKU00050,صابون بسته ۶ عددی,بسته,4,113169,90535,452676,فروشگاه گلستان
1405/02/24,SKU00001,برنج ایرانی هاشمی ۱۰ کیلویی,کارتن,4,4247308,3586615,16989232,هایپر نیک
1405/02/24,SKU00027,برنج پاکستانی باسماتی ۱۰ کیلویی,کارتن,5,2501192,1982077,12505960,هایپر نیک
1405/02/24,SKU00028,روغن آفتابگردان ۱.۸ لیتری,عدد,34,174612,141577,5936808,فروشگاه امید
1405/02/24,SKU00029,روغن سرخ‌کردنی ۴.۵ لیتری,عدد,13,429450,358662,5582850,فروشگاه رفاه محلی
1405/02/24,SKU00030,شکر سفید ۹۰۰ گرمی,عدد,36,39642,33035,1427112,بوفه دانشگاه
1405/02/24,SKU00031,چای کیسه‌ای ۱۰۰ عددی,عدد,16,231242,184050,3699872,فروشگاه یاس
1405/02/24,SKU00032,قهوه فوری ۲۰۰ گرمی,عدد,9,490800,396415,4417200,بقالی برادران احمدی
1405/02/24,SKU00033,نوشابه خانواده ۱.۵ لیتری,عدد,73,45305,35866,3307265,تعاونی مصرف کارکنان
1405/02/24,SKU00034,آب معدنی ۱.۵ لیتری بسته ۶ عددی,بسته,20,90609,73620,1812180,کافه رستوران ونک
1405/02/24,SKU00035,ماکارونی ۷۰۰ گرمی,عدد,31,49080,39642,1521480,فروشگاه رفاه محلی
1405/02/24,SKU00036,رب گوجه ۸۰۰ گرمی,عدد,21,101935,83058,2140635,فروشگاه رفاه محلی
1405/02/24,SKU00037,تن ماهی ۱۸۰ گرمی,عدد,16,158566,127419,2537056,سوپرمارکت آفتاب
1405/02/24,SKU00038,لوبیا چیتی ۹۰۰ گرمی,عدد,11,134026,108542,1474286,کافه رستوران ونک
1405/02/24,SKU00039,عدس ۹۰۰ گرمی,عدد,8,115149,92497,921192,سوپرمارکت آفتاب
1405/02/24,SKU00040,نخود ۹۰۰ گرمی,عدد,11,122700,99104,1349700,بقالی برادران احمدی
1405/02/24,SKU00041,پنیر سفید ۴۰۰ گرمی,عدد,39,103823,83058,4049097,سوپرمارکت آفتاب
1405/02/24,SKU00042,شیر کم‌چرب ۱ لیتری,عدد,30,49080,39642,1472400,سوپر پروتئین سبز
1405/02/24,SKU00043,ماست دبه ۲ کیلویی,عدد,20,193488,155735,3869760,فروشگاه گلستان
1405/02/24,SKU00044,کره حیوانی ۱۰۰ گرمی,عدد,18,111374,89665,2004732,بقالی برادران احمدی
1405/02/24,SKU00045,مایع ظرفشویی ۳.۷۵ لیتری,عدد,28,207646,165173,5814088,فروشگاه گلستان
1405/02/24,SKU00046,پودر لباسشویی ۵ کیلویی,عدد,7,443608,363381,3105256,فروشگاه امید
1405/02/24,SKU00047,دستمال کاغذی ۳۰۰ برگ,بسته,46,80227,64182,3690442,مینی‌مارکت نسیم
1405/02/24,SKU00048,شامپو ۹۰۰ میلی‌لیتری,عدد,1,252951,202927,252951,بوفه دانشگاه
1405/02/24,SKU00049,خمیر دندان ۱۰۰ گرمی,عدد,29,86834,67957,2518186,فروشگاه رفاه محلی
1405/02/24,SKU00050,صابون بسته ۶ عددی,بسته,25,113262,90609,2831550,سوپر مارکت البرز
1405/02/25,SKU00001,برنج ایرانی هاشمی ۱۰ کیلویی,کارتن,2,4250769,3589538,8501538,سوپر مارکت البرز
1405/02/25,SKU00027,برنج پاکستانی باسماتی ۱۰ کیلویی,کارتن,3,2503231,1983692,7509693,سوپر پروتئین سبز
1405/02/25,SKU00028,روغن آفتابگردان ۱.۸ لیتری,عدد,20,174754,141692,3495080,فروشگاه گلستان
1405/02/25,SKU00029,روغن سرخ‌کردنی ۴.۵ لیتری,عدد,3,429800,358954,1289400,هایپر نیک
1405/02/25,SKU00030,شکر سفید ۹۰۰ گرمی,عدد,17,39674,33062,674458,سوپرمارکت پارسیان
1405/02/25,SKU00031,چای کیسه‌ای ۱۰۰ عددی,عدد,7,231431,184200,1620017,فروشگاه گلستان
1405/02/25,SKU00032,قهوه فوری ۲۰۰ گرمی,عدد,4,491200,396738,1964800,فروشگاه گلستان
1405/02/25,SKU00033,نوشابه خانواده ۱.۵ لیتری,عدد,29,45342,35895,1314918,فروشگاه یاس
1405/02/25,SKU00034,آب معدنی ۱.۵ لیتری بسته ۶ عددی,بسته,11,90683,73680,997513,تعاونی مصرف کارکنان
1405/02/25,SKU00035,ماکارونی ۷۰۰ گرمی,عدد,20,49120,39674,982400,فروشگاه رفاه محلی
1405/02/25,SKU00036,رب گوجه ۸۰۰ گرمی,عدد,7,102018,83126,714126,فروشگاه زنجیره‌ای مهر
1405/02/25,SKU00037,تن ماهی ۱۸۰ گرمی,عدد,8,158695,127523,1269560,بقالی برادران احمدی
1405/02/25,SKU00038,لوبیا چیتی ۹۰۰ گرمی,عدد,7,134135,108631,938945,بوفه دانشگاه
1405/02/25,SKU00039,عدس ۹۰۰ گرمی,عدد,4,115243,92572,460972,فروشگاه گلستان
1405/02/25,SKU00040,نخود ۹۰۰ گرمی,عدد,4,122800,99185,491200,فروشگاه امید
1405/02/25,SKU00041,پنیر سفید ۴۰۰ گرمی,عدد,14,103908,83126,1454712,فروشگاه سپیدار
1405/02/25,SKU00042,شیر کم‌چرب ۱ لیتری,عدد,15,49120,39674,736800,هایپر ستاره شهر
1405/02/25,SKU00043,ماست دبه ۲ کیلویی,عدد,13,193646,155862,2517398,سوپر مارکت البرز
1405/02/25,SKU00044,کره حیوانی ۱۰۰ گرمی,عدد,4,111465,89738,445860,فروشگاه امید
1405/02/25,SKU00045,مایع ظرفشویی ۳.۷۵ لیتری,عدد,3,207815,165308,623445,تعاونی مصرف کارکنان
1405/02/25,SKU00046,پودر لباسشویی ۵ کیلویی,عدد,4,443969,363677,1775876,سوپرمارکت پارسیان
1405/02/25,SKU00047,دستمال کاغذی ۳۰۰ برگ,بسته,11,80292,64234,883212,هایپر ستاره شهر
1405/02/25,SKU00048,شامپو ۹۰۰ میلی‌لیتری,عدد,4,253157,203092,1012628,سوپرمارکت پارسیان
1405/02/25,SKU00049,خمیر دندان ۱۰۰ گرمی,عدد,9,86905,68012,782145,فروشگاه رفاه محلی
1405/02/25,SKU00050,صابون بسته ۶ عددی,بسته,6,113354,90683,680124,سوپر مارکت البرز
1405/02/26,SKU00001,برنج ایرانی هاشمی ۱۰ کیلویی,کارتن,3,4254231,3592462,12762693,کافه رستوران ونک
1405/02/26,SKU00027,برنج پاکستانی باسماتی ۱۰ کیلویی,کارتن,3,2505269,1985308,7515807,مینی‌مارکت شبانه
1405/02/26,SKU00028,روغن آفتابگردان ۱.۸ لیتری,عدد,25,174896,141808,4372400,سوپرمارکت پارسیان
1405/02/26,SKU00029,روغن سرخ‌کردنی ۴.۵ لیتری,عدد,4,430150,359246,1720600,فروشگاه امید
1405/02/26,SKU00030,شکر سفید ۹۰۰ گرمی,عدد,29,39706,33088,1151474,کافه رستوران ونک
1405/02/26,SKU00031,چای کیسه‌ای ۱۰۰ عددی,عدد,9,231619,184350,2084571,فروشگاه زنجیره‌ای مهر
1405/02/26,SKU00032,قهوه فوری ۲۰۰ گرمی,عدد,7,491600,397062,3441200,فروشگاه گلستان
1405/02/26,SKU00033,نوشابه خانواده ۱.۵ لیتری,عدد,68,45378,35925,3085704,فروشگاه امید
1405/02/26,SKU00034,آب معدنی ۱.۵ لیتری بسته ۶ عددی,بسته,22,90757,73740,1996654,فروشگاه یاس
1405/02/26,SKU00035,ماکارونی ۷۰۰ گرمی,عدد,27,49160,39706,1327320,هایپر نیک
1405/02/26,SKU00036,رب گوجه ۸۰۰ گرمی,عدد,21,102102,83194,2144142,مینی‌مارکت شبانه
1405/02/26,SKU00037,تن ماهی ۱۸۰ گرمی,عدد,19,158825,127627,3017675,فروشگاه زنجیره‌ای مهر
1405/02/26,SKU00038,لوبیا چیتی ۹۰۰ گرمی,عدد,8,134245,108719,1073960,فروشگاه سپیدار
1405/02/26,SKU00039,عدس ۹۰۰ گرمی,عدد,11,115337,92648,1268707,سوپر پروتئین سبز
1405/02/26,SKU00040,نخود ۹۰۰ گرمی,عدد,5,122900,99265,614500,فروشگاه رفاه محلی
1405/02/26,SKU00041,پنیر سفید ۴۰۰ گرمی,عدد,16,103992,83194,1663872,فروشگاه گلستان
1405/02/26,SKU00042,شیر کم‌چرب ۱ لیتری,عدد,32,49160,39706,1573120,فروشگاه زنجیره‌ای مهر
1405/02/26,SKU00043,ماست دبه ۲ کیلویی,عدد,18,193804,155988,3488472,کافه رستوران ونک
1405/02/26,SKU00044,کره حیوانی ۱۰۰ گرمی,عدد,11,111555,89812,1227105,سوپرمارکت آفتاب
1405/02/26,SKU00045,مایع ظرفشویی ۳.۷۵ لیتری,عدد,12,207985,165442,2495820,فروشگاه زنجیره‌ای مهر
1405/02/26,SKU00046,پودر لباسشویی ۵ کیلویی,عدد,7,444331,363973,3110317,سوپرمارکت پارسیان
1405/02/26,SKU00047,دستمال کاغذی ۳۰۰ برگ,بسته,23,80358,64286,1848234,فروشگاه گلستان
1405/02/26,SKU00048,شامپو ۹۰۰ میلی‌لیتری,عدد,4,253363,203258,1013452,سوپرمارکت آفتاب
1405/02/26,SKU00049,خمیر دندان ۱۰۰ گرمی,عدد,12,86975,68068,1043700,کافه رستوران ونک
1405/02/26,SKU00050,صابون بسته ۶ عددی,بسته,6,113446,90757,680676,سوپر پروتئین سبز
1405/02/27,SKU00001,برنج ایرانی هاشمی ۱۰ کیلویی,کارتن,2,4257692,3595385,8515384,بقالی برادران احمدی
1405/02/27,SKU00027,برنج پاکستانی باسماتی ۱۰ کیلویی,کارتن,6,2507308,1986923,15043848,بوفه دانشگاه
1405/02/27,SKU00028,روغن آفتابگردان ۱.۸ لیتری,عدد,21,175038,141923,3675798,مینی‌مارکت شبانه
1405/02/27,SKU00029,روغن سرخ‌کردنی ۴.۵ لیتری,عدد,7,430500,359538,3013500,فروشگاه گلستان
1405/02/27,SKU00030,شکر سفید ۹۰۰ گرمی,عدد,27,39738,33115,1072926,فروشگاه سپیدار
1405/02/27,SKU00031,چای کیسه‌ای ۱۰۰ عددی,عدد,4,231808,184500,927232,مینی‌مارکت نسیم
1405/02/27,SKU00032,قهوه فوری ۲۰۰ گرمی,عدد,6,492000,397385,2952000,فروشگاه سپیدار
1405/02/27,SKU00033,نوشابه خانواده ۱.۵ لیتری,عدد,19,45415,35954,862885,مینی‌مارکت نسیم
1405/02/27,SKU00034,آب معدنی ۱.۵ لیتری بسته ۶ عددی,بسته,40,90831,73800,3633240,سوپرمارکت پارسیان
1405/02/27,SKU00035,ماکارونی ۷۰۰ گرمی,عدد,13,49200,39738,639600,فروشگاه یاس
1405/02/27,SKU00036,رب گوجه ۸۰۰ گرمی,عدد,11,102185,83262,1124035,تعاونی مصرف کارکنان
1405/02/27,SKU00037,تن ماهی ۱۸۰ گرمی,عدد,23,158954,127731,3655942,فروشگاه سپیدار
1405/02/27,SKU00038,لوبیا چیتی ۹۰۰ گرمی,عدد,10,134354,108808,1343540,سوپر مارکت البرز
1405/02/27,SKU00039,عدس ۹۰۰ گرمی,عدد,6,115431,92723,692586,فروشگاه گلستان
1405/02/27,SKU00040,نخود ۹۰۰ گرمی,عدد,3,123000,99346,369000,سوپر پروتئین سبز
1405/02/27,SKU00041,پنیر سفید ۴۰۰ گرمی,عدد,23,104077,83262,2393771,بوفه دانشگاه
1405/02/27,SKU00042,شیر کم‌چرب ۱ لیتری,عدد,27,49200,39738,1328400,فروشگاه زنجیره‌ای مهر
1405/02/27,SKU00043,ماست دبه ۲ کیلویی,عدد,14,193962,156115,2715468,هایپر نیک
1405/02/27,SKU00044,کره حیوانی ۱۰۰ گرمی,عدد,6,111646,89885,669876,فروشگاه امید
1405/02/27,SKU00045,مایع ظرفشویی ۳.۷۵ لیتری,عدد,5,208154,165577,1040770,فروشگاه سپیدار
1405/02/27,SKU00046,پودر لباسشویی ۵ کیلویی,عدد,4,444692,364269,1778768,هایپر نیک
1405/02/27,SKU00047,دستمال کاغذی ۳۰۰ برگ,بسته,21,80423,64338,1688883,فروشگاه زنجیره‌ای مهر
1405/02/27,SKU00048,شامپو ۹۰۰ میلی‌لیتری,عدد,8,253569,203423,2028552,بوفه دانشگاه
1405/02/27,SKU00049,خمیر دندان ۱۰۰ گرمی,عدد,13,87046,68123,1131598,بوفه دانشگاه
1405/02/27,SKU00050,صابون بسته ۶ عددی,بسته,8,113538,90831,908304,فروشگاه یاس
1405/02/28,SKU00001,برنج ایرانی هاشمی ۱۰ کیلویی,کارتن,3,4261154,3598308,12783462,سوپرمارکت آفتاب
1405/02/28,SKU00027,برنج پاکستانی باسماتی ۱۰ کیلویی,کارتن,5,2509346,1988538,12546730,بوفه دانشگاه
1405/02/28,SKU00028,روغن آفتابگردان ۱.۸ لیتری,عدد,20,175181,142038,3503620,هایپر نیک
1405/02/28,SKU00029,روغن سرخ‌کردنی ۴.۵ لیتری,عدد,2,430850,359831,861700,سوپرمارکت آفتاب
1405/02/28,SKU00030,شکر سفید ۹۰۰ گرمی,عدد,20,39771,33142,795420,سوپرمارکت پارسیان
1405/02/28,SKU00031,چای کیسه‌ای ۱۰۰ عددی,عدد,6,231996,184650,1391976,سوپرمارکت پارسیان
1405/02/28,SKU00032,قهوه فوری ۲۰۰ گرمی,عدد,3,492400,397708,1477200,سوپرمارکت آفتاب
1405/02/28,SKU00033,نوشابه خانواده ۱.۵ لیتری,عدد,67,45452,35983,3045284,کافه رستوران ونک
1405/02/28,SKU00034,آب معدنی ۱.۵ لیتری بسته ۶ عددی,بسته,18,90905,73860,1636290,مینی‌مارکت شبانه
1405/02/28,SKU00035,ماکارونی ۷۰۰ گرمی,عدد,21,49240,39771,1034040,تعاونی مصرف کارکنان
1405/02/28,SKU00036,رب گوجه ۸۰۰ گرمی,عدد,10,102268,83329,1022680,سوپرمارکت آفتاب
1405/02/28,SKU00037,تن ماهی ۱۸۰ گرمی,عدد,12,159083,127835,1908996,بقالی برادران احمدی
1405/02/28,SKU00038,لوبیا چیتی ۹۰۰ گرمی,عدد,10,134463,108896,1344630,هایپر نیک
1405/02/28,SKU00039,عدس ۹۰۰ گرمی,عدد,9,115525,92798,1039725,هایپر ستاره شهر
1405/02/28,SKU00040,نخود ۹۰۰ گرمی,عدد,6,123100,99427,738600,هایپر ستاره شهر
1405/02/28,SKU00041,پنیر سفید ۴۰۰ گرمی,عدد,27,104162,83329,2812374,فروشگاه امید
1405/02/28,SKU00042,شیر کم‌چرب ۱ لیتری,عدد,45,49240,39771,2215800,بقالی برادران احمدی
1405/02/28,SKU00043,ماست دبه ۲ کیلویی,عدد,15,194119,156242,2911785,سوپر مارکت البرز
1405/02/28,SKU00044,کره حیوانی ۱۰۰ گرمی,عدد,7,111737,89958,782159,کافه رستوران ونک
1405/02/28,SKU00045,مایع ظرفشویی ۳.۷۵ لیتری,عدد,11,208323,165712,2291553,کافه رستوران ونک
1405/02/28,SKU00046,پودر لباسشویی ۵ کیلویی,عدد,5,445054,364565,2225270,مینی‌مارکت شبانه
1405/02/28,SKU00047,دستمال کاغذی ۳۰۰ برگ,بسته,14,80488,64391,1126832,فروشگاه امید
1405/02/28,SKU00048,شامپو ۹۰۰ میلی‌لیتری,عدد,3,253775,203588,761325,فروشگاه سپیدار
1405/02/28,SKU00049,خمیر دندان ۱۰۰ گرمی,عدد,14,87117,68178,1219638,هایپر نیک
1405/02/28,SKU00050,صابون بسته ۶ عددی,بسته,5,113631,90905,568155,بقالی برادران احمدی
1405/02/29,SKU00001,برنج ایرانی هاشمی ۱۰ کیلویی,کارتن,4,4264615,3601231,17058460,فروشگاه گلستان
1405/02/29,SKU00027,برنج پاکستانی باسماتی ۱۰ کیلویی,کارتن,5,2511385,1990154,12556925,مینی‌مارکت شبانه
1405/02/29,SKU00028,روغن آفتابگردان ۱.۸ لیتری,عدد,46,175323,142154,8064858,هایپر ستاره شهر
1405/02/29,SKU00029,روغن سرخ‌کردنی ۴.۵ لیتری,عدد,10,431200,360123,4312000,سوپر مارکت البرز
1405/02/29,SKU00030,شکر سفید ۹۰۰ گرمی,عدد,23,39803,33169,915469,فروشگاه امید
1405/02/29,SKU00031,چای کیسه‌ای ۱۰۰ عددی,عدد,6,232185,184800,1393110,کافه رستوران ونک
1405/02/29,SKU00032,قهوه فوری ۲۰۰ گرمی,عدد,8,492800,398031,3942400,کافه رستوران ونک
1405/02/29,SKU00033,نوشابه خانواده ۱.۵ لیتری,عدد,44,45489,36012,2001516,هایپر ستاره شهر
1405/02/29,SKU00034,آب معدنی ۱.۵ لیتری بسته ۶ عددی,بسته,14,90978,73920,1273692,سوپر مارکت البرز
1405/02/29,SKU00035,ماکارونی ۷۰۰ گرمی,عدد,30,49280,39803,1478400,مینی‌مارکت نسیم
1405/02/29,SKU00036,رب گوجه ۸۰۰ گرمی,عدد,15,102351,83397,1535265,سوپرمارکت آفتاب
1405/02/29,SKU00037,تن ماهی ۱۸۰ گرمی,عدد,18,159212,127938,2865816,هایپر ستاره شهر
1405/02/29,SKU00038,لوبیا چیتی ۹۰۰ گرمی,عدد,8,134572,108985,1076576,سوپر مارکت البرز
1405/02/29,SKU00039,عدس ۹۰۰ گرمی,عدد,9,115618,92874,1040562,مینی‌مارکت شبانه
1405/02/29,SKU00040,نخود ۹۰۰ گرمی,عدد,5,123200,99508,616000,فروشگاه زنجیره‌ای مهر
1405/02/29,SKU00041,پنیر سفید ۴۰۰ گرمی,عدد,9,104246,83397,938214,بوفه دانشگاه
1405/02/29,SKU00042,شیر کم‌چرب ۱ لیتری,عدد,40,49280,39803,1971200,کافه رستوران ونک
1405/02/29,SKU00043,ماست دبه ۲ کیلویی,عدد,8,194277,156369,1554216,سوپرمارکت آفتاب
1405/02/29,SKU00044,کره حیوانی ۱۰۰ گرمی,عدد,11,111828,90031,1230108,بقالی برادران احمدی
1405/02/29,SKU00045,مایع ظرفشویی ۳.۷۵ لیتری,عدد,14,208492,165846,2918888,بوفه دانشگاه
1405/02/29,SKU00046,پودر لباسشویی ۵ کیلویی,عدد,5,445415,364862,2227075,فروشگاه سپیدار
1405/02/29,SKU00047,دستمال کاغذی ۳۰۰ برگ,بسته,25,80554,64443,2013850,سوپر مارکت البرز
1405/02/29,SKU00048,شامپو ۹۰۰ میلی‌لیتری,عدد,8,253982,203754,2031856,فروشگاه سپیدار
1405/02/29,SKU00049,خمیر دندان ۱۰۰ گرمی,عدد,15,87188,68234,1307820,هایپر ستاره شهر
1405/02/29,SKU00050,صابون بسته ۶ عددی,بسته,7,113723,90978,796061,سوپرمارکت پارسیان
1405/02/30,SKU00001,برنج ایرانی هاشمی ۱۰ کیلویی,کارتن,3,4268077,3604154,12804231,تعاونی مصرف کارکنان
1405/02/30,SKU00027,برنج پاکستانی باسماتی ۱۰ کیلویی,کارتن,3,2513423,1991769,7540269,هایپر ستاره شهر
1405/02/30,SKU00028,روغن آفتابگردان ۱.۸ لیتری,عدد,15,175465,142269,2631975,فروشگاه گلستان
1405/02/30,SKU00029,روغن سرخ‌کردنی ۴.۵ لیتری,عدد,7,431550,360415,3020850,فروشگاه گلستان
1405/02/30,SKU00030,شکر سفید ۹۰۰ گرمی,عدد,34,39835,33196,1354390,سوپرمارکت پارسیان
1405/02/30,SKU00031,چای کیسه‌ای ۱۰۰ عددی,عدد,7,232373,184950,1626611,فروشگاه امید
1405/02/30,SKU00032,قهوه فوری ۲۰۰ گرمی,عدد,7,493200,398354,3452400,مینی‌مارکت نسیم
1405/02/30,SKU00033,نوشابه خانواده ۱.۵ لیتری,عدد,54,45526,36042,2458404,تعاونی مصرف کارکنان
1405/02/30,SKU00034,آب معدنی ۱.۵ لیتری بسته ۶ عددی,بسته,23,91052,73980,2094196,بوفه دانشگاه
1405/02/30,SKU00035,ماکارونی ۷۰۰ گرمی,عدد,24,49320,39835,1183680,کافه رستوران ونک
1405/02/30,SKU00036,رب گوجه ۸۰۰ گرمی,عدد,18,102434,83465,1843812,مینی‌مارکت شبانه
1405/02/30,SKU00037,تن ماهی ۱۸۰ گرمی,عدد,27,159342,128042,4302234,سوپرمارکت آفتاب
1405/02/30,SKU00038,لوبیا چیتی ۹۰۰ گرمی,عدد,10,134682,109073,1346820,سوپرمارکت پارسیان
1405/02/30,SKU00039,عدس ۹۰۰ گرمی,عدد,11,115712,92949,1272832,فروشگاه سپیدار
1405/02/30,SKU00040,نخود ۹۰۰ گرمی,عدد,6,123300,99588,739800,فروشگاه یاس
1405/02/30,SKU00041,پنیر سفید ۴۰۰ گرمی,عدد,41,104331,83465,4277571,هایپر نیک
1405/02/30,SKU00042,شیر کم‌چرب ۱ لیتری,عدد,18,49320,39835,887760,مینی‌مارکت نسیم
1405/02/30,SKU00043,ماست دبه ۲ کیلویی,عدد,11,194435,156496,2138785,بقالی برادران احمدی
1405/02/30,SKU00044,کره حیوانی ۱۰۰ گرمی,عدد,7,111918,90104,783426,مینی‌مارکت شبانه
1405/02/30,SKU00045,مایع ظرفشویی ۳.۷۵ لیتری,عدد,8,208662,165981,1669296,فروشگاه یاس
1405/02/30,SKU00046,پودر لباسشویی ۵ کیلویی,عدد,1,445777,365158,445777,بوفه دانشگاه
1405/02/30,SKU00047,دستمال کاغذی ۳۰۰ برگ,بسته,28,80619,64495,2257332,فروشگاه یاس
1405/02/30,SKU00048,شامپو ۹۰۰ میلی‌لیتری,عدد,9,254188,203919,2287692,کافه رستوران ونک
1405/02/30,SKU00049,خمیر دندان ۱۰۰ گرمی,عدد,12,87258,68289,1047096,بوفه دانشگاه
1405/02/30,SKU00050,صابون بسته ۶ عددی,بسته,9,113815,91052,1024335,بوفه دانشگاه
1405/02/31,SKU00001,برنج ایرانی هاشمی ۱۰ کیلویی,کارتن,5,4271538,3607077,21357690,کافه رستوران ونک
1405/02/31,SKU00027,برنج پاکستانی باسماتی ۱۰ کیلویی,کارتن,5,2515462,1993385,12577310,بوفه دانشگاه
1405/02/31,SKU00028,روغن آفتابگردان ۱.۸ لیتری,عدد,66,175608,142385,11590128,مینی‌مارکت نسیم
1405/02/31,SKU00029,روغن سرخ‌کردنی ۴.۵ لیتری,عدد,4,431900,360708,1727600,سوپرمارکت آفتاب
1405/02/31,SKU00030,شکر سفید ۹۰۰ گرمی,عدد,32,39868,33223,1275776,سوپرمارکت آفتاب
1405/02/31,SKU00031,چای کیسه‌ای ۱۰۰ عددی,عدد,8,232562,185100,1860496,فروشگاه یاس
1405/02/31,SKU00032,قهوه فوری ۲۰۰ گرمی,عدد,10,493600,398677,4936000,سوپر پروتئین سبز
1405/02/31,SKU00033,نوشابه خانواده ۱.۵ لیتری,عدد,106,45563,36071,4829678,بقالی برادران احمدی
1405/02/31,SKU00034,آب معدنی ۱.۵ لیتری بسته ۶ عددی,بسته,30,91126,74040,2733780,سوپر پروتئین سبز
1405/02/31,SKU00035,ماکارونی ۷۰۰ گرمی,عدد,31,49360,39868,1530160,تعاونی مصرف کارکنان
1405/02/31,SKU00036,رب گوجه ۸۰۰ گرمی,عدد,19,102517,83532,1947823,بقالی برادران احمدی
1405/02/31,SKU00037,تن ماهی ۱۸۰ گرمی,عدد,23,159471,128146,3667833,بقالی برادران احمدی
1405/02/31,SKU00038,لوبیا چیتی ۹۰۰ گرمی,عدد,15,134791,109162,2021865,سوپرمارکت پارسیان
1405/02/31,SKU00039,عدس ۹۰۰ گرمی,عدد,18,115806,93025,2084508,سوپر پروتئین سبز
1405/02/31,SKU00040,نخود ۹۰۰ گرمی,عدد,6,123400,99669,740400,هایپر نیک
1405/02/31,SKU00041,پنیر سفید ۴۰۰ گرمی,عدد,47,104415,83532,4907505,فروشگاه گلستان
1405/02/31,SKU00042,شیر کم‌چرب ۱ لیتری,عدد,41,49360,39868,2023760,فروشگاه سپیدار
1405/02/31,SKU00043,ماست دبه ۲ کیلویی,عدد,16,194592,156623,3113472,فروشگاه گلستان
1405/02/31,SKU00044,کره حیوانی ۱۰۰ گرمی,عدد,11,112009,90177,1232099,فروشگاه زنجیره‌ای مهر
1405/02/31,SKU00045,مایع ظرفشویی ۳.۷۵ لیتری,عدد,16,208831,166115,3341296,فروشگاه گلستان
1405/02/31,SKU00046,پودر لباسشویی ۵ کیلویی,عدد,11,446138,365454,4907518,سوپرمارکت پارسیان
1405/02/31,SKU00047,دستمال کاغذی ۳۰۰ برگ,بسته,30,80685,64548,2420550,تعاونی مصرف کارکنان
1405/02/31,SKU00048,شامپو ۹۰۰ میلی‌لیتری,عدد,15,254394,204085,3815910,بوفه دانشگاه
1405/02/31,SKU00049,خمیر دندان ۱۰۰ گرمی,عدد,18,87329,68345,1571922,فروشگاه رفاه محلی
1405/02/31,SKU00050,صابون بسته ۶ عددی,بسته,8,113908,91126,911264,هایپر ستاره شهر
1405/03/01,SKU00001,برنج ایرانی هاشمی ۱۰ کیلویی,کارتن,1,4275000,3610000,4275000,کافه رستوران ونک
1405/03/01,SKU00027,برنج پاکستانی باسماتی ۱۰ کیلویی,کارتن,2,2517500,1995000,5035000,تعاونی مصرف کارکنان
1405/03/01,SKU00028,روغن آفتابگردان ۱.۸ لیتری,عدد,20,175750,142500,3515000,سوپرمارکت پارسیان
1405/03/01,SKU00029,روغن سرخ‌کردنی ۴.۵ لیتری,عدد,4,432250,361000,1729000,فروشگاه رفاه محلی
1405/03/01,SKU00030,شکر سفید ۹۰۰ گرمی,عدد,8,39900,33250,319200,هایپر ستاره شهر
1405/03/01,SKU00031,چای کیسه‌ای ۱۰۰ عددی,عدد,3,232750,185250,698250,مینی‌مارکت شبانه
1405/03/01,SKU00032,قهوه فوری ۲۰۰ گرمی,عدد,4,494000,399000,1976000,فروشگاه سپیدار
1405/03/01,SKU00033,نوشابه خانواده ۱.۵ لیتری,عدد,28,45600,36100,1276800,سوپر پروتئین سبز
1405/03/01,SKU00034,آب معدنی ۱.۵ لیتری بسته ۶ عددی,بسته,10,91200,74100,912000,مینی‌مارکت شبانه
1405/03/01,SKU00035,ماکارونی ۷۰۰ گرمی,عدد,21,49400,39900,1037400,سوپرمارکت آفتاب
1405/03/01,SKU00036,رب گوجه ۸۰۰ گرمی,عدد,7,102600,83600,718200,مینی‌مارکت شبانه
1405/03/01,SKU00037,تن ماهی ۱۸۰ گرمی,عدد,9,159600,128250,1436400,هایپر ستاره شهر
1405/03/01,SKU00038,لوبیا چیتی ۹۰۰ گرمی,عدد,4,134900,109250,539600,مینی‌مارکت شبانه
1405/03/01,SKU00039,عدس ۹۰۰ گرمی,عدد,6,115900,93100,695400,سوپرمارکت آفتاب
1405/03/01,SKU00040,نخود ۹۰۰ گرمی,عدد,4,123500,99750,494000,فروشگاه زنجیره‌ای مهر
1405/03/01,SKU00041,پنیر سفید ۴۰۰ گرمی,عدد,10,104500,83600,1045000,فروشگاه سپیدار
1405/03/01,SKU00042,شیر کم‌چرب ۱ لیتری,عدد,17,49400,39900,839800,بوفه دانشگاه
1405/03/01,SKU00043,ماست دبه ۲ کیلویی,عدد,12,194750,156750,2337000,هایپر نیک
1405/03/01,SKU00044,کره حیوانی ۱۰۰ گرمی,عدد,5,112100,90250,560500,فروشگاه رفاه محلی
1405/03/01,SKU00045,مایع ظرفشویی ۳.۷۵ لیتری,عدد,4,209000,166250,836000,فروشگاه زنجیره‌ای مهر
1405/03/01,SKU00046,پودر لباسشویی ۵ کیلویی,عدد,2,446500,365750,893000,فروشگاه سپیدار
1405/03/01,SKU00047,دستمال کاغذی ۳۰۰ برگ,بسته,14,80750,64600,1130500,بوفه دانشگاه
1405/03/01,SKU00048,شامپو ۹۰۰ میلی‌لیتری,عدد,5,254600,204250,1273000,سوپرمارکت پارسیان
1405/03/01,SKU00049,خمیر دندان ۱۰۰ گرمی,عدد,7,87400,68400,611800,سوپرمارکت پارسیان
1405/03/01,SKU00050,صابون بسته ۶ عددی,بسته,7,114000,91200,798000,سوپرمارکت پارسیان
1405/03/02,SKU00001,برنج ایرانی هاشمی ۱۰ کیلویی,کارتن,3,4278462,3612923,12835386,فروشگاه امید
1405/03/02,SKU00027,برنج پاکستانی باسماتی ۱۰ کیلویی,کارتن,4,2519538,1996615,10078152,فروشگاه امید
1405/03/02,SKU00028,روغن آفتابگردان ۱.۸ لیتری,عدد,33,175892,142615,5804436,فروشگاه سپیدار
1405/03/02,SKU00029,روغن سرخ‌کردنی ۴.۵ لیتری,عدد,3,432600,361292,1297800,تعاونی مصرف کارکنان
1405/03/02,SKU00030,شکر سفید ۹۰۰ گرمی,عدد,10,39932,33277,399320,فروشگاه امید
1405/03/02,SKU00031,چای کیسه‌ای ۱۰۰ عددی,عدد,8,232938,185400,1863504,کافه رستوران ونک
1405/03/02,SKU00032,قهوه فوری ۲۰۰ گرمی,عدد,5,494400,399323,2472000,سوپر مارکت البرز
1405/03/02,SKU00033,نوشابه خانواده ۱.۵ لیتری,عدد,72,45637,36129,3285864,تعاونی مصرف کارکنان
1405/03/02,SKU00034,آب معدنی ۱.۵ لیتری بسته ۶ عددی,بسته,12,91274,74160,1095288,سوپر پروتئین سبز
1405/03/02,SKU00035,ماکارونی ۷۰۰ گرمی,عدد,31,49440,39932,1532640,سوپرمارکت پارسیان
1405/03/02,SKU00036,رب گوجه ۸۰۰ گرمی,عدد,16,102683,83668,1642928,سوپرمارکت آفتاب
1405/03/02,SKU00037,تن ماهی ۱۸۰ گرمی,عدد,8,159729,128354,1277832,کافه رستوران ونک
1405/03/02,SKU00038,لوبیا چیتی ۹۰۰ گرمی,عدد,6,135009,109338,810054,فروشگاه گلستان
1405/03/02,SKU00039,عدس ۹۰۰ گرمی,عدد,8,115994,93175,927952,بقالی برادران احمدی
1405/03/02,SKU00040,نخود ۹۰۰ گرمی,عدد,8,123600,99831,988800,فروشگاه گلستان
1405/03/02,SKU00041,پنیر سفید ۴۰۰ گرمی,عدد,21,104585,83668,2196285,بقالی برادران احمدی
1405/03/02,SKU00042,شیر کم‌چرب ۱ لیتری,عدد,17,49440,39932,840480,بوفه دانشگاه
1405/03/02,SKU00043,ماست دبه ۲ کیلویی,عدد,14,194908,156877,2728712,بوفه دانشگاه
1405/03/02,SKU00044,کره حیوانی ۱۰۰ گرمی,عدد,14,112191,90323,1570674,هایپر نیک
1405/03/02,SKU00045,مایع ظرفشویی ۳.۷۵ لیتری,عدد,11,209169,166385,2300859,بوفه دانشگاه
1405/03/02,SKU00046,پودر لباسشویی ۵ کیلویی,عدد,5,446862,366046,2234310,تعاونی مصرف کارکنان
1405/03/02,SKU00047,دستمال کاغذی ۳۰۰ برگ,بسته,25,80815,64652,2020375,فروشگاه گلستان
1405/03/02,SKU00048,شامپو ۹۰۰ میلی‌لیتری,عدد,6,254806,204415,1528836,بوفه دانشگاه
1405/03/02,SKU00049,خمیر دندان ۱۰۰ گرمی,عدد,11,87471,68455,962181,مینی‌مارکت نسیم
1405/03/02,SKU00050,صابون بسته ۶ عددی,بسته,4,114092,91274,456368,فروشگاه رفاه محلی
1405/03/03,SKU00001,برنج ایرانی هاشمی ۱۰ کیلویی,کارتن,2,4281923,3615846,8563846,هایپر نیک
1405/03/03,SKU00027,برنج پاکستانی باسماتی ۱۰ کیلویی,کارتن,3,2521577,1998231,7564731,هایپر ستاره شهر
1405/03/03,SKU00028,روغن آفتابگردان ۱.۸ لیتری,عدد,8,176035,142731,1408280,هایپر ستاره شهر
1405/03/03,SKU00029,روغن سرخ‌کردنی ۴.۵ لیتری,عدد,8,432950,361585,3463600,هایپر نیک
1405/03/03,SKU00030,شکر سفید ۹۰۰ گرمی,عدد,22,39965,33304,879230,تعاونی مصرف کارکنان
1405/03/03,SKU00031,چای کیسه‌ای ۱۰۰ عددی,عدد,13,233127,185550,3030651,فروشگاه امید
1405/03/03,SKU00032,قهوه فوری ۲۰۰ گرمی,عدد,6,494800,399646,2968800,فروشگاه گلستان
1405/03/03,SKU00033,نوشابه خانواده ۱.۵ لیتری,عدد,31,45674,36158,1415894,فروشگاه سپیدار
1405/03/03,SKU00034,آب معدنی ۱.۵ لیتری بسته ۶ عددی,بسته,21,91348,74220,1918308,سوپر مارکت البرز
1405/03/03,SKU00035,ماکارونی ۷۰۰ گرمی,عدد,20,49480,39965,989600,مینی‌مارکت نسیم
1405/03/03,SKU00036,رب گوجه ۸۰۰ گرمی,عدد,12,102766,83735,1233192,فروشگاه امید
1405/03/03,SKU00037,تن ماهی ۱۸۰ گرمی,عدد,20,159858,128458,3197160,مینی‌مارکت شبانه
1405/03/03,SKU00038,لوبیا چیتی ۹۰۰ گرمی,عدد,13,135118,109427,1756534,فروشگاه امید
1405/03/03,SKU00039,عدس ۹۰۰ گرمی,عدد,8,116088,93251,928704,تعاونی مصرف کارکنان
1405/03/03,SKU00040,نخود ۹۰۰ گرمی,عدد,4,123700,99912,494800,مینی‌مارکت شبانه
1405/03/03,SKU00041,پنیر سفید ۴۰۰ گرمی,عدد,20,104669,83735,2093380,کافه رستوران ونک
1405/03/03,SKU00042,شیر کم‌چرب ۱ لیتری,عدد,26,49480,39965,1286480,سوپر مارکت البرز
1405/03/03,SKU00043,ماست دبه ۲ کیلویی,عدد,17,195065,157004,3316105,فروشگاه زنجیره‌ای مهر
1405/03/03,SKU00044,کره حیوانی ۱۰۰ گرمی,عدد,11,112282,90396,1235102,سوپرمارکت آفتاب
1405/03/03,SKU00045,مایع ظرفشویی ۳.۷۵ لیتری,عدد,9,209338,166519,1884042,فروشگاه گلستان
1405/03/03,SKU00046,پودر لباسشویی ۵ کیلویی,عدد,3,447223,366342,1341669,تعاونی مصرف کارکنان
1405/03/03,SKU00047,دستمال کاغذی ۳۰۰ برگ,بسته,19,80881,64705,1536739,سوپرمارکت پارسیان
1405/03/03,SKU00048,شامپو ۹۰۰ میلی‌لیتری,عدد,7,255012,204581,1785084,سوپر پروتئین سبز
1405/03/03,SKU00049,خمیر دندان ۱۰۰ گرمی,عدد,6,87542,68511,525252,سوپر مارکت البرز
1405/03/03,SKU00050,صابون بسته ۶ عددی,بسته,7,114185,91348,799295,هایپر نیک
1405/03/04,SKU00001,برنج ایرانی هاشمی ۱۰ کیلویی,کارتن,3,4285385,3618769,12856155,بوفه دانشگاه
1405/03/04,SKU00027,برنج پاکستانی باسماتی ۱۰ کیلویی,کارتن,3,2523615,1999846,7570845,سوپرمارکت پارسیان
1405/03/04,SKU00028,روغن آفتابگردان ۱.۸ لیتری,عدد,27,176177,142846,4756779,بوفه دانشگاه
1405/03/04,SKU00029,روغن سرخ‌کردنی ۴.۵ لیتری,عدد,7,433300,361877,3033100,تعاونی مصرف کارکنان
1405/03/04,SKU00030,شکر سفید ۹۰۰ گرمی,عدد,18,39997,33331,719946,سوپر مارکت البرز
1405/03/04,SKU00031,چای کیسه‌ای ۱۰۰ عددی,عدد,6,233315,185700,1399890,بوفه دانشگاه
1405/03/04,SKU00032,قهوه فوری ۲۰۰ گرمی,عدد,5,495200,399969,2476000,تعاونی مصرف کارکنان
1405/03/04,SKU00033,نوشابه خانواده ۱.۵ لیتری,عدد,58,45711,36188,2651238,هایپر نیک
1405/03/04,SKU00034,آب معدنی ۱.۵ لیتری بسته ۶ عددی,بسته,14,91422,74280,1279908,هایپر ستاره شهر
1405/03/04,SKU00035,ماکارونی ۷۰۰ گرمی,عدد,7,49520,39997,346640,بوفه دانشگاه
1405/03/04,SKU00036,رب گوجه ۸۰۰ گرمی,عدد,12,102849,83803,1234188,فروشگاه یاس
1405/03/04,SKU00037,تن ماهی ۱۸۰ گرمی,عدد,23,159988,128562,3679724,مینی‌مارکت نسیم
1405/03/04,SKU00038,لوبیا چیتی ۹۰۰ گرمی,عدد,10,135228,109515,1352280,بقالی برادران احمدی
1405/03/04,SKU00039,عدس ۹۰۰ گرمی,عدد,5,116182,93326,580910,تعاونی مصرف کارکنان
1405/03/04,SKU00040,نخود ۹۰۰ گرمی,عدد,6,123800,99992,742800,فروشگاه رفاه محلی
1405/03/04,SKU00041,پنیر سفید ۴۰۰ گرمی,عدد,24,104754,83803,2514096,تعاونی مصرف کارکنان
1405/03/04,SKU00042,شیر کم‌چرب ۱ لیتری,عدد,30,49520,39997,1485600,بقالی برادران احمدی
1405/03/04,SKU00043,ماست دبه ۲ کیلویی,عدد,26,195223,157131,5075798,سوپرمارکت آفتاب
1405/03/04,SKU00044,کره حیوانی ۱۰۰ گرمی,عدد,7,112372,90469,786604,بوفه دانشگاه
1405/03/04,SKU00045,مایع ظرفشویی ۳.۷۵ لیتری,عدد,11,209508,166654,2304588,فروشگاه سپیدار
1405/03/04,SKU00046,پودر لباسشویی ۵ کیلویی,عدد,5,447585,366638,2237925,سوپر پروتئین سبز
1405/03/04,SKU00047,دستمال کاغذی ۳۰۰ برگ,بسته,24,80946,64757,1942704,تعاونی مصرف کارکنان
1405/03/04,SKU00048,شامپو ۹۰۰ میلی‌لیتری,عدد,8,255218,204746,2041744,سوپرمارکت آفتاب
1405/03/04,SKU00049,خمیر دندان ۱۰۰ گرمی,عدد,9,87612,68566,788508,مینی‌مارکت نسیم
1405/03/04,SKU00050,صابون بسته ۶ عددی,بسته,13,114277,91422,1485601,سوپرمارکت پارسیان
1405/03/05,SKU00001,برنج ایرانی هاشمی ۱۰ کیلویی,کارتن,4,4288846,3621692,17155384,سوپرمارکت آفتاب
1405/03/05,SKU00027,برنج پاکستانی باسماتی ۱۰ کیلویی,کارتن,4,2525654,2001462,10102616,کافه رستوران ونک
1405/03/05,SKU00028,روغن آفتابگردان ۱.۸ لیتری,عدد,35,176319,142962,6171165,سوپرمارکت آفتاب
1405/03/05,SKU00029,روغن سرخ‌کردنی ۴.۵ لیتری,عدد,7,433650,362169,3035550,بقالی برادران احمدی
1405/03/05,SKU00030,شکر سفید ۹۰۰ گرمی,عدد,15,40029,33358,600435,فروشگاه یاس
1405/03/05,SKU00031,چای کیسه‌ای ۱۰۰ عددی,عدد,8,233504,185850,1868032,سوپر پروتئین سبز
1405/03/05,SKU00032,قهوه فوری ۲۰۰ گرمی,عدد,6,495600,400292,2973600,تعاونی مصرف کارکنان
1405/03/05,SKU00033,نوشابه خانواده ۱.۵ لیتری,عدد,36,45748,36217,1646928,بوفه دانشگاه
1405/03/05,SKU00034,آب معدنی ۱.۵ لیتری بسته ۶ عددی,بسته,13,91495,74340,1189435,فروشگاه امید
1405/03/05,SKU00035,ماکارونی ۷۰۰ گرمی,عدد,33,49560,40029,1635480,سوپر پروتئین سبز
1405/03/05,SKU00036,رب گوجه ۸۰۰ گرمی,عدد,5,102932,83871,514660,هایپر نیک
1405/03/05,SKU00037,تن ماهی ۱۸۰ گرمی,عدد,8,160117,128665,1280936,سوپرمارکت آفتاب
1405/03/05,SKU00038,لوبیا چیتی ۹۰۰ گرمی,عدد,3,135337,109604,406011,فروشگاه امید
1405/03/05,SKU00039,عدس ۹۰۰ گرمی,عدد,3,116275,93402,348825,فروشگاه امید
1405/03/05,SKU00040,نخود ۹۰۰ گرمی,عدد,4,123900,100073,495600,مینی‌مارکت شبانه
1405/03/05,SKU00041,پنیر سفید ۴۰۰ گرمی,عدد,27,104838,83871,2830626,سوپرمارکت آفتاب
1405/03/05,SKU00042,شیر کم‌چرب ۱ لیتری,عدد,45,49560,40029,2230200,فروشگاه گلستان
1405/03/05,SKU00043,ماست دبه ۲ کیلویی,عدد,21,195381,157258,4103001,سوپر مارکت البرز
1405/03/05,SKU00044,کره حیوانی ۱۰۰ گرمی,عدد,12,112463,90542,1349556,تعاونی مصرف کارکنان
1405/03/05,SKU00045,مایع ظرفشویی ۳.۷۵ لیتری,عدد,13,209677,166788,2725801,مینی‌مارکت نسیم
1405/03/05,SKU00046,پودر لباسشویی ۵ کیلویی,عدد,5,447946,366935,2239730,فروشگاه رفاه محلی
1405/03/05,SKU00047,دستمال کاغذی ۳۰۰ برگ,بسته,18,81012,64809,1458216,سوپر مارکت البرز
1405/03/05,SKU00048,شامپو ۹۰۰ میلی‌لیتری,عدد,7,255425,204912,1787975,فروشگاه گلستان
1405/03/05,SKU00049,خمیر دندان ۱۰۰ گرمی,عدد,14,87683,68622,1227562,فروشگاه زنجیره‌ای مهر
1405/03/05,SKU00050,صابون بسته ۶ عددی,بسته,9,114369,91495,1029321,مینی‌مارکت نسیم
1405/03/06,SKU00001,برنج ایرانی هاشمی ۱۰ کیلویی,کارتن,1,4292308,3624615,4292308,کافه رستوران ونک
1405/03/06,SKU00027,برنج پاکستانی باسماتی ۱۰ کیلویی,کارتن,5,2527692,2003077,12638460,فروشگاه رفاه محلی
1405/03/06,SKU00028,روغن آفتابگردان ۱.۸ لیتری,عدد,24,176462,143077,4235088,فروشگاه رفاه محلی
1405/03/06,SKU00029,روغن سرخ‌کردنی ۴.۵ لیتری,عدد,4,434000,362462,1736000,کافه رستوران ونک
1405/03/06,SKU00030,شکر سفید ۹۰۰ گرمی,عدد,20,40062,33385,801240,بقالی برادران احمدی
1405/03/06,SKU00031,چای کیسه‌ای ۱۰۰ عددی,عدد,9,233692,186000,2103228,فروشگاه یاس
1405/03/06,SKU00032,قهوه فوری ۲۰۰ گرمی,عدد,5,496000,400615,2480000,کافه رستوران ونک
1405/03/06,SKU00033,نوشابه خانواده ۱.۵ لیتری,عدد,39,45785,36246,1785615,فروشگاه سپیدار
1405/03/06,SKU00034,آب معدنی ۱.۵ لیتری بسته ۶ عددی,بسته,1,91569,74400,91569,فروشگاه گلستان
1405/03/06,SKU00035,ماکارونی ۷۰۰ گرمی,عدد,23,49600,40062,1140800,سوپرمارکت آفتاب
1405/03/06,SKU00036,رب گوجه ۸۰۰ گرمی,عدد,16,103015,83938,1648240,مینی‌مارکت نسیم
1405/03/06,SKU00037,تن ماهی ۱۸۰ گرمی,عدد,22,160246,128769,3525412,فروشگاه زنجیره‌ای مهر
1405/03/06,SKU00038,لوبیا چیتی ۹۰۰ گرمی,عدد,14,135446,109692,1896244,فروشگاه گلستان
1405/03/06,SKU00039,عدس ۹۰۰ گرمی,عدد,7,116369,93477,814583,سوپر پروتئین سبز
1405/03/06,SKU00040,نخود ۹۰۰ گرمی,عدد,5,124000,100154,620000,سوپر مارکت البرز
1405/03/06,SKU00041,پنیر سفید ۴۰۰ گرمی,عدد,25,104923,83938,2623075,فروشگاه زنجیره‌ای مهر
1405/03/06,SKU00042,شیر کم‌چرب ۱ لیتری,عدد,34,49600,40062,1686400,هایپر ستاره شهر
1405/03/06,SKU00043,ماست دبه ۲ کیلویی,عدد,22,195538,157385,4301836,فروشگاه امید
1405/03/06,SKU00044,کره حیوانی ۱۰۰ گرمی,عدد,12,112554,90615,1350648,فروشگاه رفاه محلی
1405/03/06,SKU00045,مایع ظرفشویی ۳.۷۵ لیتری,عدد,8,209846,166923,1678768,فروشگاه یاس
1405/03/06,SKU00046,پودر لباسشویی ۵ کیلویی,عدد,6,448308,367231,2689848,فروشگاه رفاه محلی
1405/03/06,SKU00047,دستمال کاغذی ۳۰۰ برگ,بسته,17,81077,64862,1378309,مینی‌مارکت نسیم
1405/03/06,SKU00048,شامپو ۹۰۰ میلی‌لیتری,عدد,7,255631,205077,1789417,فروشگاه رفاه محلی
1405/03/06,SKU00049,خمیر دندان ۱۰۰ گرمی,عدد,13,87754,68677,1140802,فروشگاه رفاه محلی
1405/03/06,SKU00050,صابون بسته ۶ عددی,بسته,14,114462,91569,1602468,فروشگاه یاس
1405/03/07,SKU00001,برنج ایرانی هاشمی ۱۰ کیلویی,کارتن,3,4295769,3627538,12887307,سوپر پروتئین سبز
1405/03/07,SKU00027,برنج پاکستانی باسماتی ۱۰ کیلویی,کارتن,7,2529731,2004692,17708117,سوپر پروتئین سبز
1405/03/07,SKU00028,روغن آفتابگردان ۱.۸ لیتری,عدد,32,176604,143192,5651328,بوفه دانشگاه
1405/03/07,SKU00029,روغن سرخ‌کردنی ۴.۵ لیتری,عدد,13,434350,362754,5646550,سوپر پروتئین سبز
1405/03/07,SKU00030,شکر سفید ۹۰۰ گرمی,عدد,29,40094,33412,1162726,کافه رستوران ونک
1405/03/07,SKU00031,چای کیسه‌ای ۱۰۰ عددی,عدد,14,233881,186150,3274334,تعاونی مصرف کارکنان
1405/03/07,SKU00032,قهوه فوری ۲۰۰ گرمی,عدد,9,496400,400938,4467600,فروشگاه یاس
1405/03/07,SKU00033,نوشابه خانواده ۱.۵ لیتری,عدد,71,45822,36275,3253362,فروشگاه یاس
1405/03/07,SKU00034,آب معدنی ۱.۵ لیتری بسته ۶ عددی,بسته,4,91643,74460,366572,فروشگاه گلستان
1405/03/07,SKU00035,ماکارونی ۷۰۰ گرمی,عدد,48,49640,40094,2382720,سوپر مارکت البرز
1405/03/07,SKU00036,رب گوجه ۸۰۰ گرمی,عدد,12,103098,84006,1237176,سوپر پروتئین سبز
1405/03/07,SKU00037,تن ماهی ۱۸۰ گرمی,عدد,24,160375,128873,3849000,فروشگاه یاس
1405/03/07,SKU00038,لوبیا چیتی ۹۰۰ گرمی,عدد,12,135555,109781,1626660,هایپر ستاره شهر
1405/03/07,SKU00039,عدس ۹۰۰ گرمی,عدد,18,116463,93552,2096334,فروشگاه یاس
1405/03/07,SKU00040,نخود ۹۰۰ گرمی,عدد,8,124100,100235,992800,فروشگاه سپیدار
1405/03/07,SKU00041,پنیر سفید ۴۰۰ گرمی,عدد,36,105008,84006,3780288,هایپر ستاره شهر
1405/03/07,SKU00042,شیر کم‌چرب ۱ لیتری,عدد,58,49640,40094,2879120,فروشگاه گلستان
1405/03/07,SKU00043,ماست دبه ۲ کیلویی,عدد,29,195696,157512,5675184,فروشگاه گلستان
1405/03/07,SKU00044,کره حیوانی ۱۰۰ گرمی,عدد,12,112645,90688,1351740,فروشگاه سپیدار
1405/03/07,SKU00045,مایع ظرفشویی ۳.۷۵ لیتری,عدد,27,210015,167058,5670405,فروشگاه یاس
1405/03/07,SKU00046,پودر لباسشویی ۵ کیلویی,عدد,6,448669,367527,2692014,سوپرمارکت آفتاب
1405/03/07,SKU00047,دستمال کاغذی ۳۰۰ برگ,بسته,37,81142,64914,3002254,فروشگاه رفاه محلی
1405/03/07,SKU00048,شامپو ۹۰۰ میلی‌لیتری,عدد,15,255837,205242,3837555,تعاونی مصرف کارکنان
1405/03/07,SKU00049,خمیر دندان ۱۰۰ گرمی,عدد,9,87825,68732,790425,سوپرمارکت پارسیان
1405/03/07,SKU00050,صابون بسته ۶ عددی,بسته,12,114554,91643,1374648,فروشگاه زنجیره‌ای مهر
1405/03/08,SKU00001,برنج ایرانی هاشمی ۱۰ کیلویی,کارتن,1,4299231,3630462,4299231,فروشگاه زنجیره‌ای مهر
1405/03/08,SKU00027,برنج پاکستانی باسماتی ۱۰ کیلویی,کارتن,3,2531769,2006308,7595307,سوپر مارکت البرز
1405/03/08,SKU00028,روغن آفتابگردان ۱.۸ لیتری,عدد,13,176746,143308,2297698,کافه رستوران ونک
1405/03/08,SKU00029,روغن سرخ‌کردنی ۴.۵ لیتری,عدد,4,434700,363046,1738800,هایپر نیک
1405/03/08,SKU00030,شکر سفید ۹۰۰ گرمی,عدد,10,40126,33438,401260,فروشگاه امید
1405/03/08,SKU00031,چای کیسه‌ای ۱۰۰ عددی,عدد,7,234069,186300,1638483,فروشگاه سپیدار
1405/03/08,SKU00032,قهوه فوری ۲۰۰ گرمی,عدد,4,496800,401262,1987200,سوپرمارکت آفتاب
1405/03/08,SKU00033,نوشابه خانواده ۱.۵ لیتری,عدد,33,45858,36305,1513314,مینی‌مارکت نسیم
1405/03/08,SKU00034,آب معدنی ۱.۵ لیتری بسته ۶ عددی,بسته,13,91717,74520,1192321,کافه رستوران ونک
1405/03/08,SKU00035,ماکارونی ۷۰۰ گرمی,عدد,15,49680,40126,745200,فروشگاه سپیدار
1405/03/08,SKU00036,رب گوجه ۸۰۰ گرمی,عدد,8,103182,84074,825456,سوپر مارکت البرز
1405/03/08,SKU00037,تن ماهی ۱۸۰ گرمی,عدد,12,160505,128977,1926060,فروشگاه امید
1405/03/08,SKU00038,لوبیا چیتی ۹۰۰ گرمی,عدد,3,135665,109869,406995,فروشگاه رفاه محلی
1405/03/08,SKU00039,عدس ۹۰۰ گرمی,عدد,4,116557,93628,466228,فروشگاه گلستان
1405/03/08,SKU00040,نخود ۹۰۰ گرمی,عدد,1,124200,100315,124200,مینی‌مارکت شبانه
1405/03/08,SKU00041,پنیر سفید ۴۰۰ گرمی,عدد,12,105092,84074,1261104,مینی‌مارکت نسیم
1405/03/08,SKU00042,شیر کم‌چرب ۱ لیتری,عدد,13,49680,40126,645840,هایپر نیک
1405/03/08,SKU00043,ماست دبه ۲ کیلویی,عدد,10,195854,157638,1958540,فروشگاه امید
1405/03/08,SKU00044,کره حیوانی ۱۰۰ گرمی,عدد,7,112735,90762,789145,کافه رستوران ونک
1405/03/08,SKU00045,مایع ظرفشویی ۳.۷۵ لیتری,عدد,6,210185,167192,1261110,سوپر مارکت البرز
1405/03/08,SKU00046,پودر لباسشویی ۵ کیلویی,عدد,2,449031,367823,898062,سوپر مارکت البرز
1405/03/08,SKU00047,دستمال کاغذی ۳۰۰ برگ,بسته,15,81208,64966,1218120,فروشگاه رفاه محلی
1405/03/08,SKU00048,شامپو ۹۰۰ میلی‌لیتری,عدد,3,256043,205408,768129,هایپر ستاره شهر
1405/03/08,SKU00049,خمیر دندان ۱۰۰ گرمی,عدد,7,87895,68788,615265,فروشگاه زنجیره‌ای مهر
1405/03/08,SKU00050,صابون بسته ۶ عددی,بسته,5,114646,91717,573230,سوپرمارکت پارسیان
1405/03/09,SKU00001,برنج ایرانی هاشمی ۱۰ کیلویی,کارتن,2,4302692,3633385,8605384,فروشگاه رفاه محلی
1405/03/09,SKU00027,برنج پاکستانی باسماتی ۱۰ کیلویی,کارتن,6,2533808,2007923,15202848,سوپرمارکت آفتاب
1405/03/09,SKU00028,روغن آفتابگردان ۱.۸ لیتری,عدد,43,176888,143423,7606184,کافه رستوران ونک
1405/03/09,SKU00029,روغن سرخ‌کردنی ۴.۵ لیتری,عدد,4,435050,363338,1740200,سوپر پروتئین سبز
1405/03/09,SKU00030,شکر سفید ۹۰۰ گرمی,عدد,34,40158,33465,1365372,بقالی برادران احمدی
1405/03/09,SKU00031,چای کیسه‌ای ۱۰۰ عددی,عدد,11,234258,186450,2576838,فروشگاه امید
1405/03/09,SKU00032,قهوه فوری ۲۰۰ گرمی,عدد,4,497200,401585,1988800,فروشگاه رفاه محلی
1405/03/09,SKU00033,نوشابه خانواده ۱.۵ لیتری,عدد,59,45895,36334,2707805,فروشگاه رفاه محلی
1405/03/09,SKU00034,آب معدنی ۱.۵ لیتری بسته ۶ عددی,بسته,16,91791,74580,1468656,فروشگاه سپیدار
1405/03/09,SKU00035,ماکارونی ۷۰۰ گرمی,عدد,28,49720,40158,1392160,فروشگاه یاس
1405/03/09,SKU00036,رب گوجه ۸۰۰ گرمی,عدد,11,103265,84142,1135915,فروشگاه یاس
1405/03/09,SKU00037,تن ماهی ۱۸۰ گرمی,عدد,16,160634,129081,2570144,هایپر نیک
1405/03/09,SKU00038,لوبیا چیتی ۹۰۰ گرمی,عدد,14,135774,109958,1900836,سوپر مارکت البرز
1405/03/09,SKU00039,عدس ۹۰۰ گرمی,عدد,10,116651,93703,1166510,مینی‌مارکت شبانه
1405/03/09,SKU00040,نخود ۹۰۰ گرمی,عدد,4,124300,100396,497200,فروشگاه سپیدار
1405/03/09,SKU00041,پنیر سفید ۴۰۰ گرمی,عدد,2,105177,84142,210354,سوپرمارکت پارسیان
1405/03/09,SKU00042,شیر کم‌چرب ۱ لیتری,عدد,15,49720,40158,745800,فروشگاه گلستان
1405/03/09,SKU00043,ماست دبه ۲ کیلویی,عدد,17,196012,157765,3332204,سوپر پروتئین سبز
1405/03/09,SKU00044,کره حیوانی ۱۰۰ گرمی,عدد,9,112826,90835,1015434,فروشگاه یاس
1405/03/09,SKU00045,مایع ظرفشویی ۳.۷۵ لیتری,عدد,10,210354,167327,2103540,سوپرمارکت پارسیان
1405/03/09,SKU00046,پودر لباسشویی ۵ کیلویی,عدد,4,449392,368119,1797568,فروشگاه رفاه محلی
1405/03/09,SKU00047,دستمال کاغذی ۳۰۰ برگ,بسته,20,81273,65018,1625460,فروشگاه امید
1405/03/09,SKU00048,شامپو ۹۰۰ میلی‌لیتری,عدد,5,256249,205573,1281245,سوپر مارکت البرز
1405/03/09,SKU00049,خمیر دندان ۱۰۰ گرمی,عدد,12,87966,68843,1055592,کافه رستوران ونک
1405/03/09,SKU00050,صابون بسته ۶ عددی,بسته,7,114738,91791,803166,مینی‌مارکت نسیم
1405/03/10,SKU00027,برنج پاکستانی باسماتی ۱۰ کیلویی,کارتن,3,2535846,2009538,7607538,فروشگاه یاس
1405/03/10,SKU00028,روغن آفتابگردان ۱.۸ لیتری,عدد,27,177031,143538,4779837,هایپر ستاره شهر
1405/03/10,SKU00029,روغن سرخ‌کردنی ۴.۵ لیتری,عدد,6,435400,363631,2612400,فروشگاه زنجیره‌ای مهر
1405/03/10,SKU00030,شکر سفید ۹۰۰ گرمی,عدد,10,40191,33492,401910,مینی‌مارکت نسیم
1405/03/10,SKU00031,چای کیسه‌ای ۱۰۰ عددی,عدد,12,234446,186600,2813352,هایپر نیک
1405/03/10,SKU00032,قهوه فوری ۲۰۰ گرمی,عدد,8,497600,401908,3980800,هایپر نیک
1405/03/10,SKU00033,نوشابه خانواده ۱.۵ لیتری,عدد,43,45932,36363,1975076,فروشگاه یاس
1405/03/10,SKU00034,آب معدنی ۱.۵ لیتری بسته ۶ عددی,بسته,27,91865,74640,2480355,مینی‌مارکت نسیم
1405/03/10,SKU00035,ماکارونی ۷۰۰ گرمی,عدد,22,49760,40191,1094720,فروشگاه امید
1405/03/10,SKU00036,رب گوجه ۸۰۰ گرمی,عدد,5,103348,84209,516740,فروشگاه رفاه محلی
1405/03/10,SKU00037,تن ماهی ۱۸۰ گرمی,عدد,16,160763,129185,2572208,سوپر مارکت البرز
1405/03/10,SKU00038,لوبیا چیتی ۹۰۰ گرمی,عدد,7,135883,110046,951181,مینی‌مارکت شبانه
1405/03/10,SKU00039,عدس ۹۰۰ گرمی,عدد,7,116745,93778,817215,فروشگاه امید
1405/03/10,SKU00040,نخود ۹۰۰ گرمی,عدد,3,124400,100477,373200,هایپر نیک
1405/03/10,SKU00041,پنیر سفید ۴۰۰ گرمی,عدد,20,105262,84209,2105240,فروشگاه سپیدار
1405/03/10,SKU00042,شیر کم‌چرب ۱ لیتری,عدد,25,49760,40191,1244000,فروشگاه سپیدار
1405/03/10,SKU00043,ماست دبه ۲ کیلویی,عدد,11,196169,157892,2157859,فروشگاه گلستان
1405/03/10,SKU00044,کره حیوانی ۱۰۰ گرمی,عدد,8,112917,90908,903336,هایپر نیک
1405/03/10,SKU00045,مایع ظرفشویی ۳.۷۵ لیتری,عدد,13,210523,167462,2736799,تعاونی مصرف کارکنان
1405/03/10,SKU00046,پودر لباسشویی ۵ کیلویی,عدد,5,449754,368415,2248770,مینی‌مارکت نسیم
1405/03/10,SKU00047,دستمال کاغذی ۳۰۰ برگ,بسته,8,81338,65071,650704,هایپر نیک
1405/03/10,SKU00048,شامپو ۹۰۰ میلی‌لیتری,عدد,8,256455,205738,2051640,فروشگاه گلستان
1405/03/10,SKU00049,خمیر دندان ۱۰۰ گرمی,عدد,12,88037,68898,1056444,بوفه دانشگاه
1405/03/10,SKU00050,صابون بسته ۶ عددی,بسته,9,114831,91865,1033479,فروشگاه زنجیره‌ای مهر
1405/03/11,SKU00001,برنج ایرانی هاشمی ۱۰ کیلویی,کارتن,2,4309615,3639231,8619230,سوپرمارکت پارسیان
1405/03/11,SKU00027,برنج پاکستانی باسماتی ۱۰ کیلویی,کارتن,6,2537885,2011154,15227310,فروشگاه گلستان
1405/03/11,SKU00028,روغن آفتابگردان ۱.۸ لیتری,عدد,29,177173,143654,5138017,فروشگاه امید
1405/03/11,SKU00029,روغن سرخ‌کردنی ۴.۵ لیتری,عدد,7,435750,363923,3050250,سوپرمارکت پارسیان
1405/03/11,SKU00030,شکر سفید ۹۰۰ گرمی,عدد,23,40223,33519,925129,مینی‌مارکت نسیم
1405/03/11,SKU00031,چای کیسه‌ای ۱۰۰ عددی,عدد,12,234635,186750,2815620,بقالی برادران احمدی
1405/03/11,SKU00032,قهوه فوری ۲۰۰ گرمی,عدد,2,498000,402231,996000,هایپر نیک
1405/03/11,SKU00033,نوشابه خانواده ۱.۵ لیتری,عدد,46,45969,36392,2114574,سوپر پروتئین سبز
1405/03/11,SKU00034,آب معدنی ۱.۵ لیتری بسته ۶ عددی,بسته,10,91938,74700,919380,هایپر نیک
1405/03/11,SKU00035,ماکارونی ۷۰۰ گرمی,عدد,33,49800,40223,1643400,سوپر مارکت البرز
1405/03/11,SKU00036,رب گوجه ۸۰۰ گرمی,عدد,11,103431,84277,1137741,کافه رستوران ونک
1405/03/11,SKU00037,تن ماهی ۱۸۰ گرمی,عدد,20,160892,129288,3217840,مینی‌مارکت شبانه
1405/03/11,SKU00038,لوبیا چیتی ۹۰۰ گرمی,عدد,17,135992,110135,2311864,سوپر پروتئین سبز
1405/03/11,SKU00039,عدس ۹۰۰ گرمی,عدد,10,116838,93854,1168380,مینی‌مارکت نسیم
1405/03/11,SKU00040,نخود ۹۰۰ گرمی,عدد,7,124500,100558,871500,بقالی برادران احمدی
1405/03/11,SKU00041,پنیر سفید ۴۰۰ گرمی,عدد,21,105346,84277,2212266,فروشگاه زنجیره‌ای مهر
1405/03/11,SKU00042,شیر کم‌چرب ۱ لیتری,عدد,30,49800,40223,1494000,فروشگاه یاس
1405/03/11,SKU00043,ماست دبه ۲ کیلویی,عدد,18,196327,158019,3533886,مینی‌مارکت شبانه
1405/03/11,SKU00044,کره حیوانی ۱۰۰ گرمی,عدد,5,113008,90981,565040,فروشگاه سپیدار
1405/03/11,SKU00045,مایع ظرفشویی ۳.۷۵ لیتری,عدد,10,210692,167596,2106920,بقالی برادران احمدی
1405/03/11,SKU00046,پودر لباسشویی ۵ کیلویی,عدد,5,450115,368712,2250575,مینی‌مارکت نسیم
1405/03/11,SKU00047,دستمال کاغذی ۳۰۰ برگ,بسته,25,81404,65123,2035100,فروشگاه رفاه محلی
1405/03/11,SKU00048,شامپو ۹۰۰ میلی‌لیتری,عدد,6,256662,205904,1539972,کافه رستوران ونک
1405/03/11,SKU00049,خمیر دندان ۱۰۰ گرمی,عدد,13,88108,68954,1145404,مینی‌مارکت شبانه
1405/03/11,SKU00050,صابون بسته ۶ عددی,بسته,5,114923,91938,574615,سوپرمارکت آفتاب
1405/03/12,SKU00001,برنج ایرانی هاشمی ۱۰ کیلویی,کارتن,3,4313077,3642154,12939231,بوفه دانشگاه
1405/03/12,SKU00027,برنج پاکستانی باسماتی ۱۰ کیلویی,کارتن,1,2539923,2012769,2539923,بقالی برادران احمدی
1405/03/12,SKU00028,روغن آفتابگردان ۱.۸ لیتری,عدد,37,177315,143769,6560655,فروشگاه یاس
1405/03/12,SKU00029,روغن سرخ‌کردنی ۴.۵ لیتری,عدد,6,436100,364215,2616600,بوفه دانشگاه
1405/03/12,SKU00030,شکر سفید ۹۰۰ گرمی,عدد,23,40255,33546,925865,هایپر ستاره شهر
1405/03/12,SKU00031,چای کیسه‌ای ۱۰۰ عددی,عدد,14,234823,186900,3287522,فروشگاه سپیدار
1405/03/12,SKU00032,قهوه فوری ۲۰۰ گرمی,عدد,6,498400,402554,2990400,فروشگاه امید
1405/03/12,SKU00033,نوشابه خانواده ۱.۵ لیتری,عدد,40,46006,36422,1840240,فروشگاه امید
1405/03/12,SKU00034,آب معدنی ۱.۵ لیتری بسته ۶ عددی,بسته,36,92012,74760,3312432,سوپر مارکت البرز
1405/03/12,SKU00035,ماکارونی ۷۰۰ گرمی,عدد,20,49840,40255,996800,کافه رستوران ونک
1405/03/12,SKU00036,رب گوجه ۸۰۰ گرمی,عدد,9,103514,84345,931626,سوپرمارکت آفتاب
1405/03/12,SKU00037,تن ماهی ۱۸۰ گرمی,عدد,13,161022,129392,2093286,سوپرمارکت پارسیان
1405/03/12,SKU00038,لوبیا چیتی ۹۰۰ گرمی,عدد,7,136102,110223,952714,بوفه دانشگاه
1405/03/12,SKU00039,عدس ۹۰۰ گرمی,عدد,11,116932,93929,1286252,فروشگاه سپیدار
1405/03/12,SKU00040,نخود ۹۰۰ گرمی,عدد,7,124600,100638,872200,مینی‌مارکت شبانه
1405/03/12,SKU00041,پنیر سفید ۴۰۰ گرمی,عدد,16,105431,84345,1686896,بوفه دانشگاه
1405/03/12,SKU00042,شیر کم‌چرب ۱ لیتری,عدد,13,49840,40255,647920,فروشگاه سپیدار
1405/03/12,SKU00043,ماست دبه ۲ کیلویی,عدد,13,196485,158146,2554305,بوفه دانشگاه
1405/03/12,SKU00044,کره حیوانی ۱۰۰ گرمی,عدد,11,113098,91054,1244078,سوپر مارکت البرز
1405/03/12,SKU00045,مایع ظرفشویی ۳.۷۵ لیتری,عدد,12,210862,167731,2530344,مینی‌مارکت نسیم
1405/03/12,SKU00046,پودر لباسشویی ۵ کیلویی,عدد,6,450477,369008,2702862,فروشگاه رفاه محلی
1405/03/12,SKU00047,دستمال کاغذی ۳۰۰ برگ,بسته,7,81469,65175,570283,فروشگاه رفاه محلی
1405/03/12,SKU00048,شامپو ۹۰۰ میلی‌لیتری,عدد,4,256868,206069,1027472,سوپرمارکت پارسیان
1405/03/12,SKU00049,خمیر دندان ۱۰۰ گرمی,عدد,17,88178,69009,1499026,بوفه دانشگاه
1405/03/12,SKU00050,صابون بسته ۶ عددی,بسته,8,115015,92012,920120,هایپر ستاره شهر
1405/03/13,SKU00001,برنج ایرانی هاشمی ۱۰ کیلویی,کارتن,4,4316538,3645077,17266152,سوپر پروتئین سبز
1405/03/13,SKU00027,برنج پاکستانی باسماتی ۱۰ کیلویی,کارتن,5,2541962,2014385,12709810,سوپرمارکت آفتاب
1405/03/13,SKU00028,روغن آفتابگردان ۱.۸ لیتری,عدد,31,177458,143885,5501198,هایپر ستاره شهر
1405/03/13,SKU00029,روغن سرخ‌کردنی ۴.۵ لیتری,عدد,5,436450,364508,2182250,سوپرمارکت پارسیان
1405/03/13,SKU00030,شکر سفید ۹۰۰ گرمی,عدد,27,40288,33573,1087776,سوپر مارکت البرز
1405/03/13,SKU00031,چای کیسه‌ای ۱۰۰ عددی,عدد,11,235012,187050,2585132,تعاونی مصرف کارکنان
1405/03/13,SKU00032,قهوه فوری ۲۰۰ گرمی,عدد,4,498800,402877,1995200,سوپرمارکت پارسیان
1405/03/13,SKU00033,نوشابه خانواده ۱.۵ لیتری,عدد,69,46043,36451,3176967,سوپر مارکت البرز
1405/03/13,SKU00034,آب معدنی ۱.۵ لیتری بسته ۶ عددی,بسته,14,92086,74820,1289204,بقالی برادران احمدی
1405/03/13,SKU00035,ماکارونی ۷۰۰ گرمی,عدد,31,49880,40288,1546280,فروشگاه امید
1405/03/13,SKU00036,رب گوجه ۸۰۰ گرمی,عدد,16,103597,84412,1657552,سوپر مارکت البرز
1405/03/13,SKU00037,تن ماهی ۱۸۰ گرمی,عدد,32,161151,129496,5156832,فروشگاه گلستان
1405/03/13,SKU00038,لوبیا چیتی ۹۰۰ گرمی,عدد,16,136211,110312,2179376,مینی‌مارکت نسیم
1405/03/13,SKU00039,عدس ۹۰۰ گرمی,عدد,10,117026,94005,1170260,فروشگاه گلستان
1405/03/13,SKU00040,نخود ۹۰۰ گرمی,عدد,5,124700,100719,623500,فروشگاه زنجیره‌ای مهر
1405/03/13,SKU00041,پنیر سفید ۴۰۰ گرمی,عدد,28,105515,84412,2954420,مینی‌مارکت نسیم
1405/03/13,SKU00042,شیر کم‌چرب ۱ لیتری,عدد,33,49880,40288,1646040,هایپر ستاره شهر
1405/03/13,SKU00043,ماست دبه ۲ کیلویی,عدد,15,196642,158273,2949630,بوفه دانشگاه
1405/03/13,SKU00044,کره حیوانی ۱۰۰ گرمی,عدد,10,113189,91127,1131890,فروشگاه گلستان
1405/03/13,SKU00045,مایع ظرفشویی ۳.۷۵ لیتری,عدد,14,211031,167865,2954434,مینی‌مارکت شبانه
1405/03/13,SKU00046,پودر لباسشویی ۵ کیلویی,عدد,7,450838,369304,3155866,بقالی برادران احمدی
1405/03/13,SKU00047,دستمال کاغذی ۳۰۰ برگ,بسته,21,81535,65228,1712235,هایپر ستاره شهر
1405/03/13,SKU00048,شامپو ۹۰۰ میلی‌لیتری,عدد,7,257074,206235,1799518,تعاونی مصرف کارکنان
1405/03/13,SKU00049,خمیر دندان ۱۰۰ گرمی,عدد,13,88249,69065,1147237,مینی‌مارکت شبانه
1405/03/13,SKU00050,صابون بسته ۶ عددی,بسته,6,115108,92086,690648,هایپر نیک
1405/03/14,SKU00001,برنج ایرانی هاشمی ۱۰ کیلویی,کارتن,8,4320000,3648000,34560000,فروشگاه سپیدار
1405/03/14,SKU00027,برنج پاکستانی باسماتی ۱۰ کیلویی,کارتن,7,2544000,2016000,17808000,مینی‌مارکت نسیم
1405/03/14,SKU00028,روغن آفتابگردان ۱.۸ لیتری,عدد,65,177600,144000,11544000,تعاونی مصرف کارکنان
1405/03/14,SKU00029,روغن سرخ‌کردنی ۴.۵ لیتری,عدد,11,436800,364800,4804800,کافه رستوران ونک
1405/03/14,SKU00030,شکر سفید ۹۰۰ گرمی,عدد,31,40320,33600,1249920,بوفه دانشگاه
1405/03/14,SKU00031,چای کیسه‌ای ۱۰۰ عددی,عدد,26,235200,187200,6115200,فروشگاه سپیدار
1405/03/14,SKU00032,قهوه فوری ۲۰۰ گرمی,عدد,6,499200,403200,2995200,سوپر پروتئین سبز
1405/03/14,SKU00033,نوشابه خانواده ۱.۵ لیتری,عدد,37,46080,36480,1704960,سوپر پروتئین سبز
1405/03/14,SKU00034,آب معدنی ۱.۵ لیتری بسته ۶ عددی,بسته,39,92160,74880,3594240,سوپرمارکت پارسیان
1405/03/14,SKU00035,ماکارونی ۷۰۰ گرمی,عدد,44,49920,40320,2196480,فروشگاه امید
1405/03/14,SKU00036,رب گوجه ۸۰۰ گرمی,عدد,21,103680,84480,2177280,هایپر نیک
1405/03/14,SKU00037,تن ماهی ۱۸۰ گرمی,عدد,2,161280,129600,322560,فروشگاه یاس
1405/03/14,SKU00038,لوبیا چیتی ۹۰۰ گرمی,عدد,22,136320,110400,2999040,تعاونی مصرف کارکنان
1405/03/14,SKU00039,عدس ۹۰۰ گرمی,عدد,11,117120,94080,1288320,مینی‌مارکت شبانه
1405/03/14,SKU00040,نخود ۹۰۰ گرمی,عدد,9,124800,100800,1123200,هایپر نیک
1405/03/14,SKU00041,پنیر سفید ۴۰۰ گرمی,عدد,20,105600,84480,2112000,فروشگاه زنجیره‌ای مهر
1405/03/14,SKU00042,شیر کم‌چرب ۱ لیتری,عدد,54,49920,40320,2695680,فروشگاه امید
1405/03/14,SKU00043,ماست دبه ۲ کیلویی,عدد,17,196800,158400,3345600,هایپر نیک
1405/03/14,SKU00044,کره حیوانی ۱۰۰ گرمی,عدد,15,113280,91200,1699200,بوفه دانشگاه
1405/03/14,SKU00045,مایع ظرفشویی ۳.۷۵ لیتری,عدد,20,211200,168000,4224000,سوپرمارکت آفتاب
1405/03/14,SKU00046,پودر لباسشویی ۵ کیلویی,عدد,3,451200,369600,1353600,مینی‌مارکت نسیم
1405/03/14,SKU00047,دستمال کاغذی ۳۰۰ برگ,بسته,19,81600,65280,1550400,سوپر پروتئین سبز
1405/03/14,SKU00048,شامپو ۹۰۰ میلی‌لیتری,عدد,7,257280,206400,1800960,بقالی برادران احمدی
1405/03/14,SKU00049,خمیر دندان ۱۰۰ گرمی,عدد,17,88320,69120,1501440,فروشگاه یاس
1405/03/14,SKU00050,صابون بسته ۶ عددی,بسته,13,115200,92160,1497600,سوپرمارکت آفتاب
1405/03/15,SKU00001,برنج ایرانی هاشمی ۱۰ کیلویی,کارتن,1,4323462,3650923,4323462,کافه رستوران ونک
1405/03/15,SKU00027,برنج پاکستانی باسماتی ۱۰ کیلویی,کارتن,2,2546038,2017615,5092076,مینی‌مارکت شبانه
1405/03/15,SKU00028,روغن آفتابگردان ۱.۸ لیتری,عدد,18,177742,144115,3199356,تعاونی مصرف کارکنان
1405/03/15,SKU00029,روغن سرخ‌کردنی ۴.۵ لیتری,عدد,6,437150,365092,2622900,فروشگاه گلستان
1405/03/15,SKU00030,شکر سفید ۹۰۰ گرمی,عدد,9,40352,33627,363168,تعاونی مصرف کارکنان
1405/03/15,SKU00031,چای کیسه‌ای ۱۰۰ عددی,عدد,3,235388,187350,706164,بقالی برادران احمدی
1405/03/15,SKU00032,قهوه فوری ۲۰۰ گرمی,عدد,4,499600,403523,1998400,فروشگاه سپیدار
1405/03/15,SKU00033,نوشابه خانواده ۱.۵ لیتری,عدد,9,46117,36509,415053,فروشگاه زنجیره‌ای مهر
1405/03/15,SKU00034,آب معدنی ۱.۵ لیتری بسته ۶ عددی,بسته,10,92234,74940,922340,فروشگاه رفاه محلی
1405/03/15,SKU00035,ماکارونی ۷۰۰ گرمی,عدد,14,49960,40352,699440,سوپرمارکت آفتاب
1405/03/15,SKU00036,رب گوجه ۸۰۰ گرمی,عدد,5,103763,84548,518815,تعاونی مصرف کارکنان
1405/03/15,SKU00037,تن ماهی ۱۸۰ گرمی,عدد,10,161409,129704,1614090,بوفه دانشگاه
1405/03/15,SKU00038,لوبیا چیتی ۹۰۰ گرمی,عدد,7,136429,110488,955003,کافه رستوران ونک
1405/03/15,SKU00039,عدس ۹۰۰ گرمی,عدد,5,117214,94155,586070,مینی‌مارکت نسیم
1405/03/15,SKU00040,نخود ۹۰۰ گرمی,عدد,3,124900,100881,374700,کافه رستوران ونک
1405/03/15,SKU00041,پنیر سفید ۴۰۰ گرمی,عدد,12,105685,84548,1268220,سوپرمارکت پارسیان
1405/03/15,SKU00042,شیر کم‌چرب ۱ لیتری,عدد,22,49960,40352,1099120,هایپر ستاره شهر
1405/03/15,SKU00043,ماست دبه ۲ کیلویی,عدد,7,196958,158527,1378706,سوپر مارکت البرز
1405/03/15,SKU00044,کره حیوانی ۱۰۰ گرمی,عدد,8,113371,91273,906968,فروشگاه رفاه محلی
1405/03/15,SKU00045,مایع ظرفشویی ۳.۷۵ لیتری,عدد,9,211369,168135,1902321,مینی‌مارکت نسیم
1405/03/15,SKU00046,پودر لباسشویی ۵ کیلویی,عدد,2,451562,369896,903124,فروشگاه رفاه محلی
1405/03/15,SKU00047,دستمال کاغذی ۳۰۰ برگ,بسته,16,81665,65332,1306640,فروشگاه رفاه محلی
1405/03/15,SKU00048,شامپو ۹۰۰ میلی‌لیتری,عدد,4,257486,206565,1029944,فروشگاه یاس
1405/03/15,SKU00049,خمیر دندان ۱۰۰ گرمی,عدد,7,88391,69175,618737,تعاونی مصرف کارکنان
1405/03/15,SKU00050,صابون بسته ۶ عددی,بسته,5,115292,92234,576460,هایپر ستاره شهر
1405/03/16,SKU00001,برنج ایرانی هاشمی ۱۰ کیلویی,کارتن,2,4326923,3653846,8653846,سوپرمارکت پارسیان
1405/03/16,SKU00027,برنج پاکستانی باسماتی ۱۰ کیلویی,کارتن,3,2548077,2019231,7644231,بقالی برادران احمدی
1405/03/16,SKU00028,روغن آفتابگردان ۱.۸ لیتری,عدد,20,177885,144231,3557700,بوفه دانشگاه
1405/03/16,SKU00029,روغن سرخ‌کردنی ۴.۵ لیتری,عدد,6,437500,365385,2625000,فروشگاه زنجیره‌ای مهر
1405/03/16,SKU00030,شکر سفید ۹۰۰ گرمی,عدد,27,40385,33654,1090395,فروشگاه سپیدار
1405/03/16,SKU00031,چای کیسه‌ای ۱۰۰ عددی,عدد,8,235577,187500,1884616,تعاونی مصرف کارکنان
1405/03/16,SKU00032,قهوه فوری ۲۰۰ گرمی,عدد,4,500000,403846,2000000,هایپر ستاره شهر
1405/03/16,SKU00033,نوشابه خانواده ۱.۵ لیتری,عدد,73,46154,36538,3369242,بقالی برادران احمدی
1405/03/16,SKU00034,آب معدنی ۱.۵ لیتری بسته ۶ عددی,بسته,13,92308,75000,1200004,بوفه دانشگاه
1405/03/16,SKU00035,ماکارونی ۷۰۰ گرمی,عدد,14,50000,40385,700000,فروشگاه امید
1405/03/16,SKU00036,رب گوجه ۸۰۰ گرمی,عدد,15,103846,84615,1557690,فروشگاه زنجیره‌ای مهر
1405/03/16,SKU00037,تن ماهی ۱۸۰ گرمی,عدد,21,161538,129808,3392298,مینی‌مارکت شبانه
1405/03/16,SKU00038,لوبیا چیتی ۹۰۰ گرمی,عدد,12,136538,110577,1638456,بوفه دانشگاه
1405/03/16,SKU00039,عدس ۹۰۰ گرمی,عدد,6,117308,94231,703848,هایپر ستاره شهر
1405/03/16,SKU00040,نخود ۹۰۰ گرمی,عدد,6,125000,100962,750000,مینی‌مارکت نسیم
1405/03/16,SKU00041,پنیر سفید ۴۰۰ گرمی,عدد,22,105769,84615,2326918,تعاونی مصرف کارکنان
1405/03/16,SKU00042,شیر کم‌چرب ۱ لیتری,عدد,20,50000,40385,1000000,فروشگاه رفاه محلی
1405/03/16,SKU00043,ماست دبه ۲ کیلویی,عدد,25,197115,158654,4927875,مینی‌مارکت نسیم
1405/03/16,SKU00044,کره حیوانی ۱۰۰ گرمی,عدد,11,113462,91346,1248082,بقالی برادران احمدی
1405/03/16,SKU00045,مایع ظرفشویی ۳.۷۵ لیتری,عدد,9,211538,168269,1903842,فروشگاه سپیدار
1405/03/16,SKU00046,پودر لباسشویی ۵ کیلویی,عدد,4,451923,370192,1807692,سوپرمارکت پارسیان
1405/03/16,SKU00047,دستمال کاغذی ۳۰۰ برگ,بسته,19,81731,65385,1552889,تعاونی مصرف کارکنان
1405/03/16,SKU00048,شامپو ۹۰۰ میلی‌لیتری,عدد,4,257692,206731,1030768,بقالی برادران احمدی
1405/03/16,SKU00049,خمیر دندان ۱۰۰ گرمی,عدد,13,88462,69231,1150006,بوفه دانشگاه
1405/03/16,SKU00050,صابون بسته ۶ عددی,بسته,11,115385,92308,1269235,بقالی برادران احمدی
1405/03/17,SKU00001,برنج ایرانی هاشمی ۱۰ کیلویی,کارتن,4,4330385,3656769,17321540,فروشگاه زنجیره‌ای مهر
1405/03/17,SKU00027,برنج پاکستانی باسماتی ۱۰ کیلویی,کارتن,4,2550115,2020846,10200460,مینی‌مارکت شبانه
1405/03/17,SKU00028,روغن آفتابگردان ۱.۸ لیتری,عدد,19,178027,144346,3382513,هایپر نیک
1405/03/17,SKU00029,روغن سرخ‌کردنی ۴.۵ لیتری,عدد,9,437850,365677,3940650,هایپر ستاره شهر
1405/03/17,SKU00030,شکر سفید ۹۰۰ گرمی,عدد,26,40417,33681,1050842,سوپر پروتئین سبز
1405/03/17,SKU00031,چای کیسه‌ای ۱۰۰ عددی,عدد,11,235765,187650,2593415,بوفه دانشگاه
1405/03/17,SKU00032,قهوه فوری ۲۰۰ گرمی,عدد,5,500400,404169,2502000,فروشگاه گلستان
1405/03/17,SKU00033,نوشابه خانواده ۱.۵ لیتری,عدد,20,46191,36568,923820,هایپر ستاره شهر
1405/03/17,SKU00034,آب معدنی ۱.۵ لیتری بسته ۶ عددی,بسته,20,92382,75060,1847640,کافه رستوران ونک
1405/03/17,SKU00035,ماکارونی ۷۰۰ گرمی,عدد,18,50040,40417,900720,سوپرمارکت آفتاب
1405/03/17,SKU00036,رب گوجه ۸۰۰ گرمی,عدد,9,103929,84683,935361,فروشگاه رفاه محلی
1405/03/17,SKU00037,تن ماهی ۱۸۰ گرمی,عدد,2,161668,129912,323336,سوپرمارکت آفتاب
1405/03/17,SKU00038,لوبیا چیتی ۹۰۰ گرمی,عدد,14,136648,110665,1913072,سوپر مارکت البرز
1405/03/17,SKU00039,عدس ۹۰۰ گرمی,عدد,10,117402,94306,1174020,مینی‌مارکت شبانه
1405/03/17,SKU00040,نخود ۹۰۰ گرمی,عدد,5,125100,101042,625500,تعاونی مصرف کارکنان
1405/03/17,SKU00041,پنیر سفید ۴۰۰ گرمی,عدد,17,105854,84683,1799518,فروشگاه زنجیره‌ای مهر
1405/03/17,SKU00042,شیر کم‌چرب ۱ لیتری,عدد,18,50040,40417,900720,سوپر مارکت البرز
1405/03/17,SKU00043,ماست دبه ۲ کیلویی,عدد,15,197273,158781,2959095,فروشگاه زنجیره‌ای مهر
1405/03/17,SKU00044,کره حیوانی ۱۰۰ گرمی,عدد,9,113552,91419,1021968,مینی‌مارکت شبانه
1405/03/17,SKU00045,مایع ظرفشویی ۳.۷۵ لیتری,عدد,11,211708,168404,2328788,فروشگاه گلستان
1405/03/17,SKU00046,پودر لباسشویی ۵ کیلویی,عدد,5,452285,370488,2261425,سوپر پروتئین سبز
1405/03/17,SKU00047,دستمال کاغذی ۳۰۰ برگ,بسته,15,81796,65437,1226940,مینی‌مارکت نسیم
1405/03/17,SKU00048,شامپو ۹۰۰ میلی‌لیتری,عدد,6,257898,206896,1547388,بقالی برادران احمدی
1405/03/17,SKU00049,خمیر دندان ۱۰۰ گرمی,عدد,11,88532,69286,973852,فروشگاه زنجیره‌ای مهر
1405/03/17,SKU00050,صابون بسته ۶ عددی,بسته,8,115477,92382,923816,سوپرمارکت آفتاب
1405/03/18,SKU00001,برنج ایرانی هاشمی ۱۰ کیلویی,کارتن,3,4333846,3659692,13001538,بوفه دانشگاه
1405/03/18,SKU00027,برنج پاکستانی باسماتی ۱۰ کیلویی,کارتن,3,2552154,2022462,7656462,سوپر پروتئین سبز
1405/03/18,SKU00028,روغن آفتابگردان ۱.۸ لیتری,عدد,27,178169,144462,4810563,هایپر نیک
1405/03/18,SKU00029,روغن سرخ‌کردنی ۴.۵ لیتری,عدد,8,438200,365969,3505600,فروشگاه امید
1405/03/18,SKU00030,شکر سفید ۹۰۰ گرمی,عدد,30,40449,33708,1213470,هایپر نیک
1405/03/18,SKU00031,چای کیسه‌ای ۱۰۰ عددی,عدد,9,235954,187800,2123586,فروشگاه رفاه محلی
1405/03/18,SKU00032,قهوه فوری ۲۰۰ گرمی,عدد,6,500800,404492,3004800,فروشگاه سپیدار
1405/03/18,SKU00033,نوشابه خانواده ۱.۵ لیتری,عدد,41,46228,36597,1895348,بقالی برادران احمدی
1405/03/18,SKU00034,آب معدنی ۱.۵ لیتری بسته ۶ عددی,بسته,25,92455,75120,2311375,فروشگاه سپیدار
1405/03/18,SKU00035,ماکارونی ۷۰۰ گرمی,عدد,14,50080,40449,701120,سوپر مارکت البرز
1405/03/18,SKU00036,رب گوجه ۸۰۰ گرمی,عدد,10,104012,84751,1040120,سوپرمارکت آفتاب
1405/03/18,SKU00037,تن ماهی ۱۸۰ گرمی,عدد,17,161797,130015,2750549,سوپرمارکت آفتاب
1405/03/18,SKU00038,لوبیا چیتی ۹۰۰ گرمی,عدد,9,136757,110754,1230813,مینی‌مارکت نسیم
1405/03/18,SKU00039,عدس ۹۰۰ گرمی,عدد,7,117495,94382,822465,هایپر نیک
1405/03/18,SKU00040,نخود ۹۰۰ گرمی,عدد,7,125200,101123,876400,سوپر پروتئین سبز
1405/03/18,SKU00041,پنیر سفید ۴۰۰ گرمی,عدد,19,105938,84751,2012822,مینی‌مارکت شبانه
1405/03/18,SKU00042,شیر کم‌چرب ۱ لیتری,عدد,30,50080,40449,1502400,فروشگاه گلستان
1405/03/18,SKU00043,ماست دبه ۲ کیلویی,عدد,11,197431,158908,2171741,بوفه دانشگاه
1405/03/18,SKU00044,کره حیوانی ۱۰۰ گرمی,عدد,9,113643,91492,1022787,فروشگاه سپیدار
1405/03/18,SKU00045,مایع ظرفشویی ۳.۷۵ لیتری,عدد,10,211877,168538,2118770,سوپرمارکت آفتاب
1405/03/18,SKU00046,پودر لباسشویی ۵ کیلویی,عدد,6,452646,370785,2715876,فروشگاه سپیدار
1405/03/18,SKU00047,دستمال کاغذی ۳۰۰ برگ,بسته,23,81862,65489,1882826,فروشگاه گلستان
1405/03/18,SKU00048,شامپو ۹۰۰ میلی‌لیتری,عدد,6,258105,207062,1548630,مینی‌مارکت شبانه
1405/03/18,SKU00049,خمیر دندان ۱۰۰ گرمی,عدد,8,88603,69342,708824,سوپرمارکت آفتاب
1405/03/18,SKU00050,صابون بسته ۶ عددی,بسته,9,115569,92455,1040121,فروشگاه گلستان
1405/03/19,SKU00001,برنج ایرانی هاشمی ۱۰ کیلویی,کارتن,3,4337308,3662615,13011924,هایپر نیک
1405/03/19,SKU00027,برنج پاکستانی باسماتی ۱۰ کیلویی,کارتن,3,2554192,2024077,7662576,کافه رستوران ونک
1405/03/19,SKU00028,روغن آفتابگردان ۱.۸ لیتری,عدد,32,178312,144577,5705984,فروشگاه یاس
1405/03/19,SKU00029,روغن سرخ‌کردنی ۴.۵ لیتری,عدد,6,438550,366262,2631300,تعاونی مصرف کارکنان
1405/03/19,SKU00030,شکر سفید ۹۰۰ گرمی,عدد,48,40482,33735,1943136,فروشگاه رفاه محلی
1405/03/19,SKU00031,چای کیسه‌ای ۱۰۰ عددی,عدد,13,236142,187950,3069846,مینی‌مارکت نسیم
1405/03/19,SKU00032,قهوه فوری ۲۰۰ گرمی,عدد,7,501200,404815,3508400,کافه رستوران ونک
1405/03/19,SKU00033,نوشابه خانواده ۱.۵ لیتری,عدد,60,46265,36626,2775900,فروشگاه گلستان
1405/03/19,SKU00034,آب معدنی ۱.۵ لیتری بسته ۶ عددی,بسته,29,92529,75180,2683341,هایپر ستاره شهر
1405/03/19,SKU00035,ماکارونی ۷۰۰ گرمی,عدد,19,50120,40482,952280,فروشگاه زنجیره‌ای مهر
1405/03/19,SKU00036,رب گوجه ۸۰۰ گرمی,عدد,13,104095,84818,1353235,سوپرمارکت پارسیان
1405/03/19,SKU00037,تن ماهی ۱۸۰ گرمی,عدد,19,161926,130119,3076594,سوپرمارکت پارسیان
1405/03/19,SKU00038,لوبیا چیتی ۹۰۰ گرمی,عدد,8,136866,110842,1094928,فروشگاه گلستان
1405/03/19,SKU00039,عدس ۹۰۰ گرمی,عدد,6,117589,94457,705534,مینی‌مارکت نسیم
1405/03/19,SKU00040,نخود ۹۰۰ گرمی,عدد,7,125300,101204,877100,مینی‌مارکت شبانه
1405/03/19,SKU00041,پنیر سفید ۴۰۰ گرمی,عدد,20,106023,84818,2120460,کافه رستوران ونک
1405/03/19,SKU00042,شیر کم‌چرب ۱ لیتری,عدد,10,50120,40482,501200,فروشگاه گلستان
1405/03/19,SKU00043,ماست دبه ۲ کیلویی,عدد,30,197588,159035,5927640,تعاونی مصرف کارکنان
1405/03/19,SKU00044,کره حیوانی ۱۰۰ گرمی,عدد,11,113734,91565,1251074,فروشگاه یاس
1405/03/19,SKU00045,مایع ظرفشویی ۳.۷۵ لیتری,عدد,16,212046,168673,3392736,هایپر ستاره شهر
1405/03/19,SKU00046,پودر لباسشویی ۵ کیلویی,عدد,5,453008,371081,2265040,بوفه دانشگاه
1405/03/19,SKU00047,دستمال کاغذی ۳۰۰ برگ,بسته,19,81927,65542,1556613,مینی‌مارکت نسیم
1405/03/19,SKU00048,شامپو ۹۰۰ میلی‌لیتری,عدد,2,258311,207227,516622,فروشگاه سپیدار
1405/03/19,SKU00049,خمیر دندان ۱۰۰ گرمی,عدد,17,88674,69397,1507458,هایپر ستاره شهر
1405/03/19,SKU00050,صابون بسته ۶ عددی,بسته,13,115662,92529,1503606,بقالی برادران احمدی
1405/03/20,SKU00001,برنج ایرانی هاشمی ۱۰ کیلویی,کارتن,4,4340769,3665538,17363076,فروشگاه یاس
1405/03/20,SKU00027,برنج پاکستانی باسماتی ۱۰ کیلویی,کارتن,7,2556231,2025692,17893617,تعاونی مصرف کارکنان
1405/03/20,SKU00028,روغن آفتابگردان ۱.۸ لیتری,عدد,39,178454,144692,6959706,تعاونی مصرف کارکنان
1405/03/20,SKU00029,روغن سرخ‌کردنی ۴.۵ لیتری,عدد,6,438900,366554,2633400,سوپرمارکت پارسیان
1405/03/20,SKU00030,شکر سفید ۹۰۰ گرمی,عدد,41,40514,33762,1661074,هایپر ستاره شهر
1405/03/20,SKU00031,چای کیسه‌ای ۱۰۰ عددی,عدد,12,236331,188100,2835972,فروشگاه امید
1405/03/20,SKU00032,قهوه فوری ۲۰۰ گرمی,عدد,6,501600,405138,3009600,فروشگاه یاس
1405/03/20,SKU00033,نوشابه خانواده ۱.۵ لیتری,عدد,68,46302,36655,3148536,فروشگاه امید
1405/03/20,SKU00034,آب معدنی ۱.۵ لیتری بسته ۶ عددی,بسته,28,92603,75240,2592884,فروشگاه سپیدار
1405/03/20,SKU00035,ماکارونی ۷۰۰ گرمی,عدد,21,50160,40514,1053360,سوپرمارکت پارسیان
1405/03/20,SKU00036,رب گوجه ۸۰۰ گرمی,عدد,16,104178,84886,1666848,سوپرمارکت پارسیان
1405/03/20,SKU00037,تن ماهی ۱۸۰ گرمی,عدد,25,162055,130223,4051375,سوپرمارکت آفتاب
1405/03/20,SKU00038,لوبیا چیتی ۹۰۰ گرمی,عدد,12,136975,110931,1643700,فروشگاه یاس
1405/03/20,SKU00039,عدس ۹۰۰ گرمی,عدد,11,117683,94532,1294513,بقالی برادران احمدی
1405/03/20,SKU00040,نخود ۹۰۰ گرمی,عدد,6,125400,101285,752400,بقالی برادران احمدی
1405/03/20,SKU00041,پنیر سفید ۴۰۰ گرمی,عدد,25,106108,84886,2652700,تعاونی مصرف کارکنان
1405/03/20,SKU00042,شیر کم‌چرب ۱ لیتری,عدد,37,50160,40514,1855920,مینی‌مارکت نسیم
1405/03/20,SKU00043,ماست دبه ۲ کیلویی,عدد,20,197746,159162,3954920,فروشگاه یاس
1405/03/20,SKU00044,کره حیوانی ۱۰۰ گرمی,عدد,9,113825,91638,1024425,فروشگاه زنجیره‌ای مهر
1405/03/20,SKU00045,مایع ظرفشویی ۳.۷۵ لیتری,عدد,13,212215,168808,2758795,سوپر مارکت البرز
1405/03/20,SKU00046,پودر لباسشویی ۵ کیلویی,عدد,7,453369,371377,3173583,هایپر نیک
1405/03/20,SKU00047,دستمال کاغذی ۳۰۰ برگ,بسته,25,81992,65594,2049800,فروشگاه یاس
1405/03/20,SKU00048,شامپو ۹۰۰ میلی‌لیتری,عدد,6,258517,207392,1551102,فروشگاه امید
1405/03/20,SKU00049,خمیر دندان ۱۰۰ گرمی,عدد,18,88745,69452,1597410,مینی‌مارکت نسیم
1405/03/20,SKU00050,صابون بسته ۶ عددی,بسته,8,115754,92603,926032,بقالی برادران احمدی
1405/03/21,SKU00001,برنج ایرانی هاشمی ۱۰ کیلویی,کارتن,4,4344231,3668462,17376924,بقالی برادران احمدی
1405/03/21,SKU00027,برنج پاکستانی باسماتی ۱۰ کیلویی,کارتن,3,2558269,2027308,7674807,تعاونی مصرف کارکنان
1405/03/21,SKU00028,روغن آفتابگردان ۱.۸ لیتری,عدد,30,178596,144808,5357880,فروشگاه یاس
1405/03/21,SKU00029,روغن سرخ‌کردنی ۴.۵ لیتری,عدد,13,439250,366846,5710250,هایپر ستاره شهر
1405/03/21,SKU00030,شکر سفید ۹۰۰ گرمی,عدد,42,40546,33788,1702932,سوپر مارکت البرز
1405/03/21,SKU00031,چای کیسه‌ای ۱۰۰ عددی,عدد,22,236519,188250,5203418,تعاونی مصرف کارکنان
1405/03/21,SKU00032,قهوه فوری ۲۰۰ گرمی,عدد,13,502000,405462,6526000,سوپر پروتئین سبز
1405/03/21,SKU00033,نوشابه خانواده ۱.۵ لیتری,عدد,30,46338,36685,1390140,سوپر پروتئین سبز
1405/03/21,SKU00034,آب معدنی ۱.۵ لیتری بسته ۶ عددی,بسته,52,92677,75300,4819204,سوپرمارکت آفتاب
1405/03/21,SKU00035,ماکارونی ۷۰۰ گرمی,عدد,33,50200,40546,1656600,بقالی برادران احمدی
1405/03/21,SKU00036,رب گوجه ۸۰۰ گرمی,عدد,3,104262,84954,312786,کافه رستوران ونک
1405/03/21,SKU00037,تن ماهی ۱۸۰ گرمی,عدد,33,162185,130327,5352105,بقالی برادران احمدی
1405/03/21,SKU00038,لوبیا چیتی ۹۰۰ گرمی,عدد,10,137085,111019,1370850,فروشگاه سپیدار
1405/03/21,SKU00039,عدس ۹۰۰ گرمی,عدد,11,117777,94608,1295547,تعاونی مصرف کارکنان
1405/03/21,SKU00040,نخود ۹۰۰ گرمی,عدد,5,125500,101365,627500,سوپر مارکت البرز
1405/03/21,SKU00041,پنیر سفید ۴۰۰ گرمی,عدد,33,106192,84954,3504336,سوپرمارکت پارسیان
1405/03/21,SKU00042,شیر کم‌چرب ۱ لیتری,عدد,20,50200,40546,1004000,سوپرمارکت آفتاب
1405/03/21,SKU00043,ماست دبه ۲ کیلویی,عدد,15,197904,159288,2968560,کافه رستوران ونک
1405/03/21,SKU00044,کره حیوانی ۱۰۰ گرمی,عدد,14,113915,91712,1594810,مینی‌مارکت نسیم
1405/03/21,SKU00045,مایع ظرفشویی ۳.۷۵ لیتری,عدد,18,212385,168942,3822930,بقالی برادران احمدی
1405/03/21,SKU00046,پودر لباسشویی ۵ کیلویی,عدد,12,453731,371673,5444772,بوفه دانشگاه
1405/03/21,SKU00047,دستمال کاغذی ۳۰۰ برگ,بسته,36,82058,65646,2954088,سوپرمارکت پارسیان
1405/03/21,SKU00048,شامپو ۹۰۰ میلی‌لیتری,عدد,7,258723,207558,1811061,مینی‌مارکت شبانه
1405/03/21,SKU00049,خمیر دندان ۱۰۰ گرمی,عدد,29,88815,69508,2575635,فروشگاه گلستان
1405/03/21,SKU00050,صابون بسته ۶ عددی,بسته,20,115846,92677,2316920,هایپر نیک
1405/03/22,SKU00001,برنج ایرانی هاشمی ۱۰ کیلویی,کارتن,2,4347692,3671385,8695384,فروشگاه گلستان
1405/03/22,SKU00027,برنج پاکستانی باسماتی ۱۰ کیلویی,کارتن,1,2560308,2028923,2560308,هایپر ستاره شهر
1405/03/22,SKU00028,روغن آفتابگردان ۱.۸ لیتری,عدد,11,178738,144923,1966118,سوپرمارکت آفتاب
1405/03/22,SKU00029,روغن سرخ‌کردنی ۴.۵ لیتری,عدد,3,439600,367138,1318800,فروشگاه سپیدار
1405/03/22,SKU00030,شکر سفید ۹۰۰ گرمی,عدد,13,40578,33815,527514,سوپر مارکت البرز
1405/03/22,SKU00031,چای کیسه‌ای ۱۰۰ عددی,عدد,6,236708,188400,1420248,کافه رستوران ونک
1405/03/22,SKU00032,قهوه فوری ۲۰۰ گرمی,عدد,3,502400,405785,1507200,کافه رستوران ونک
1405/03/22,SKU00033,نوشابه خانواده ۱.۵ لیتری,عدد,35,46375,36714,1623125,فروشگاه زنجیره‌ای مهر
1405/03/22,SKU00034,آب معدنی ۱.۵ لیتری بسته ۶ عددی,بسته,15,92751,75360,1391265,هایپر ستاره شهر
1405/03/22,SKU00035,ماکارونی ۷۰۰ گرمی,عدد,13,50240,40578,653120,بقالی برادران احمدی
1405/03/22,SKU00036,رب گوجه ۸۰۰ گرمی,عدد,6,104345,85022,626070,فروشگاه زنجیره‌ای مهر
1405/03/22,SKU00037,تن ماهی ۱۸۰ گرمی,عدد,8,162314,130431,1298512,کافه رستوران ونک
1405/03/22,SKU00038,لوبیا چیتی ۹۰۰ گرمی,عدد,5,137194,111108,685970,مینی‌مارکت شبانه
1405/03/22,SKU00039,عدس ۹۰۰ گرمی,عدد,6,117871,94683,707226,بوفه دانشگاه
1405/03/22,SKU00040,نخود ۹۰۰ گرمی,عدد,2,125600,101446,251200,هایپر نیک
1405/03/22,SKU00041,پنیر سفید ۴۰۰ گرمی,عدد,13,106277,85022,1381601,سوپرمارکت آفتاب
1405/03/22,SKU00042,شیر کم‌چرب ۱ لیتری,عدد,18,50240,40578,904320,سوپرمارکت پارسیان
1405/03/22,SKU00043,ماست دبه ۲ کیلویی,عدد,10,198062,159415,1980620,سوپر پروتئین سبز
1405/03/22,SKU00044,کره حیوانی ۱۰۰ گرمی,عدد,2,114006,91785,228012,سوپرمارکت پارسیان
1405/03/22,SKU00045,مایع ظرفشویی ۳.۷۵ لیتری,عدد,6,212554,169077,1275324,فروشگاه زنجیره‌ای مهر
1405/03/22,SKU00046,پودر لباسشویی ۵ کیلویی,عدد,3,454092,371969,1362276,مینی‌مارکت نسیم
1405/03/22,SKU00047,دستمال کاغذی ۳۰۰ برگ,بسته,15,82123,65698,1231845,هایپر ستاره شهر
1405/03/22,SKU00048,شامپو ۹۰۰ میلی‌لیتری,عدد,3,258929,207723,776787,کافه رستوران ونک
1405/03/22,SKU00049,خمیر دندان ۱۰۰ گرمی,عدد,5,88886,69563,444430,سوپرمارکت پارسیان
1405/03/22,SKU00050,صابون بسته ۶ عددی,بسته,5,115938,92751,579690,تعاونی مصرف کارکنان
1405/03/23,SKU00001,برنج ایرانی هاشمی ۱۰ کیلویی,کارتن,2,4351154,3674308,8702308,مینی‌مارکت شبانه
1405/03/23,SKU00027,برنج پاکستانی باسماتی ۱۰ کیلویی,کارتن,3,2562346,2030538,7687038,مینی‌مارکت نسیم
1405/03/23,SKU00028,روغن آفتابگردان ۱.۸ لیتری,عدد,29,178881,145038,5187549,سوپرمارکت آفتاب
1405/03/23,SKU00029,روغن سرخ‌کردنی ۴.۵ لیتری,عدد,4,439950,367431,1759800,فروشگاه زنجیره‌ای مهر
1405/03/23,SKU00030,شکر سفید ۹۰۰ گرمی,عدد,39,40611,33842,1583829,سوپرمارکت آفتاب
1405/03/23,SKU00031,چای کیسه‌ای ۱۰۰ عددی,عدد,10,236896,188550,2368960,فروشگاه سپیدار
1405/03/23,SKU00032,قهوه فوری ۲۰۰ گرمی,عدد,6,502800,406108,3016800,سوپرمارکت پارسیان
1405/03/23,SKU00033,نوشابه خانواده ۱.۵ لیتری,عدد,57,46412,36743,2645484,فروشگاه امید
1405/03/23,SKU00034,آب معدنی ۱.۵ لیتری بسته ۶ عددی,بسته,29,92825,75420,2691925,فروشگاه سپیدار
1405/03/23,SKU00035,ماکارونی ۷۰۰ گرمی,عدد,12,50280,40611,603360,سوپرمارکت آفتاب
1405/03/23,SKU00036,رب گوجه ۸۰۰ گرمی,عدد,5,104428,85089,522140,فروشگاه یاس
1405/03/23,SKU00037,تن ماهی ۱۸۰ گرمی,عدد,21,162443,130535,3411303,مینی‌مارکت شبانه
1405/03/23,SKU00038,لوبیا چیتی ۹۰۰ گرمی,عدد,7,137303,111196,961121,بوفه دانشگاه
1405/03/23,SKU00039,عدس ۹۰۰ گرمی,عدد,9,117965,94758,1061685,فروشگاه رفاه محلی
1405/03/23,SKU00040,نخود ۹۰۰ گرمی,عدد,4,125700,101527,502800,بوفه دانشگاه
1405/03/23,SKU00041,پنیر سفید ۴۰۰ گرمی,عدد,21,106362,85089,2233602,سوپرمارکت آفتاب
1405/03/23,SKU00042,شیر کم‌چرب ۱ لیتری,عدد,40,50280,40611,2011200,بقالی برادران احمدی
1405/03/23,SKU00043,ماست دبه ۲ کیلویی,عدد,10,198219,159542,1982190,فروشگاه سپیدار
1405/03/23,SKU00044,کره حیوانی ۱۰۰ گرمی,عدد,9,114097,91858,1026873,سوپرمارکت پارسیان
1405/03/23,SKU00045,مایع ظرفشویی ۳.۷۵ لیتری,عدد,9,212723,169212,1914507,هایپر نیک
1405/03/23,SKU00046,پودر لباسشویی ۵ کیلویی,عدد,5,454454,372265,2272270,سوپر پروتئین سبز
1405/03/23,SKU00047,دستمال کاغذی ۳۰۰ برگ,بسته,29,82188,65751,2383452,بوفه دانشگاه
1405/03/23,SKU00048,شامپو ۹۰۰ میلی‌لیتری,عدد,8,259135,207888,2073080,بقالی برادران احمدی
1405/03/23,SKU00049,خمیر دندان ۱۰۰ گرمی,عدد,16,88957,69618,1423312,مینی‌مارکت شبانه
1405/03/23,SKU00050,صابون بسته ۶ عددی,بسته,15,116031,92825,1740465,سوپرمارکت آفتاب
1405/03/24,SKU00001,برنج ایرانی هاشمی ۱۰ کیلویی,کارتن,4,4354615,3677231,17418460,فروشگاه امید
1405/03/24,SKU00027,برنج پاکستانی باسماتی ۱۰ کیلویی,کارتن,3,2564385,2032154,7693155,فروشگاه زنجیره‌ای مهر
1405/03/24,SKU00028,روغن آفتابگردان ۱.۸ لیتری,عدد,30,179023,145154,5370690,سوپر مارکت البرز
1405/03/24,SKU00029,روغن سرخ‌کردنی ۴.۵ لیتری,عدد,4,440300,367723,1761200,سوپرمارکت پارسیان
1405/03/24,SKU00030,شکر سفید ۹۰۰ گرمی,عدد,24,40643,33869,975432,مینی‌مارکت شبانه
1405/03/24,SKU00031,چای کیسه‌ای ۱۰۰ عددی,عدد,9,237085,188700,2133765,فروشگاه گلستان
1405/03/24,SKU00032,قهوه فوری ۲۰۰ گرمی,عدد,6,503200,406431,3019200,هایپر ستاره شهر
1405/03/24,SKU00033,نوشابه خانواده ۱.۵ لیتری,عدد,36,46449,36772,1672164,سوپرمارکت آفتاب
1405/03/24,SKU00034,آب معدنی ۱.۵ لیتری بسته ۶ عددی,بسته,24,92898,75480,2229552,فروشگاه رفاه محلی
1405/03/24,SKU00035,ماکارونی ۷۰۰ گرمی,عدد,25,50320,40643,1258000,سوپرمارکت آفتاب
1405/03/24,SKU00036,رب گوجه ۸۰۰ گرمی,عدد,13,104511,85157,1358643,بقالی برادران احمدی
1405/03/24,SKU00037,تن ماهی ۱۸۰ گرمی,عدد,19,162572,130638,3088868,فروشگاه امید
1405/03/24,SKU00038,لوبیا چیتی ۹۰۰ گرمی,عدد,2,137412,111285,274824,فروشگاه امید
1405/03/24,SKU00039,عدس ۹۰۰ گرمی,عدد,7,118058,94834,826406,تعاونی مصرف کارکنان
1405/03/24,SKU00040,نخود ۹۰۰ گرمی,عدد,5,125800,101608,629000,سوپرمارکت آفتاب
1405/03/24,SKU00041,پنیر سفید ۴۰۰ گرمی,عدد,13,106446,85157,1383798,سوپرمارکت آفتاب
1405/03/24,SKU00042,شیر کم‌چرب ۱ لیتری,عدد,16,50320,40643,805120,فروشگاه رفاه محلی
1405/03/24,SKU00043,ماست دبه ۲ کیلویی,عدد,8,198377,159669,1587016,بقالی برادران احمدی
1405/03/24,SKU00044,کره حیوانی ۱۰۰ گرمی,عدد,14,114188,91931,1598632,فروشگاه امید
1405/03/24,SKU00045,مایع ظرفشویی ۳.۷۵ لیتری,عدد,10,212892,169346,2128920,بوفه دانشگاه
1405/03/24,SKU00046,پودر لباسشویی ۵ کیلویی,عدد,5,454815,372562,2274075,مینی‌مارکت شبانه
1405/03/24,SKU00047,دستمال کاغذی ۳۰۰ برگ,بسته,31,82254,65803,2549874,فروشگاه رفاه محلی
1405/03/24,SKU00048,شامپو ۹۰۰ میلی‌لیتری,عدد,5,259342,208054,1296710,بقالی برادران احمدی
1405/03/24,SKU00049,خمیر دندان ۱۰۰ گرمی,عدد,9,89028,69674,801252,بقالی برادران احمدی
1405/03/24,SKU00050,صابون بسته ۶ عددی,بسته,13,116123,92898,1509599,مینی‌مارکت نسیم
1405/03/25,SKU00001,برنج ایرانی هاشمی ۱۰ کیلویی,کارتن,3,4358077,3680154,13074231,سوپر پروتئین سبز
1405/03/25,SKU00027,برنج پاکستانی باسماتی ۱۰ کیلویی,کارتن,3,2566423,2033769,7699269,فروشگاه یاس
1405/03/25,SKU00028,روغن آفتابگردان ۱.۸ لیتری,عدد,32,179165,145269,5733280,مینی‌مارکت شبانه
1405/03/25,SKU00029,روغن سرخ‌کردنی ۴.۵ لیتری,عدد,3,440650,368015,1321950,بقالی برادران احمدی
1405/03/25,SKU00030,شکر سفید ۹۰۰ گرمی,عدد,38,40675,33896,1545650,فروشگاه گلستان
1405/03/25,SKU00031,چای کیسه‌ای ۱۰۰ عددی,عدد,11,237273,188850,2610003,هایپر نیک
1405/03/25,SKU00032,قهوه فوری ۲۰۰ گرمی,عدد,5,503600,406754,2518000,هایپر نیک
1405/03/25,SKU00033,نوشابه خانواده ۱.۵ لیتری,عدد,51,46486,36802,2370786,فروشگاه سپیدار
1405/03/25,SKU00034,آب معدنی ۱.۵ لیتری بسته ۶ عددی,بسته,19,92972,75540,1766468,بقالی برادران احمدی
1405/03/25,SKU00035,ماکارونی ۷۰۰ گرمی,عدد,18,50360,40675,906480,کافه رستوران ونک
1405/03/25,SKU00036,رب گوجه ۸۰۰ گرمی,عدد,13,104594,85225,1359722,سوپر پروتئین سبز
1405/03/25,SKU00037,تن ماهی ۱۸۰ گرمی,عدد,13,162702,130742,2115126,هایپر نیک
1405/03/25,SKU00038,لوبیا چیتی ۹۰۰ گرمی,عدد,12,137522,111373,1650264,بقالی برادران احمدی
1405/03/25,SKU00039,عدس ۹۰۰ گرمی,عدد,6,118152,94909,708912,فروشگاه گلستان
1405/03/25,SKU00040,نخود ۹۰۰ گرمی,عدد,6,125900,101688,755400,بقالی برادران احمدی
1405/03/25,SKU00041,پنیر سفید ۴۰۰ گرمی,عدد,11,106531,85225,1171841,بقالی برادران احمدی
1405/03/25,SKU00042,شیر کم‌چرب ۱ لیتری,عدد,33,50360,40675,1661880,فروشگاه یاس
1405/03/25,SKU00043,ماست دبه ۲ کیلویی,عدد,22,198535,159796,4367770,بقالی برادران احمدی
1405/03/25,SKU00044,کره حیوانی ۱۰۰ گرمی,عدد,10,114278,92004,1142780,کافه رستوران ونک
1405/03/25,SKU00045,مایع ظرفشویی ۳.۷۵ لیتری,عدد,9,213062,169481,1917558,بوفه دانشگاه
1405/03/25,SKU00046,پودر لباسشویی ۵ کیلویی,عدد,4,455177,372858,1820708,بقالی برادران احمدی
1405/03/25,SKU00047,دستمال کاغذی ۳۰۰ برگ,بسته,21,82319,65855,1728699,بقالی برادران احمدی
1405/03/25,SKU00048,شامپو ۹۰۰ میلی‌لیتری,عدد,4,259548,208219,1038192,سوپر پروتئین سبز
1405/03/25,SKU00049,خمیر دندان ۱۰۰ گرمی,عدد,15,89098,69729,1336470,فروشگاه سپیدار
1405/03/25,SKU00050,صابون بسته ۶ عددی,بسته,9,116215,92972,1045935,مینی‌مارکت نسیم
1405/03/26,SKU00001,برنج ایرانی هاشمی ۱۰ کیلویی,کارتن,2,4361538,3683077,8723076,سوپر مارکت البرز
1405/03/26,SKU00027,برنج پاکستانی باسماتی ۱۰ کیلویی,کارتن,3,2568462,2035385,7705386,فروشگاه سپیدار
1405/03/26,SKU00028,روغن آفتابگردان ۱.۸ لیتری,عدد,35,179308,145385,6275780,بوفه دانشگاه
1405/03/26,SKU00029,روغن سرخ‌کردنی ۴.۵ لیتری,عدد,5,441000,368308,2205000,هایپر ستاره شهر
1405/03/26,SKU00030,شکر سفید ۹۰۰ گرمی,عدد,17,40708,33923,692036,سوپر پروتئین سبز
1405/03/26,SKU00031,چای کیسه‌ای ۱۰۰ عددی,عدد,11,237462,189000,2612082,کافه رستوران ونک
1405/03/26,SKU00032,قهوه فوری ۲۰۰ گرمی,عدد,8,504000,407077,4032000,فروشگاه سپیدار
1405/03/26,SKU00033,نوشابه خانواده ۱.۵ لیتری,عدد,59,46523,36831,2744857,کافه رستوران ونک
1405/03/26,SKU00034,آب معدنی ۱.۵ لیتری بسته ۶ عددی,بسته,26,93046,75600,2419196,فروشگاه رفاه محلی
1405/03/26,SKU00035,ماکارونی ۷۰۰ گرمی,عدد,14,50400,40708,705600,فروشگاه سپیدار
1405/03/26,SKU00036,رب گوجه ۸۰۰ گرمی,عدد,9,104677,85292,942093,مینی‌مارکت نسیم
1405/03/26,SKU00037,تن ماهی ۱۸۰ گرمی,عدد,12,162831,130846,1953972,هایپر ستاره شهر
1405/03/26,SKU00038,لوبیا چیتی ۹۰۰ گرمی,عدد,4,137631,111462,550524,فروشگاه زنجیره‌ای مهر
1405/03/26,SKU00039,عدس ۹۰۰ گرمی,عدد,6,118246,94985,709476,فروشگاه رفاه محلی
1405/03/26,SKU00040,نخود ۹۰۰ گرمی,عدد,6,126000,101769,756000,مینی‌مارکت شبانه
1405/03/26,SKU00041,پنیر سفید ۴۰۰ گرمی,عدد,26,106615,85292,2771990,مینی‌مارکت نسیم
1405/03/26,SKU00042,شیر کم‌چرب ۱ لیتری,عدد,30,50400,40708,1512000,سوپرمارکت پارسیان
1405/03/26,SKU00043,ماست دبه ۲ کیلویی,عدد,14,198692,159923,2781688,بقالی برادران احمدی
1405/03/26,SKU00044,کره حیوانی ۱۰۰ گرمی,عدد,13,114369,92077,1486797,تعاونی مصرف کارکنان
1405/03/26,SKU00045,مایع ظرفشویی ۳.۷۵ لیتری,عدد,3,213231,169615,639693,فروشگاه زنجیره‌ای مهر
1405/03/26,SKU00046,پودر لباسشویی ۵ کیلویی,عدد,4,455538,373154,1822152,سوپرمارکت آفتاب
1405/03/26,SKU00047,دستمال کاغذی ۳۰۰ برگ,بسته,24,82385,65908,1977240,فروشگاه امید
1405/03/26,SKU00048,شامپو ۹۰۰ میلی‌لیتری,عدد,4,259754,208385,1039016,فروشگاه زنجیره‌ای مهر
1405/03/26,SKU00049,خمیر دندان ۱۰۰ گرمی,عدد,17,89169,69785,1515873,فروشگاه امید
1405/03/26,SKU00050,صابون بسته ۶ عددی,بسته,17,116308,93046,1977236,فروشگاه سپیدار
1405/03/27,SKU00001,برنج ایرانی هاشمی ۱۰ کیلویی,کارتن,4,4365000,3686000,17460000,مینی‌مارکت نسیم
1405/03/27,SKU00027,برنج پاکستانی باسماتی ۱۰ کیلویی,کارتن,7,2570500,2037000,17993500,هایپر ستاره شهر
1405/03/27,SKU00028,روغن آفتابگردان ۱.۸ لیتری,عدد,26,179450,145500,4665700,بوفه دانشگاه
1405/03/27,SKU00029,روغن سرخ‌کردنی ۴.۵ لیتری,عدد,8,441350,368600,3530800,بوفه دانشگاه
1405/03/27,SKU00030,شکر سفید ۹۰۰ گرمی,عدد,30,40740,33950,1222200,سوپر پروتئین سبز
1405/03/27,SKU00031,چای کیسه‌ای ۱۰۰ عددی,عدد,7,237650,189150,1663550,بقالی برادران احمدی
1405/03/27,SKU00032,قهوه فوری ۲۰۰ گرمی,عدد,7,504400,407400,3530800,بقالی برادران احمدی
1405/03/27,SKU00033,نوشابه خانواده ۱.۵ لیتری,عدد,91,46560,36860,4236960,هایپر ستاره شهر
1405/03/27,SKU00034,آب معدنی ۱.۵ لیتری بسته ۶ عددی,بسته,31,93120,75660,2886720,هایپر ستاره شهر
1405/03/27,SKU00035,ماکارونی ۷۰۰ گرمی,عدد,31,50440,40740,1563640,سوپر پروتئین سبز
1405/03/27,SKU00036,رب گوجه ۸۰۰ گرمی,عدد,6,104760,85360,628560,فروشگاه یاس
1405/03/27,SKU00037,تن ماهی ۱۸۰ گرمی,عدد,26,162960,130950,4236960,هایپر ستاره شهر
1405/03/27,SKU00038,لوبیا چیتی ۹۰۰ گرمی,عدد,8,137740,111550,1101920,سوپرمارکت آفتاب
1405/03/27,SKU00039,عدس ۹۰۰ گرمی,عدد,7,118340,95060,828380,سوپر پروتئین سبز
1405/03/27,SKU00040,نخود ۹۰۰ گرمی,عدد,3,126100,101850,378300,فروشگاه زنجیره‌ای مهر
1405/03/27,SKU00041,پنیر سفید ۴۰۰ گرمی,عدد,7,106700,85360,746900,فروشگاه امید
1405/03/27,SKU00042,شیر کم‌چرب ۱ لیتری,عدد,42,50440,40740,2118480,فروشگاه سپیدار
1405/03/27,SKU00043,ماست دبه ۲ کیلویی,عدد,18,198850,160050,3579300,مینی‌مارکت نسیم
1405/03/27,SKU00044,کره حیوانی ۱۰۰ گرمی,عدد,18,114460,92150,2060280,بوفه دانشگاه
1405/03/27,SKU00045,مایع ظرفشویی ۳.۷۵ لیتری,عدد,16,213400,169750,3414400,سوپر پروتئین سبز
1405/03/27,SKU00046,پودر لباسشویی ۵ کیلویی,عدد,8,455900,373450,3647200,سوپرمارکت آفتاب
1405/03/27,SKU00047,دستمال کاغذی ۳۰۰ برگ,بسته,32,82450,65960,2638400,فروشگاه یاس
1405/03/27,SKU00048,شامپو ۹۰۰ میلی‌لیتری,عدد,9,259960,208550,2339640,فروشگاه یاس
1405/03/27,SKU00049,خمیر دندان ۱۰۰ گرمی,عدد,10,89240,69840,892400,فروشگاه یاس
1405/03/27,SKU00050,صابون بسته ۶ عددی,بسته,5,116400,93120,582000,مینی‌مارکت شبانه
1405/03/28,SKU00001,برنج ایرانی هاشمی ۱۰ کیلویی,کارتن,6,4368462,3688923,26210772,مینی‌مارکت شبانه
1405/03/28,SKU00027,برنج پاکستانی باسماتی ۱۰ کیلویی,کارتن,7,2572538,2038615,18007766,سوپرمارکت پارسیان
1405/03/28,SKU00028,روغن آفتابگردان ۱.۸ لیتری,عدد,44,179592,145615,7902048,مینی‌مارکت شبانه
1405/03/28,SKU00029,روغن سرخ‌کردنی ۴.۵ لیتری,عدد,8,441700,368892,3533600,بوفه دانشگاه
1405/03/28,SKU00030,شکر سفید ۹۰۰ گرمی,عدد,50,40772,33977,2038600,فروشگاه رفاه محلی
1405/03/28,SKU00031,چای کیسه‌ای ۱۰۰ عددی,عدد,13,237838,189300,3091894,مینی‌مارکت شبانه
1405/03/28,SKU00032,قهوه فوری ۲۰۰ گرمی,عدد,7,504800,407723,3533600,فروشگاه زنجیره‌ای مهر
1405/03/28,SKU00033,نوشابه خانواده ۱.۵ لیتری,عدد,78,46597,36889,3634566,فروشگاه سپیدار
1405/03/28,SKU00034,آب معدنی ۱.۵ لیتری بسته ۶ عددی,بسته,46,93194,75720,4286924,سوپرمارکت پارسیان
1405/03/28,SKU00035,ماکارونی ۷۰۰ گرمی,عدد,23,50480,40772,1161040,فروشگاه گلستان
1405/03/28,SKU00036,رب گوجه ۸۰۰ گرمی,عدد,24,104843,85428,2516232,فروشگاه رفاه محلی
1405/03/28,SKU00037,تن ماهی ۱۸۰ گرمی,عدد,21,163089,131054,3424869,فروشگاه زنجیره‌ای مهر
1405/03/28,SKU00038,لوبیا چیتی ۹۰۰ گرمی,عدد,9,137849,111638,1240641,سوپرمارکت پارسیان
1405/03/28,SKU00039,عدس ۹۰۰ گرمی,عدد,16,118434,95135,1894944,هایپر ستاره شهر
1405/03/28,SKU00040,نخود ۹۰۰ گرمی,عدد,8,126200,101931,1009600,تعاونی مصرف کارکنان
1405/03/28,SKU00041,پنیر سفید ۴۰۰ گرمی,عدد,52,106785,85428,5552820,سوپر پروتئین سبز
1405/03/28,SKU00042,شیر کم‌چرب ۱ لیتری,عدد,56,50480,40772,2826880,کافه رستوران ونک
1405/03/28,SKU00043,ماست دبه ۲ کیلویی,عدد,20,199008,160177,3980160,سوپرمارکت آفتاب
1405/03/28,SKU00044,کره حیوانی ۱۰۰ گرمی,عدد,17,114551,92223,1947367,تعاونی مصرف کارکنان
1405/03/28,SKU00045,مایع ظرفشویی ۳.۷۵ لیتری,عدد,18,213569,169885,3844242,فروشگاه یاس
1405/03/28,SKU00046,پودر لباسشویی ۵ کیلویی,عدد,11,456262,373746,5018882,کافه رستوران ونک
1405/03/28,SKU00047,دستمال کاغذی ۳۰۰ برگ,بسته,23,82515,66012,1897845,بوفه دانشگاه
1405/03/28,SKU00048,شامپو ۹۰۰ میلی‌لیتری,عدد,9,260166,208715,2341494,فروشگاه زنجیره‌ای مهر
1405/03/28,SKU00049,خمیر دندان ۱۰۰ گرمی,عدد,11,89311,69895,982421,سوپر پروتئین سبز
1405/03/28,SKU00050,صابون بسته ۶ عددی,بسته,19,116492,93194,2213348,فروشگاه امید
1405/03/29,SKU00001,برنج ایرانی هاشمی ۱۰ کیلویی,کارتن,1,4371923,3691846,4371923,فروشگاه امید
1405/03/29,SKU00027,برنج پاکستانی باسماتی ۱۰ کیلویی,کارتن,2,2574577,2040231,5149154,فروشگاه امید
1405/03/29,SKU00028,روغن آفتابگردان ۱.۸ لیتری,عدد,4,179735,145731,718940,سوپرمارکت آفتاب
1405/03/29,SKU00029,روغن سرخ‌کردنی ۴.۵ لیتری,عدد,3,442050,369185,1326150,فروشگاه سپیدار
1405/03/29,SKU00030,شکر سفید ۹۰۰ گرمی,عدد,5,40805,34004,204025,سوپرمارکت پارسیان
1405/03/29,SKU00031,چای کیسه‌ای ۱۰۰ عددی,عدد,7,238027,189450,1666189,فروشگاه سپیدار
1405/03/29,SKU00032,قهوه فوری ۲۰۰ گرمی,عدد,5,505200,408046,2526000,فروشگاه رفاه محلی
1405/03/29,SKU00033,نوشابه خانواده ۱.۵ لیتری,عدد,27,46634,36918,1259118,تعاونی مصرف کارکنان
1405/03/29,SKU00034,آب معدنی ۱.۵ لیتری بسته ۶ عددی,بسته,12,93268,75780,1119216,مینی‌مارکت شبانه
1405/03/29,SKU00035,ماکارونی ۷۰۰ گرمی,عدد,14,50520,40805,707280,فروشگاه گلستان
1405/03/29,SKU00036,رب گوجه ۸۰۰ گرمی,عدد,9,104926,85495,944334,فروشگاه رفاه محلی
1405/03/29,SKU00037,تن ماهی ۱۸۰ گرمی,عدد,11,163218,131158,1795398,بوفه دانشگاه
1405/03/29,SKU00038,لوبیا چیتی ۹۰۰ گرمی,عدد,4,137958,111727,551832,فروشگاه امید
1405/03/29,SKU00039,عدس ۹۰۰ گرمی,عدد,7,118528,95211,829696,فروشگاه یاس
1405/03/29,SKU00040,نخود ۹۰۰ گرمی,عدد,3,126300,102012,378900,مینی‌مارکت نسیم
1405/03/29,SKU00041,پنیر سفید ۴۰۰ گرمی,عدد,8,106869,85495,854952,تعاونی مصرف کارکنان
1405/03/29,SKU00042,شیر کم‌چرب ۱ لیتری,عدد,21,50520,40805,1060920,سوپر مارکت البرز
1405/03/29,SKU00043,ماست دبه ۲ کیلویی,عدد,14,199165,160304,2788310,کافه رستوران ونک
1405/03/29,SKU00044,کره حیوانی ۱۰۰ گرمی,عدد,4,114642,92296,458568,تعاونی مصرف کارکنان
1405/03/29,SKU00045,مایع ظرفشویی ۳.۷۵ لیتری,عدد,4,213738,170019,854952,فروشگاه یاس
1405/03/29,SKU00046,پودر لباسشویی ۵ کیلویی,عدد,4,456623,374042,1826492,مینی‌مارکت شبانه
1405/03/29,SKU00047,دستمال کاغذی ۳۰۰ برگ,بسته,13,82581,66065,1073553,سوپر مارکت البرز
1405/03/29,SKU00048,شامپو ۹۰۰ میلی‌لیتری,عدد,4,260372,208881,1041488,مینی‌مارکت نسیم
1405/03/29,SKU00049,خمیر دندان ۱۰۰ گرمی,عدد,5,89382,69951,446910,سوپرمارکت پارسیان
1405/03/29,SKU00050,صابون بسته ۶ عددی,بسته,6,116585,93268,699510,سوپر پروتئین سبز
1405/03/30,SKU00001,برنج ایرانی هاشمی ۱۰ کیلویی,کارتن,2,4375385,3694769,8750770,تعاونی مصرف کارکنان
1405/03/30,SKU00027,برنج پاکستانی باسماتی ۱۰ کیلویی,کارتن,4,2576615,2041846,10306460,سوپرمارکت آفتاب
1405/03/30,SKU00028,روغن آفتابگردان ۱.۸ لیتری,عدد,25,179877,145846,4496925,فروشگاه یاس
1405/03/30,SKU00029,روغن سرخ‌کردنی ۴.۵ لیتری,عدد,4,442400,369477,1769600,مینی‌مارکت نسیم
1405/03/30,SKU00030,شکر سفید ۹۰۰ گرمی,عدد,17,40837,34031,694229,سوپر پروتئین سبز
1405/03/30,SKU00031,چای کیسه‌ای ۱۰۰ عددی,عدد,13,238215,189600,3096795,فروشگاه زنجیره‌ای مهر
1405/03/30,SKU00032,قهوه فوری ۲۰۰ گرمی,عدد,4,505600,408369,2022400,فروشگاه گلستان
1405/03/30,SKU00033,نوشابه خانواده ۱.۵ لیتری,عدد,62,46671,36948,2893602,هایپر ستاره شهر
1405/03/30,SKU00034,آب معدنی ۱.۵ لیتری بسته ۶ عددی,بسته,29,93342,75840,2706918,سوپرمارکت پارسیان
1405/03/30,SKU00035,ماکارونی ۷۰۰ گرمی,عدد,16,50560,40837,808960,سوپر پروتئین سبز
1405/03/30,SKU00036,رب گوجه ۸۰۰ گرمی,عدد,14,105009,85563,1470126,تعاونی مصرف کارکنان
1405/03/30,SKU00037,تن ماهی ۱۸۰ گرمی,عدد,9,163348,131262,1470132,فروشگاه زنجیره‌ای مهر
1405/03/30,SKU00038,لوبیا چیتی ۹۰۰ گرمی,عدد,16,138068,111815,2209088,هایپر نیک
1405/03/30,SKU00039,عدس ۹۰۰ گرمی,عدد,11,118622,95286,1304842,فروشگاه یاس
1405/03/30,SKU00040,نخود ۹۰۰ گرمی,عدد,1,126400,102092,126400,سوپر مارکت البرز
1405/03/30,SKU00041,پنیر سفید ۴۰۰ گرمی,عدد,20,106954,85563,2139080,فروشگاه امید
1405/03/30,SKU00042,شیر کم‌چرب ۱ لیتری,عدد,23,50560,40837,1162880,هایپر نیک
1405/03/30,SKU00043,ماست دبه ۲ کیلویی,عدد,15,199323,160431,2989845,فروشگاه سپیدار
1405/03/30,SKU00044,کره حیوانی ۱۰۰ گرمی,عدد,13,114732,92369,1491516,فروشگاه گلستان
1405/03/30,SKU00045,مایع ظرفشویی ۳.۷۵ لیتری,عدد,6,213908,170154,1283448,فروشگاه یاس
1405/03/30,SKU00046,پودر لباسشویی ۵ کیلویی,عدد,6,456985,374338,2741910,فروشگاه گلستان
1405/03/30,SKU00047,دستمال کاغذی ۳۰۰ برگ,بسته,12,82646,66117,991752,تعاونی مصرف کارکنان
1405/03/30,SKU00048,شامپو ۹۰۰ میلی‌لیتری,عدد,5,260578,209046,1302890,هایپر ستاره شهر
1405/03/30,SKU00049,خمیر دندان ۱۰۰ گرمی,عدد,12,89452,70006,1073424,مینی‌مارکت نسیم
1405/03/30,SKU00050,صابون بسته ۶ عددی,بسته,5,116677,93342,583385,سوپرمارکت پارسیان
1405/03/31,SKU00001,برنج ایرانی هاشمی ۱۰ کیلویی,کارتن,3,4378846,3697692,13136538,سوپرمارکت آفتاب
1405/03/31,SKU00027,برنج پاکستانی باسماتی ۱۰ کیلویی,کارتن,4,2578654,2043462,10314616,بقالی برادران احمدی
1405/03/31,SKU00028,روغن آفتابگردان ۱.۸ لیتری,عدد,34,180019,145962,6120646,بقالی برادران احمدی
1405/03/31,SKU00029,روغن سرخ‌کردنی ۴.۵ لیتری,عدد,3,442750,369769,1328250,فروشگاه یاس
1405/03/31,SKU00030,شکر سفید ۹۰۰ گرمی,عدد,28,40869,34058,1144332,تعاونی مصرف کارکنان
1405/03/31,SKU00031,چای کیسه‌ای ۱۰۰ عددی,عدد,8,238404,189750,1907232,سوپر پروتئین سبز
1405/03/31,SKU00032,قهوه فوری ۲۰۰ گرمی,عدد,4,506000,408692,2024000,سوپرمارکت پارسیان
1405/03/31,SKU00033,نوشابه خانواده ۱.۵ لیتری,عدد,42,46708,36977,1961736,سوپرمارکت پارسیان
1405/03/31,SKU00034,آب معدنی ۱.۵ لیتری بسته ۶ عددی,بسته,24,93415,75900,2241960,فروشگاه یاس
1405/03/31,SKU00035,ماکارونی ۷۰۰ گرمی,عدد,22,50600,40869,1113200,سوپر پروتئین سبز
1405/03/31,SKU00036,رب گوجه ۸۰۰ گرمی,عدد,14,105092,85631,1471288,هایپر ستاره شهر
1405/03/31,SKU00037,تن ماهی ۱۸۰ گرمی,عدد,10,163477,131365,1634770,فروشگاه رفاه محلی
1405/03/31,SKU00038,لوبیا چیتی ۹۰۰ گرمی,عدد,12,138177,111904,1658124,هایپر ستاره شهر
1405/03/31,SKU00039,عدس ۹۰۰ گرمی,عدد,10,118715,95362,1187150,فروشگاه سپیدار
1405/03/31,SKU00040,نخود ۹۰۰ گرمی,عدد,6,126500,102173,759000,سوپرمارکت پارسیان
1405/03/31,SKU00041,پنیر سفید ۴۰۰ گرمی,عدد,14,107038,85631,1498532,مینی‌مارکت نسیم
1405/03/31,SKU00042,شیر کم‌چرب ۱ لیتری,عدد,26,50600,40869,1315600,فروشگاه گلستان
1405/03/31,SKU00043,ماست دبه ۲ کیلویی,عدد,14,199481,160558,2792734,هایپر نیک
1405/03/31,SKU00044,کره حیوانی ۱۰۰ گرمی,عدد,11,114823,92442,1263053,بوفه دانشگاه
1405/03/31,SKU00045,مایع ظرفشویی ۳.۷۵ لیتری,عدد,2,214077,170288,428154,بقالی برادران احمدی
1405/03/31,SKU00046,پودر لباسشویی ۵ کیلویی,عدد,7,457346,374635,3201422,سوپر پروتئین سبز
1405/03/31,SKU00047,دستمال کاغذی ۳۰۰ برگ,بسته,24,82712,66169,1985088,مینی‌مارکت نسیم
1405/03/31,SKU00048,شامپو ۹۰۰ میلی‌لیتری,عدد,5,260785,209212,1303925,کافه رستوران ونک
1405/03/31,SKU00049,خمیر دندان ۱۰۰ گرمی,عدد,15,89523,70062,1342845,فروشگاه زنجیره‌ای مهر
1405/03/31,SKU00050,صابون بسته ۶ عددی,بسته,5,116769,93415,583845,فروشگاه رفاه محلی
1405/04/01,SKU00001,برنج ایرانی هاشمی ۱۰ کیلویی,کارتن,2,4382308,3700615,8764616,سوپرمارکت پارسیان
1405/04/01,SKU00027,برنج پاکستانی باسماتی ۱۰ کیلویی,کارتن,4,2580692,2045077,10322768,سوپر پروتئین سبز
1405/04/01,SKU00028,روغن آفتابگردان ۱.۸ لیتری,عدد,29,180162,146077,5224698,فروشگاه گلستان
1405/04/01,SKU00029,روغن سرخ‌کردنی ۴.۵ لیتری,عدد,7,443100,370062,3101700,بوفه دانشگاه
1405/04/01,SKU00030,شکر سفید ۹۰۰ گرمی,عدد,24,40902,34085,981648,فروشگاه گلستان
1405/04/01,SKU00031,چای کیسه‌ای ۱۰۰ عددی,عدد,5,238592,189900,1192960,سوپرمارکت پارسیان
1405/04/01,SKU00032,قهوه فوری ۲۰۰ گرمی,عدد,6,506400,409015,3038400,تعاونی مصرف کارکنان
1405/04/01,SKU00033,نوشابه خانواده ۱.۵ لیتری,عدد,53,46745,37006,2477485,مینی‌مارکت نسیم
1405/04/01,SKU00034,آب معدنی ۱.۵ لیتری بسته ۶ عددی,بسته,28,93489,75960,2617692,فروشگاه سپیدار
1405/04/01,SKU00035,ماکارونی ۷۰۰ گرمی,عدد,33,50640,40902,1671120,سوپرمارکت پارسیان
1405/04/01,SKU00036,رب گوجه ۸۰۰ گرمی,عدد,7,105175,85698,736225,فروشگاه یاس
1405/04/01,SKU00037,تن ماهی ۱۸۰ گرمی,عدد,17,163606,131469,2781302,فروشگاه رفاه محلی
1405/04/01,SKU00038,لوبیا چیتی ۹۰۰ گرمی,عدد,6,138286,111992,829716,هایپر نیک
1405/04/01,SKU00039,عدس ۹۰۰ گرمی,عدد,7,118809,95437,831663,کافه رستوران ونک
1405/04/01,SKU00040,نخود ۹۰۰ گرمی,عدد,4,126600,102254,506400,فروشگاه سپیدار
1405/04/01,SKU00041,پنیر سفید ۴۰۰ گرمی,عدد,26,107123,85698,2785198,سوپرمارکت پارسیان
1405/04/01,SKU00042,شیر کم‌چرب ۱ لیتری,عدد,41,50640,40902,2076240,فروشگاه گلستان
1405/04/01,SKU00043,ماست دبه ۲ کیلویی,عدد,18,199638,160685,3593484,فروشگاه زنجیره‌ای مهر
1405/04/01,SKU00044,کره حیوانی ۱۰۰ گرمی,عدد,6,114914,92515,689484,بوفه دانشگاه
1405/04/01,SKU00045,مایع ظرفشویی ۳.۷۵ لیتری,عدد,7,214246,170423,1499722,بقالی برادران احمدی
1405/04/01,SKU00046,پودر لباسشویی ۵ کیلویی,عدد,6,457708,374931,2746248,هایپر ستاره شهر
1405/04/01,SKU00047,دستمال کاغذی ۳۰۰ برگ,بسته,24,82777,66222,1986648,هایپر نیک
1405/04/01,SKU00048,شامپو ۹۰۰ میلی‌لیتری,عدد,3,260991,209377,782973,فروشگاه زنجیره‌ای مهر
1405/04/01,SKU00049,خمیر دندان ۱۰۰ گرمی,عدد,6,89594,70117,537564,سوپر پروتئین سبز
1405/04/01,SKU00050,صابون بسته ۶ عددی,بسته,8,116862,93489,934896,بوفه دانشگاه
1405/04/02,SKU00001,برنج ایرانی هاشمی ۱۰ کیلویی,کارتن,3,4385769,3703538,13157307,سوپرمارکت پارسیان
1405/04/02,SKU00027,برنج پاکستانی باسماتی ۱۰ کیلویی,کارتن,5,2582731,2046692,12913655,فروشگاه یاس
1405/04/02,SKU00028,روغن آفتابگردان ۱.۸ لیتری,عدد,33,180304,146192,5950032,فروشگاه یاس
1405/04/02,SKU00029,روغن سرخ‌کردنی ۴.۵ لیتری,عدد,6,443450,370354,2660700,تعاونی مصرف کارکنان
1405/04/02,SKU00030,شکر سفید ۹۰۰ گرمی,عدد,28,40934,34112,1146152,فروشگاه سپیدار
1405/04/02,SKU00031,چای کیسه‌ای ۱۰۰ عددی,عدد,14,238781,190050,3342934,فروشگاه گلستان
1405/04/02,SKU00032,قهوه فوری ۲۰۰ گرمی,عدد,6,506800,409338,3040800,فروشگاه رفاه محلی
1405/04/02,SKU00033,نوشابه خانواده ۱.۵ لیتری,عدد,39,46782,37035,1824498,فروشگاه سپیدار
1405/04/02,SKU00034,آب معدنی ۱.۵ لیتری بسته ۶ عددی,بسته,4,93563,76020,374252,تعاونی مصرف کارکنان
1405/04/02,SKU00035,ماکارونی ۷۰۰ گرمی,عدد,19,50680,40934,962920,فروشگاه رفاه محلی
1405/04/02,SKU00036,رب گوجه ۸۰۰ گرمی,عدد,15,105258,85766,1578870,سوپر پروتئین سبز
1405/04/02,SKU00037,تن ماهی ۱۸۰ گرمی,عدد,6,163735,131573,982410,تعاونی مصرف کارکنان
1405/04/02,SKU00038,لوبیا چیتی ۹۰۰ گرمی,عدد,7,138395,112081,968765,فروشگاه زنجیره‌ای مهر
1405/04/02,SKU00039,عدس ۹۰۰ گرمی,عدد,6,118903,95512,713418,سوپرمارکت آفتاب
1405/04/02,SKU00040,نخود ۹۰۰ گرمی,عدد,7,126700,102335,886900,فروشگاه سپیدار
1405/04/02,SKU00041,پنیر سفید ۴۰۰ گرمی,عدد,17,107208,85766,1822536,سوپر مارکت البرز
1405/04/02,SKU00042,شیر کم‌چرب ۱ لیتری,عدد,42,50680,40934,2128560,فروشگاه زنجیره‌ای مهر
1405/04/02,SKU00043,ماست دبه ۲ کیلویی,عدد,15,199796,160812,2996940,سوپر پروتئین سبز
1405/04/02,SKU00044,کره حیوانی ۱۰۰ گرمی,عدد,12,115005,92588,1380060,تعاونی مصرف کارکنان
1405/04/02,SKU00045,مایع ظرفشویی ۳.۷۵ لیتری,عدد,14,214415,170558,3001810,بوفه دانشگاه
1405/04/02,SKU00046,پودر لباسشویی ۵ کیلویی,عدد,7,458069,375227,3206483,هایپر نیک
1405/04/02,SKU00047,دستمال کاغذی ۳۰۰ برگ,بسته,16,82842,66274,1325472,هایپر ستاره شهر
1405/04/02,SKU00048,شامپو ۹۰۰ میلی‌لیتری,عدد,5,261197,209542,1305985,فروشگاه زنجیره‌ای مهر
1405/04/02,SKU00049,خمیر دندان ۱۰۰ گرمی,عدد,10,89665,70172,896650,فروشگاه یاس
1405/04/02,SKU00050,صابون بسته ۶ عددی,بسته,15,116954,93563,1754310,مینی‌مارکت نسیم
1405/04/03,SKU00001,برنج ایرانی هاشمی ۱۰ کیلویی,کارتن,2,4389231,3706462,8778462,فروشگاه امید
1405/04/03,SKU00027,برنج پاکستانی باسماتی ۱۰ کیلویی,کارتن,5,2584769,2048308,12923845,فروشگاه امید
1405/04/03,SKU00028,روغن آفتابگردان ۱.۸ لیتری,عدد,27,180446,146308,4872042,فروشگاه رفاه محلی
1405/04/03,SKU00029,روغن سرخ‌کردنی ۴.۵ لیتری,عدد,9,443800,370646,3994200,سوپر مارکت البرز
1405/04/03,SKU00030,شکر سفید ۹۰۰ گرمی,عدد,1,40966,34138,40966,هایپر ستاره شهر
1405/04/03,SKU00031,چای کیسه‌ای ۱۰۰ عددی,عدد,11,238969,190200,2628659,فروشگاه امید
1405/04/03,SKU00032,قهوه فوری ۲۰۰ گرمی,عدد,7,507200,409662,3550400,فروشگاه امید
1405/04/03,SKU00033,نوشابه خانواده ۱.۵ لیتری,عدد,53,46818,37065,2481354,بقالی برادران احمدی
1405/04/03,SKU00034,آب معدنی ۱.۵ لیتری بسته ۶ عددی,بسته,20,93637,76080,1872740,فروشگاه امید
1405/04/03,SKU00035,ماکارونی ۷۰۰ گرمی,عدد,39,50720,40966,1978080,هایپر نیک
1405/04/03,SKU00036,رب گوجه ۸۰۰ گرمی,عدد,16,105342,85834,1685472,فروشگاه امید
1405/04/03,SKU00037,تن ماهی ۱۸۰ گرمی,عدد,13,163865,131677,2130245,فروشگاه رفاه محلی
1405/04/03,SKU00038,لوبیا چیتی ۹۰۰ گرمی,عدد,8,138505,112169,1108040,فروشگاه زنجیره‌ای مهر
1405/04/03,SKU00039,عدس ۹۰۰ گرمی,عدد,15,118997,95588,1784955,مینی‌مارکت شبانه
1405/04/03,SKU00040,نخود ۹۰۰ گرمی,عدد,9,126800,102415,1141200,فروشگاه زنجیره‌ای مهر
1405/04/03,SKU00041,پنیر سفید ۴۰۰ گرمی,عدد,16,107292,85834,1716672,سوپرمارکت آفتاب
1405/04/03,SKU00042,شیر کم‌چرب ۱ لیتری,عدد,21,50720,40966,1065120,فروشگاه رفاه محلی
1405/04/03,SKU00043,ماست دبه ۲ کیلویی,عدد,23,199954,160938,4598942,فروشگاه امید
1405/04/03,SKU00044,کره حیوانی ۱۰۰ گرمی,عدد,11,115095,92662,1266045,فروشگاه رفاه محلی
1405/04/03,SKU00045,مایع ظرفشویی ۳.۷۵ لیتری,عدد,13,214585,170692,2789605,هایپر نیک
1405/04/03,SKU00046,پودر لباسشویی ۵ کیلویی,عدد,6,458431,375523,2750586,فروشگاه سپیدار
1405/04/03,SKU00047,دستمال کاغذی ۳۰۰ برگ,بسته,32,82908,66326,2653056,هایپر ستاره شهر
1405/04/03,SKU00048,شامپو ۹۰۰ میلی‌لیتری,عدد,6,261403,209708,1568418,سوپر مارکت البرز
1405/04/03,SKU00049,خمیر دندان ۱۰۰ گرمی,عدد,10,89735,70228,897350,فروشگاه زنجیره‌ای مهر
1405/04/03,SKU00050,صابون بسته ۶ عددی,بسته,9,117046,93637,1053414,بقالی برادران احمدی
1405/04/04,SKU00001,برنج ایرانی هاشمی ۱۰ کیلویی,کارتن,5,4392692,3709385,21963460,فروشگاه یاس
1405/04/04,SKU00027,برنج پاکستانی باسماتی ۱۰ کیلویی,کارتن,5,2586808,2049923,12934040,مینی‌مارکت شبانه
1405/04/04,SKU00028,روغن آفتابگردان ۱.۸ لیتری,عدد,28,180588,146423,5056464,فروشگاه زنجیره‌ای مهر
1405/04/04,SKU00029,روغن سرخ‌کردنی ۴.۵ لیتری,عدد,7,444150,370938,3109050,هایپر نیک
1405/04/04,SKU00030,شکر سفید ۹۰۰ گرمی,عدد,31,40998,34165,1270938,فروشگاه امید
1405/04/04,SKU00031,چای کیسه‌ای ۱۰۰ عددی,عدد,20,239158,190350,4783160,سوپرمارکت پارسیان
1405/04/04,SKU00032,قهوه فوری ۲۰۰ گرمی,عدد,13,507600,409985,6598800,سوپر پروتئین سبز
1405/04/04,SKU00033,نوشابه خانواده ۱.۵ لیتری,عدد,57,46855,37094,2670735,سوپرمارکت آفتاب
1405/04/04,SKU00034,آب معدنی ۱.۵ لیتری بسته ۶ عددی,بسته,22,93711,76140,2061642,فروشگاه سپیدار
1405/04/04,SKU00035,ماکارونی ۷۰۰ گرمی,عدد,21,50760,40998,1065960,فروشگاه سپیدار
1405/04/04,SKU00036,رب گوجه ۸۰۰ گرمی,عدد,22,105425,85902,2319350,مینی‌مارکت نسیم
1405/04/04,SKU00037,تن ماهی ۱۸۰ گرمی,عدد,5,163994,131781,819970,سوپر مارکت البرز
1405/04/04,SKU00038,لوبیا چیتی ۹۰۰ گرمی,عدد,13,138614,112258,1801982,سوپر مارکت البرز
1405/04/04,SKU00039,عدس ۹۰۰ گرمی,عدد,7,119091,95663,833637,مینی‌مارکت شبانه
1405/04/04,SKU00040,نخود ۹۰۰ گرمی,عدد,9,126900,102496,1142100,فروشگاه امید
1405/04/04,SKU00041,پنیر سفید ۴۰۰ گرمی,عدد,27,107377,85902,2899179,فروشگاه سپیدار
1405/04/04,SKU00042,شیر کم‌چرب ۱ لیتری,عدد,34,50760,40998,1725840,مینی‌مارکت نسیم
1405/04/04,SKU00043,ماست دبه ۲ کیلویی,عدد,9,200112,161065,1801008,هایپر نیک
1405/04/04,SKU00044,کره حیوانی ۱۰۰ گرمی,عدد,8,115186,92735,921488,سوپرمارکت آفتاب
1405/04/04,SKU00045,مایع ظرفشویی ۳.۷۵ لیتری,عدد,14,214754,170827,3006556,هایپر نیک
1405/04/04,SKU00046,پودر لباسشویی ۵ کیلویی,عدد,8,458792,375819,3670336,مینی‌مارکت شبانه
1405/04/04,SKU00047,دستمال کاغذی ۳۰۰ برگ,بسته,12,82973,66378,995676,فروشگاه رفاه محلی
1405/04/04,SKU00048,شامپو ۹۰۰ میلی‌لیتری,عدد,8,261609,209873,2092872,مینی‌مارکت شبانه
1405/04/04,SKU00049,خمیر دندان ۱۰۰ گرمی,عدد,10,89806,70283,898060,سوپر پروتئین سبز
1405/04/04,SKU00050,صابون بسته ۶ عددی,بسته,14,117138,93711,1639932,فروشگاه یاس
1405/04/05,SKU00001,برنج ایرانی هاشمی ۱۰ کیلویی,کارتن,2,4396154,3712308,8792308,هایپر ستاره شهر
1405/04/05,SKU00027,برنج پاکستانی باسماتی ۱۰ کیلویی,کارتن,2,2588846,2051538,5177692,فروشگاه امید
1405/04/05,SKU00028,روغن آفتابگردان ۱.۸ لیتری,عدد,19,180731,146538,3433889,سوپرمارکت آفتاب
1405/04/05,SKU00029,روغن سرخ‌کردنی ۴.۵ لیتری,عدد,4,444500,371231,1778000,هایپر نیک
1405/04/05,SKU00030,شکر سفید ۹۰۰ گرمی,عدد,19,41031,34192,779589,کافه رستوران ونک
1405/04/05,SKU00031,چای کیسه‌ای ۱۰۰ عددی,عدد,8,239346,190500,1914768,کافه رستوران ونک
1405/04/05,SKU00032,قهوه فوری ۲۰۰ گرمی,عدد,5,508000,410308,2540000,فروشگاه گلستان
1405/04/05,SKU00033,نوشابه خانواده ۱.۵ لیتری,عدد,31,46892,37123,1453652,سوپرمارکت پارسیان
1405/04/05,SKU00034,آب معدنی ۱.۵ لیتری بسته ۶ عددی,بسته,10,93785,76200,937850,فروشگاه گلستان
1405/04/05,SKU00035,ماکارونی ۷۰۰ گرمی,عدد,19,50800,41031,965200,فروشگاه امید
1405/04/05,SKU00036,رب گوجه ۸۰۰ گرمی,عدد,6,105508,85969,633048,مینی‌مارکت شبانه
1405/04/05,SKU00037,تن ماهی ۱۸۰ گرمی,عدد,6,164123,131885,984738,هایپر ستاره شهر
1405/04/05,SKU00038,لوبیا چیتی ۹۰۰ گرمی,عدد,9,138723,112346,1248507,سوپرمارکت آفتاب
1405/04/05,SKU00039,عدس ۹۰۰ گرمی,عدد,6,119185,95738,715110,فروشگاه امید
1405/04/05,SKU00040,نخود ۹۰۰ گرمی,عدد,3,127000,102577,381000,مینی‌مارکت نسیم
1405/04/05,SKU00041,پنیر سفید ۴۰۰ گرمی,عدد,10,107462,85969,1074620,مینی‌مارکت نسیم
1405/04/05,SKU00042,شیر کم‌چرب ۱ لیتری,عدد,14,50800,41031,711200,بقالی برادران احمدی
1405/04/05,SKU00043,ماست دبه ۲ کیلویی,عدد,3,200269,161192,600807,سوپرمارکت پارسیان
1405/04/05,SKU00044,کره حیوانی ۱۰۰ گرمی,عدد,4,115277,92808,461108,فروشگاه یاس
1405/04/05,SKU00045,مایع ظرفشویی ۳.۷۵ لیتری,عدد,9,214923,170962,1934307,فروشگاه یاس
1405/04/05,SKU00046,پودر لباسشویی ۵ کیلویی,عدد,3,459154,376115,1377462,فروشگاه یاس
1405/04/05,SKU00047,دستمال کاغذی ۳۰۰ برگ,بسته,2,83038,66431,166076,سوپر مارکت البرز
1405/04/05,SKU00048,شامپو ۹۰۰ میلی‌لیتری,عدد,3,261815,210038,785445,هایپر نیک
1405/04/05,SKU00049,خمیر دندان ۱۰۰ گرمی,عدد,11,89877,70338,988647,سوپر مارکت البرز
1405/04/05,SKU00050,صابون بسته ۶ عددی,بسته,7,117231,93785,820617,هایپر نیک
1405/04/06,SKU00001,برنج ایرانی هاشمی ۱۰ کیلویی,کارتن,3,4399615,3715231,13198845,فروشگاه سپیدار
1405/04/06,SKU00027,برنج پاکستانی باسماتی ۱۰ کیلویی,کارتن,3,2590885,2053154,7772655,سوپرمارکت پارسیان
1405/04/06,SKU00028,روغن آفتابگردان ۱.۸ لیتری,عدد,49,180873,146654,8862777,کافه رستوران ونک
1405/04/06,SKU00029,روغن سرخ‌کردنی ۴.۵ لیتری,عدد,8,444850,371523,3558800,مینی‌مارکت شبانه
1405/04/06,SKU00030,شکر سفید ۹۰۰ گرمی,عدد,39,41063,34219,1601457,فروشگاه زنجیره‌ای مهر
1405/04/06,SKU00031,چای کیسه‌ای ۱۰۰ عددی,عدد,12,239535,190650,2874420,مینی‌مارکت نسیم
1405/04/06,SKU00032,قهوه فوری ۲۰۰ گرمی,عدد,6,508400,410631,3050400,فروشگاه رفاه محلی
1405/04/06,SKU00033,نوشابه خانواده ۱.۵ لیتری,عدد,45,46929,37152,2111805,کافه رستوران ونک
1405/04/06,SKU00034,آب معدنی ۱.۵ لیتری بسته ۶ عددی,بسته,32,93858,76260,3003456,سوپرمارکت پارسیان
1405/04/06,SKU00035,ماکارونی ۷۰۰ گرمی,عدد,29,50840,41063,1474360,مینی‌مارکت شبانه
1405/04/06,SKU00036,رب گوجه ۸۰۰ گرمی,عدد,8,105591,86037,844728,تعاونی مصرف کارکنان
1405/04/06,SKU00037,تن ماهی ۱۸۰ گرمی,عدد,12,164252,131988,1971024,سوپر مارکت البرز
1405/04/06,SKU00038,لوبیا چیتی ۹۰۰ گرمی,عدد,13,138832,112435,1804816,سوپر پروتئین سبز
1405/04/06,SKU00039,عدس ۹۰۰ گرمی,عدد,8,119278,95814,954224,سوپرمارکت پارسیان
1405/04/06,SKU00040,نخود ۹۰۰ گرمی,عدد,4,127100,102658,508400,سوپرمارکت پارسیان
1405/04/06,SKU00041,پنیر سفید ۴۰۰ گرمی,عدد,43,107546,86037,4624478,سوپرمارکت پارسیان
1405/04/06,SKU00042,شیر کم‌چرب ۱ لیتری,عدد,37,50840,41063,1881080,سوپرمارکت پارسیان
1405/04/06,SKU00043,ماست دبه ۲ کیلویی,عدد,15,200427,161319,3006405,سوپرمارکت آفتاب
1405/04/06,SKU00044,کره حیوانی ۱۰۰ گرمی,عدد,16,115368,92881,1845888,سوپر مارکت البرز
1405/04/06,SKU00045,مایع ظرفشویی ۳.۷۵ لیتری,عدد,4,215092,171096,860368,فروشگاه رفاه محلی
1405/04/06,SKU00046,پودر لباسشویی ۵ کیلویی,عدد,4,459515,376412,1838060,سوپرمارکت پارسیان
1405/04/06,SKU00047,دستمال کاغذی ۳۰۰ برگ,بسته,21,83104,66483,1745184,هایپر نیک
1405/04/06,SKU00048,شامپو ۹۰۰ میلی‌لیتری,عدد,6,262022,210204,1572132,فروشگاه امید
1405/04/06,SKU00049,خمیر دندان ۱۰۰ گرمی,عدد,16,89948,70394,1439168,فروشگاه زنجیره‌ای مهر
1405/04/06,SKU00050,صابون بسته ۶ عددی,بسته,11,117323,93858,1290553,مینی‌مارکت نسیم
1405/04/07,SKU00001,برنج ایرانی هاشمی ۱۰ کیلویی,کارتن,4,4403077,3718154,17612308,هایپر نیک
1405/04/07,SKU00027,برنج پاکستانی باسماتی ۱۰ کیلویی,کارتن,2,2592923,2054769,5185846,سوپرمارکت آفتاب
1405/04/07,SKU00028,روغن آفتابگردان ۱.۸ لیتری,عدد,13,181015,146769,2353195,فروشگاه رفاه محلی
1405/04/07,SKU00029,روغن سرخ‌کردنی ۴.۵ لیتری,عدد,9,445200,371815,4006800,کافه رستوران ونک
1405/04/07,SKU00030,شکر سفید ۹۰۰ گرمی,عدد,27,41095,34246,1109565,مینی‌مارکت نسیم
1405/04/07,SKU00031,چای کیسه‌ای ۱۰۰ عددی,عدد,6,239723,190800,1438338,مینی‌مارکت نسیم
1405/04/07,SKU00032,قهوه فوری ۲۰۰ گرمی,عدد,7,508800,410954,3561600,فروشگاه سپیدار
1405/04/07,SKU00033,نوشابه خانواده ۱.۵ لیتری,عدد,37,46966,37182,1737742,تعاونی مصرف کارکنان
1405/04/07,SKU00034,آب معدنی ۱.۵ لیتری بسته ۶ عددی,بسته,19,93932,76320,1784708,فروشگاه زنجیره‌ای مهر
1405/04/07,SKU00035,ماکارونی ۷۰۰ گرمی,عدد,25,50880,41095,1272000,سوپرمارکت آفتاب
1405/04/07,SKU00036,رب گوجه ۸۰۰ گرمی,عدد,12,105674,86105,1268088,فروشگاه یاس
1405/04/07,SKU00037,تن ماهی ۱۸۰ گرمی,عدد,28,164382,132092,4602696,فروشگاه سپیدار
1405/04/07,SKU00038,لوبیا چیتی ۹۰۰ گرمی,عدد,8,138942,112523,1111536,سوپر پروتئین سبز
1405/04/07,SKU00039,عدس ۹۰۰ گرمی,عدد,8,119372,95889,954976,مینی‌مارکت شبانه
1405/04/07,SKU00040,نخود ۹۰۰ گرمی,عدد,4,127200,102738,508800,سوپرمارکت پارسیان
1405/04/07,SKU00041,پنیر سفید ۴۰۰ گرمی,عدد,16,107631,86105,1722096,فروشگاه زنجیره‌ای مهر
1405/04/07,SKU00042,شیر کم‌چرب ۱ لیتری,عدد,32,50880,41095,1628160,فروشگاه زنجیره‌ای مهر
1405/04/07,SKU00043,ماست دبه ۲ کیلویی,عدد,17,200585,161446,3409945,فروشگاه زنجیره‌ای مهر
1405/04/07,SKU00044,کره حیوانی ۱۰۰ گرمی,عدد,9,115458,92954,1039122,سوپرمارکت آفتاب
1405/04/07,SKU00045,مایع ظرفشویی ۳.۷۵ لیتری,عدد,15,215262,171231,3228930,فروشگاه امید
1405/04/07,SKU00046,پودر لباسشویی ۵ کیلویی,عدد,6,459877,376708,2759262,کافه رستوران ونک
1405/04/07,SKU00047,دستمال کاغذی ۳۰۰ برگ,بسته,17,83169,66535,1413873,هایپر ستاره شهر
1405/04/07,SKU00048,شامپو ۹۰۰ میلی‌لیتری,عدد,5,262228,210369,1311140,فروشگاه زنجیره‌ای مهر
1405/04/07,SKU00049,خمیر دندان ۱۰۰ گرمی,عدد,12,90018,70449,1080216,کافه رستوران ونک
1405/04/07,SKU00050,صابون بسته ۶ عددی,بسته,9,117415,93932,1056735,سوپر پروتئین سبز
1405/04/08,SKU00001,برنج ایرانی هاشمی ۱۰ کیلویی,کارتن,2,4406538,3721077,8813076,سوپر پروتئین سبز
1405/04/08,SKU00027,برنج پاکستانی باسماتی ۱۰ کیلویی,کارتن,4,2594962,2056385,10379848,تعاونی مصرف کارکنان
1405/04/08,SKU00028,روغن آفتابگردان ۱.۸ لیتری,عدد,31,181158,146885,5615898,بوفه دانشگاه
1405/04/08,SKU00029,روغن سرخ‌کردنی ۴.۵ لیتری,عدد,7,445550,372108,3118850,هایپر نیک
1405/04/08,SKU00030,شکر سفید ۹۰۰ گرمی,عدد,23,41128,34273,945944,تعاونی مصرف کارکنان
1405/04/08,SKU00031,چای کیسه‌ای ۱۰۰ عددی,عدد,7,239912,190950,1679384,فروشگاه سپیدار
1405/04/08,SKU00032,قهوه فوری ۲۰۰ گرمی,عدد,7,509200,411277,3564400,مینی‌مارکت نسیم
1405/04/08,SKU00033,نوشابه خانواده ۱.۵ لیتری,عدد,46,47003,37211,2162138,فروشگاه رفاه محلی
1405/04/08,SKU00034,آب معدنی ۱.۵ لیتری بسته ۶ عددی,بسته,32,94006,76380,3008192,فروشگاه زنجیره‌ای مهر
1405/04/08,SKU00035,ماکارونی ۷۰۰ گرمی,عدد,32,50920,41128,1629440,فروشگاه زنجیره‌ای مهر
1405/04/08,SKU00036,رب گوجه ۸۰۰ گرمی,عدد,17,105757,86172,1797869,فروشگاه گلستان
1405/04/08,SKU00037,تن ماهی ۱۸۰ گرمی,عدد,18,164511,132196,2961198,مینی‌مارکت نسیم
1405/04/08,SKU00038,لوبیا چیتی ۹۰۰ گرمی,عدد,10,139051,112612,1390510,فروشگاه امید
1405/04/08,SKU00039,عدس ۹۰۰ گرمی,عدد,8,119466,95965,955728,تعاونی مصرف کارکنان
1405/04/08,SKU00040,نخود ۹۰۰ گرمی,عدد,7,127300,102819,891100,سوپر مارکت البرز
1405/04/08,SKU00041,پنیر سفید ۴۰۰ گرمی,عدد,14,107715,86172,1508010,سوپر پروتئین سبز
1405/04/08,SKU00042,شیر کم‌چرب ۱ لیتری,عدد,16,50920,41128,814720,مینی‌مارکت نسیم
1405/04/08,SKU00043,ماست دبه ۲ کیلویی,عدد,15,200742,161573,3011130,فروشگاه سپیدار
1405/04/08,SKU00044,کره حیوانی ۱۰۰ گرمی,عدد,12,115549,93027,1386588,فروشگاه گلستان
1405/04/08,SKU00045,مایع ظرفشویی ۳.۷۵ لیتری,عدد,11,215431,171365,2369741,مینی‌مارکت نسیم
1405/04/08,SKU00046,پودر لباسشویی ۵ کیلویی,عدد,6,460238,377004,2761428,بوفه دانشگاه
1405/04/08,SKU00047,دستمال کاغذی ۳۰۰ برگ,بسته,19,83235,66588,1581465,مینی‌مارکت نسیم
1405/04/08,SKU00048,شامپو ۹۰۰ میلی‌لیتری,عدد,5,262434,210535,1312170,سوپر پروتئین سبز
1405/04/08,SKU00049,خمیر دندان ۱۰۰ گرمی,عدد,17,90089,70505,1531513,هایپر نیک
1405/04/08,SKU00050,صابون بسته ۶ عددی,بسته,13,117508,94006,1527604,بوفه دانشگاه
1405/04/09,SKU00001,برنج ایرانی هاشمی ۱۰ کیلویی,کارتن,2,4410000,3724000,8820000,فروشگاه سپیدار
1405/04/09,SKU00027,برنج پاکستانی باسماتی ۱۰ کیلویی,کارتن,4,2597000,2058000,10388000,سوپر مارکت البرز
1405/04/09,SKU00028,روغن آفتابگردان ۱.۸ لیتری,عدد,4,181300,147000,725200,سوپرمارکت پارسیان
1405/04/09,SKU00029,روغن سرخ‌کردنی ۴.۵ لیتری,عدد,5,445900,372400,2229500,مینی‌مارکت شبانه
1405/04/09,SKU00030,شکر سفید ۹۰۰ گرمی,عدد,44,41160,34300,1811040,فروشگاه زنجیره‌ای مهر
1405/04/09,SKU00031,چای کیسه‌ای ۱۰۰ عددی,عدد,9,240100,191100,2160900,بقالی برادران احمدی
1405/04/09,SKU00032,قهوه فوری ۲۰۰ گرمی,عدد,6,509600,411600,3057600,بقالی برادران احمدی
1405/04/09,SKU00033,نوشابه خانواده ۱.۵ لیتری,عدد,72,47040,37240,3386880,بوفه دانشگاه
1405/04/09,SKU00034,آب معدنی ۱.۵ لیتری بسته ۶ عددی,بسته,31,94080,76440,2916480,سوپر پروتئین سبز
1405/04/09,SKU00035,ماکارونی ۷۰۰ گرمی,عدد,30,50960,41160,1528800,سوپرمارکت آفتاب
1405/04/09,SKU00036,رب گوجه ۸۰۰ گرمی,عدد,7,105840,86240,740880,سوپر مارکت البرز
1405/04/09,SKU00037,تن ماهی ۱۸۰ گرمی,عدد,11,164640,132300,1811040,سوپرمارکت آفتاب
1405/04/09,SKU00038,لوبیا چیتی ۹۰۰ گرمی,عدد,8,139160,112700,1113280,هایپر ستاره شهر
1405/04/09,SKU00039,عدس ۹۰۰ گرمی,عدد,8,119560,96040,956480,مینی‌مارکت نسیم
1405/04/09,SKU00040,نخود ۹۰۰ گرمی,عدد,3,127400,102900,382200,مینی‌مارکت شبانه
1405/04/09,SKU00041,پنیر سفید ۴۰۰ گرمی,عدد,20,107800,86240,2156000,فروشگاه گلستان
1405/04/09,SKU00042,شیر کم‌چرب ۱ لیتری,عدد,18,50960,41160,917280,سوپرمارکت آفتاب
1405/04/09,SKU00043,ماست دبه ۲ کیلویی,عدد,13,200900,161700,2611700,فروشگاه یاس
1405/04/09,SKU00044,کره حیوانی ۱۰۰ گرمی,عدد,13,115640,93100,1503320,فروشگاه یاس
1405/04/09,SKU00045,مایع ظرفشویی ۳.۷۵ لیتری,عدد,9,215600,171500,1940400,سوپرمارکت آفتاب
1405/04/09,SKU00046,پودر لباسشویی ۵ کیلویی,عدد,4,460600,377300,1842400,سوپر مارکت البرز
1405/04/09,SKU00047,دستمال کاغذی ۳۰۰ برگ,بسته,12,83300,66640,999600,فروشگاه رفاه محلی
1405/04/09,SKU00048,شامپو ۹۰۰ میلی‌لیتری,عدد,2,262640,210700,525280,تعاونی مصرف کارکنان
1405/04/09,SKU00049,خمیر دندان ۱۰۰ گرمی,عدد,14,90160,70560,1262240,فروشگاه گلستان
1405/04/09,SKU00050,صابون بسته ۶ عددی,بسته,6,117600,94080,705600,فروشگاه سپیدار
1405/04/10,SKU00001,برنج ایرانی هاشمی ۱۰ کیلویی,کارتن,1,4413462,3726923,4413462,سوپرمارکت پارسیان
1405/04/10,SKU00027,برنج پاکستانی باسماتی ۱۰ کیلویی,کارتن,5,2599038,2059615,12995190,سوپرمارکت پارسیان
1405/04/10,SKU00028,روغن آفتابگردان ۱.۸ لیتری,عدد,41,181442,147115,7439122,فروشگاه یاس
1405/04/10,SKU00029,روغن سرخ‌کردنی ۴.۵ لیتری,عدد,6,446250,372692,2677500,هایپر نیک
1405/04/10,SKU00030,شکر سفید ۹۰۰ گرمی,عدد,23,41192,34327,947416,سوپر پروتئین سبز
1405/04/10,SKU00031,چای کیسه‌ای ۱۰۰ عددی,عدد,10,240288,191250,2402880,فروشگاه گلستان
1405/04/10,SKU00032,قهوه فوری ۲۰۰ گرمی,عدد,3,510000,411923,1530000,سوپر مارکت البرز
1405/04/10,SKU00033,نوشابه خانواده ۱.۵ لیتری,عدد,15,47077,37269,706155,هایپر ستاره شهر
1405/04/10,SKU00034,آب معدنی ۱.۵ لیتری بسته ۶ عددی,بسته,21,94154,76500,1977234,سوپرمارکت آفتاب
1405/04/10,SKU00035,ماکارونی ۷۰۰ گرمی,عدد,20,51000,41192,1020000,مینی‌مارکت نسیم
1405/04/10,SKU00036,رب گوجه ۸۰۰ گرمی,عدد,14,105923,86308,1482922,بوفه دانشگاه
1405/04/10,SKU00037,تن ماهی ۱۸۰ گرمی,عدد,21,164769,132404,3460149,کافه رستوران ونک
1405/04/10,SKU00038,لوبیا چیتی ۹۰۰ گرمی,عدد,9,139269,112788,1253421,هایپر ستاره شهر
1405/04/10,SKU00039,عدس ۹۰۰ گرمی,عدد,9,119654,96115,1076886,تعاونی مصرف کارکنان
1405/04/10,SKU00040,نخود ۹۰۰ گرمی,عدد,6,127500,102981,765000,سوپر پروتئین سبز
1405/04/10,SKU00041,پنیر سفید ۴۰۰ گرمی,عدد,40,107885,86308,4315400,فروشگاه امید
1405/04/10,SKU00042,شیر کم‌چرب ۱ لیتری,عدد,18,51000,41192,918000,سوپرمارکت آفتاب
1405/04/10,SKU00043,ماست دبه ۲ کیلویی,عدد,19,201058,161827,3820102,فروشگاه رفاه محلی
1405/04/10,SKU00044,کره حیوانی ۱۰۰ گرمی,عدد,10,115731,93173,1157310,فروشگاه سپیدار
1405/04/10,SKU00045,مایع ظرفشویی ۳.۷۵ لیتری,عدد,9,215769,171635,1941921,فروشگاه گلستان
1405/04/10,SKU00046,پودر لباسشویی ۵ کیلویی,عدد,7,460962,377596,3226734,فروشگاه رفاه محلی
1405/04/10,SKU00047,دستمال کاغذی ۳۰۰ برگ,بسته,15,83365,66692,1250475,فروشگاه امید
1405/04/10,SKU00048,شامپو ۹۰۰ میلی‌لیتری,عدد,6,262846,210865,1577076,سوپر مارکت البرز
1405/04/10,SKU00049,خمیر دندان ۱۰۰ گرمی,عدد,20,90231,70615,1804620,هایپر نیک
1405/04/10,SKU00050,صابون بسته ۶ عددی,بسته,11,117692,94154,1294612,فروشگاه زنجیره‌ای مهر
1405/04/11,SKU00001,برنج ایرانی هاشمی ۱۰ کیلویی,کارتن,3,4416923,3729846,13250769,کافه رستوران ونک
1405/04/11,SKU00027,برنج پاکستانی باسماتی ۱۰ کیلویی,کارتن,2,2601077,2061231,5202154,بقالی برادران احمدی
1405/04/11,SKU00028,روغن آفتابگردان ۱.۸ لیتری,عدد,49,181585,147231,8897665,هایپر نیک
1405/04/11,SKU00029,روغن سرخ‌کردنی ۴.۵ لیتری,عدد,11,446600,372985,4912600,بقالی برادران احمدی
1405/04/11,SKU00030,شکر سفید ۹۰۰ گرمی,عدد,39,41225,34354,1607775,سوپرمارکت آفتاب
1405/04/11,SKU00031,چای کیسه‌ای ۱۰۰ عددی,عدد,13,240477,191400,3126201,فروشگاه یاس
1405/04/11,SKU00032,قهوه فوری ۲۰۰ گرمی,عدد,11,510400,412246,5614400,سوپر پروتئین سبز
1405/04/11,SKU00033,نوشابه خانواده ۱.۵ لیتری,عدد,57,47114,37298,2685498,فروشگاه یاس
1405/04/11,SKU00034,آب معدنی ۱.۵ لیتری بسته ۶ عددی,بسته,31,94228,76560,2921068,هایپر نیک
1405/04/11,SKU00035,ماکارونی ۷۰۰ گرمی,عدد,39,51040,41225,1990560,کافه رستوران ونک
1405/04/11,SKU00036,رب گوجه ۸۰۰ گرمی,عدد,18,106006,86375,1908108,کافه رستوران ونک
1405/04/11,SKU00037,تن ماهی ۱۸۰ گرمی,عدد,21,164898,132508,3462858,سوپر مارکت البرز
1405/04/11,SKU00038,لوبیا چیتی ۹۰۰ گرمی,عدد,15,139378,112877,2090670,فروشگاه یاس
1405/04/11,SKU00039,عدس ۹۰۰ گرمی,عدد,8,119748,96191,957984,فروشگاه زنجیره‌ای مهر
1405/04/11,SKU00040,نخود ۹۰۰ گرمی,عدد,7,127600,103062,893200,فروشگاه زنجیره‌ای مهر
1405/04/11,SKU00041,پنیر سفید ۴۰۰ گرمی,عدد,13,107969,86375,1403597,فروشگاه یاس
1405/04/11,SKU00042,شیر کم‌چرب ۱ لیتری,عدد,57,51040,41225,2909280,مینی‌مارکت نسیم
1405/04/11,SKU00043,ماست دبه ۲ کیلویی,عدد,20,201215,161954,4024300,فروشگاه امید
1405/04/11,SKU00044,کره حیوانی ۱۰۰ گرمی,عدد,12,115822,93246,1389864,هایپر نیک
1405/04/11,SKU00045,مایع ظرفشویی ۳.۷۵ لیتری,عدد,21,215938,171769,4534698,فروشگاه یاس
1405/04/11,SKU00046,پودر لباسشویی ۵ کیلویی,عدد,10,461323,377892,4613230,فروشگاه رفاه محلی
1405/04/11,SKU00047,دستمال کاغذی ۳۰۰ برگ,بسته,10,83431,66745,834310,تعاونی مصرف کارکنان
1405/04/11,SKU00048,شامپو ۹۰۰ میلی‌لیتری,عدد,6,263052,211031,1578312,سوپرمارکت پارسیان
1405/04/11,SKU00049,خمیر دندان ۱۰۰ گرمی,عدد,20,90302,70671,1806040,بوفه دانشگاه
1405/04/11,SKU00050,صابون بسته ۶ عددی,بسته,23,117785,94228,2709055,بوفه دانشگاه
1405/04/12,SKU00001,برنج ایرانی هاشمی ۱۰ کیلویی,کارتن,1,4420385,3732769,4420385,فروشگاه سپیدار
1405/04/12,SKU00027,برنج پاکستانی باسماتی ۱۰ کیلویی,کارتن,3,2603115,2062846,7809345,فروشگاه رفاه محلی
1405/04/12,SKU00028,روغن آفتابگردان ۱.۸ لیتری,عدد,22,181727,147346,3997994,فروشگاه زنجیره‌ای مهر
1405/04/12,SKU00029,روغن سرخ‌کردنی ۴.۵ لیتری,عدد,5,446950,373277,2234750,سوپرمارکت آفتاب
1405/04/12,SKU00030,شکر سفید ۹۰۰ گرمی,عدد,27,41257,34381,1113939,بوفه دانشگاه
1405/04/12,SKU00031,چای کیسه‌ای ۱۰۰ عددی,عدد,7,240665,191550,1684655,هایپر ستاره شهر
1405/04/12,SKU00032,قهوه فوری ۲۰۰ گرمی,عدد,3,510800,412569,1532400,کافه رستوران ونک
1405/04/12,SKU00033,نوشابه خانواده ۱.۵ لیتری,عدد,41,47151,37328,1933191,فروشگاه زنجیره‌ای مهر
1405/04/12,SKU00034,آب معدنی ۱.۵ لیتری بسته ۶ عددی,بسته,13,94302,76620,1225926,مینی‌مارکت نسیم
1405/04/12,SKU00035,ماکارونی ۷۰۰ گرمی,عدد,22,51080,41257,1123760,فروشگاه رفاه محلی
1405/04/12,SKU00036,رب گوجه ۸۰۰ گرمی,عدد,4,106089,86443,424356,سوپرمارکت آفتاب
1405/04/12,SKU00037,تن ماهی ۱۸۰ گرمی,عدد,10,165028,132612,1650280,بقالی برادران احمدی
1405/04/12,SKU00038,لوبیا چیتی ۹۰۰ گرمی,عدد,8,139488,112965,1115904,هایپر نیک
1405/04/12,SKU00039,عدس ۹۰۰ گرمی,عدد,4,119842,96266,479368,هایپر نیک
1405/04/12,SKU00040,نخود ۹۰۰ گرمی,عدد,2,127700,103142,255400,سوپرمارکت آفتاب
1405/04/12,SKU00041,پنیر سفید ۴۰۰ گرمی,عدد,17,108054,86443,1836918,کافه رستوران ونک
1405/04/12,SKU00042,شیر کم‌چرب ۱ لیتری,عدد,17,51080,41257,868360,فروشگاه امید
1405/04/12,SKU00043,ماست دبه ۲ کیلویی,عدد,10,201373,162081,2013730,تعاونی مصرف کارکنان
1405/04/12,SKU00044,کره حیوانی ۱۰۰ گرمی,عدد,3,115912,93319,347736,فروشگاه رفاه محلی
1405/04/12,SKU00045,مایع ظرفشویی ۳.۷۵ لیتری,عدد,5,216108,171904,1080540,کافه رستوران ونک
1405/04/12,SKU00046,پودر لباسشویی ۵ کیلویی,عدد,5,461685,378188,2308425,فروشگاه رفاه محلی
1405/04/12,SKU00047,دستمال کاغذی ۳۰۰ برگ,بسته,12,83496,66797,1001952,فروشگاه زنجیره‌ای مهر
1405/04/12,SKU00048,شامپو ۹۰۰ میلی‌لیتری,عدد,3,263258,211196,789774,فروشگاه سپیدار
1405/04/12,SKU00049,خمیر دندان ۱۰۰ گرمی,عدد,3,90372,70726,271116,مینی‌مارکت نسیم
1405/04/12,SKU00050,صابون بسته ۶ عددی,بسته,4,117877,94302,471508,بقالی برادران احمدی
1405/04/13,SKU00001,برنج ایرانی هاشمی ۱۰ کیلویی,کارتن,2,4423846,3735692,8847692,سوپر پروتئین سبز
1405/04/13,SKU00027,برنج پاکستانی باسماتی ۱۰ کیلویی,کارتن,4,2605154,2064462,10420616,فروشگاه رفاه محلی
1405/04/13,SKU00028,روغن آفتابگردان ۱.۸ لیتری,عدد,33,181869,147462,6001677,هایپر نیک
1405/04/13,SKU00029,روغن سرخ‌کردنی ۴.۵ لیتری,عدد,7,447300,373569,3131100,فروشگاه زنجیره‌ای مهر
1405/04/13,SKU00030,شکر سفید ۹۰۰ گرمی,عدد,22,41289,34408,908358,سوپرمارکت آفتاب
1405/04/13,SKU00031,چای کیسه‌ای ۱۰۰ عددی,عدد,11,240854,191700,2649394,سوپرمارکت پارسیان
1405/04/13,SKU00032,قهوه فوری ۲۰۰ گرمی,عدد,5,511200,412892,2556000,سوپرمارکت آفتاب
1405/04/13,SKU00033,نوشابه خانواده ۱.۵ لیتری,عدد,77,47188,37357,3633476,کافه رستوران ونک
1405/04/13,SKU00034,آب معدنی ۱.۵ لیتری بسته ۶ عددی,بسته,20,94375,76680,1887500,سوپر مارکت البرز
1405/04/13,SKU00035,ماکارونی ۷۰۰ گرمی,عدد,22,51120,41289,1124640,فروشگاه رفاه محلی
1405/04/13,SKU00036,رب گوجه ۸۰۰ گرمی,عدد,13,106172,86511,1380236,سوپرمارکت آفتاب
1405/04/13,SKU00037,تن ماهی ۱۸۰ گرمی,عدد,20,165157,132715,3303140,مینی‌مارکت شبانه
1405/04/13,SKU00038,لوبیا چیتی ۹۰۰ گرمی,عدد,14,139597,113054,1954358,مینی‌مارکت نسیم
1405/04/13,SKU00039,عدس ۹۰۰ گرمی,عدد,9,119935,96342,1079415,فروشگاه سپیدار
1405/04/13,SKU00040,نخود ۹۰۰ گرمی,عدد,6,127800,103223,766800,هایپر نیک
1405/04/13,SKU00041,پنیر سفید ۴۰۰ گرمی,عدد,33,108138,86511,3568554,فروشگاه امید
1405/04/13,SKU00042,شیر کم‌چرب ۱ لیتری,عدد,27,51120,41289,1380240,مینی‌مارکت نسیم
1405/04/13,SKU00043,ماست دبه ۲ کیلویی,عدد,18,201531,162208,3627558,هایپر نیک
1405/04/13,SKU00044,کره حیوانی ۱۰۰ گرمی,عدد,11,116003,93392,1276033,سوپر پروتئین سبز
1405/04/13,SKU00045,مایع ظرفشویی ۳.۷۵ لیتری,عدد,14,216277,172038,3027878,فروشگاه سپیدار
1405/04/13,SKU00046,پودر لباسشویی ۵ کیلویی,عدد,8,462046,378485,3696368,فروشگاه یاس
1405/04/13,SKU00047,دستمال کاغذی ۳۰۰ برگ,بسته,22,83562,66849,1838364,مینی‌مارکت نسیم
1405/04/13,SKU00048,شامپو ۹۰۰ میلی‌لیتری,عدد,5,263465,211362,1317325,مینی‌مارکت شبانه
1405/04/13,SKU00049,خمیر دندان ۱۰۰ گرمی,عدد,13,90443,70782,1175759,بوفه دانشگاه
1405/04/13,SKU00050,صابون بسته ۶ عددی,بسته,8,117969,94375,943752,سوپر پروتئین سبز
1405/04/14,SKU00001,برنج ایرانی هاشمی ۱۰ کیلویی,کارتن,1,4427308,3738615,4427308,سوپر مارکت البرز
1405/04/14,SKU00027,برنج پاکستانی باسماتی ۱۰ کیلویی,کارتن,1,2607192,2066077,2607192,بوفه دانشگاه
1405/04/14,SKU00028,روغن آفتابگردان ۱.۸ لیتری,عدد,13,182012,147577,2366156,سوپر مارکت البرز
1405/04/14,SKU00029,روغن سرخ‌کردنی ۴.۵ لیتری,عدد,8,447650,373862,3581200,بوفه دانشگاه
1405/04/14,SKU00030,شکر سفید ۹۰۰ گرمی,عدد,19,41322,34435,785118,هایپر نیک
1405/04/14,SKU00031,چای کیسه‌ای ۱۰۰ عددی,عدد,9,241042,191850,2169378,هایپر نیک
1405/04/14,SKU00032,قهوه فوری ۲۰۰ گرمی,عدد,5,511600,413215,2558000,هایپر نیک
1405/04/14,SKU00033,نوشابه خانواده ۱.۵ لیتری,عدد,38,47225,37386,1794550,سوپرمارکت آفتاب
1405/04/14,SKU00034,آب معدنی ۱.۵ لیتری بسته ۶ عددی,بسته,15,94449,76740,1416735,فروشگاه رفاه محلی
1405/04/14,SKU00035,ماکارونی ۷۰۰ گرمی,عدد,22,51160,41322,1125520,تعاونی مصرف کارکنان
1405/04/14,SKU00036,رب گوجه ۸۰۰ گرمی,عدد,8,106255,86578,850040,فروشگاه زنجیره‌ای مهر
1405/04/14,SKU00037,تن ماهی ۱۸۰ گرمی,عدد,28,165286,132819,4628008,سوپر پروتئین سبز
1405/04/14,SKU00038,لوبیا چیتی ۹۰۰ گرمی,عدد,12,139706,113142,1676472,سوپرمارکت پارسیان
1405/04/14,SKU00039,عدس ۹۰۰ گرمی,عدد,4,120029,96417,480116,بوفه دانشگاه
1405/04/14,SKU00040,نخود ۹۰۰ گرمی,عدد,2,127900,103304,255800,سوپرمارکت پارسیان
1405/04/14,SKU00041,پنیر سفید ۴۰۰ گرمی,عدد,20,108223,86578,2164460,فروشگاه سپیدار
1405/04/14,SKU00042,شیر کم‌چرب ۱ لیتری,عدد,24,51160,41322,1227840,سوپر مارکت البرز
1405/04/14,SKU00043,ماست دبه ۲ کیلویی,عدد,20,201688,162335,4033760,مینی‌مارکت شبانه
1405/04/14,SKU00044,کره حیوانی ۱۰۰ گرمی,عدد,13,116094,93465,1509222,فروشگاه امید
1405/04/14,SKU00045,مایع ظرفشویی ۳.۷۵ لیتری,عدد,10,216446,172173,2164460,فروشگاه رفاه محلی
1405/04/14,SKU00046,پودر لباسشویی ۵ کیلویی,عدد,4,462408,378781,1849632,سوپرمارکت آفتاب
1405/04/14,SKU00047,دستمال کاغذی ۳۰۰ برگ,بسته,34,83627,66902,2843318,فروشگاه امید
1405/04/14,SKU00048,شامپو ۹۰۰ میلی‌لیتری,عدد,7,263671,211527,1845697,کافه رستوران ونک
1405/04/14,SKU00049,خمیر دندان ۱۰۰ گرمی,عدد,10,90514,70837,905140,فروشگاه امید
1405/04/14,SKU00050,صابون بسته ۶ عددی,بسته,9,118062,94449,1062558,فروشگاه گلستان
1405/04/15,SKU00001,برنج ایرانی هاشمی ۱۰ کیلویی,کارتن,3,4430769,3741538,13292307,تعاونی مصرف کارکنان
1405/04/15,SKU00027,برنج پاکستانی باسماتی ۱۰ کیلویی,کارتن,3,2609231,2067692,7827693,مینی‌مارکت شبانه
1405/04/15,SKU00028,روغن آفتابگردان ۱.۸ لیتری,عدد,32,182154,147692,5828928,فروشگاه امید
1405/04/15,SKU00029,روغن سرخ‌کردنی ۴.۵ لیتری,عدد,6,448000,374154,2688000,فروشگاه رفاه محلی
1405/04/15,SKU00030,شکر سفید ۹۰۰ گرمی,عدد,20,41354,34462,827080,سوپرمارکت پارسیان
1405/04/15,SKU00031,چای کیسه‌ای ۱۰۰ عددی,عدد,9,241231,192000,2171079,تعاونی مصرف کارکنان
1405/04/15,SKU00032,قهوه فوری ۲۰۰ گرمی,عدد,5,512000,413538,2560000,فروشگاه یاس
1405/04/15,SKU00033,نوشابه خانواده ۱.۵ لیتری,عدد,53,47262,37415,2504886,کافه رستوران ونک
1405/04/15,SKU00034,آب معدنی ۱.۵ لیتری بسته ۶ عددی,بسته,29,94523,76800,2741167,بقالی برادران احمدی
1405/04/15,SKU00035,ماکارونی ۷۰۰ گرمی,عدد,13,51200,41354,665600,فروشگاه گلستان
1405/04/15,SKU00036,رب گوجه ۸۰۰ گرمی,عدد,9,106338,86646,957042,سوپر پروتئین سبز
1405/04/15,SKU00037,تن ماهی ۱۸۰ گرمی,عدد,11,165415,132923,1819565,سوپر پروتئین سبز
1405/04/15,SKU00038,لوبیا چیتی ۹۰۰ گرمی,عدد,9,139815,113231,1258335,مینی‌مارکت نسیم
1405/04/15,SKU00039,عدس ۹۰۰ گرمی,عدد,2,120123,96492,240246,فروشگاه گلستان
1405/04/15,SKU00040,نخود ۹۰۰ گرمی,عدد,7,128000,103385,896000,مینی‌مارکت شبانه
1405/04/15,SKU00041,پنیر سفید ۴۰۰ گرمی,عدد,18,108308,86646,1949544,سوپر پروتئین سبز
1405/04/15,SKU00042,شیر کم‌چرب ۱ لیتری,عدد,28,51200,41354,1433600,کافه رستوران ونک
1405/04/15,SKU00043,ماست دبه ۲ کیلویی,عدد,16,201846,162462,3229536,سوپرمارکت آفتاب
1405/04/15,SKU00044,کره حیوانی ۱۰۰ گرمی,عدد,12,116185,93538,1394220,فروشگاه زنجیره‌ای مهر
1405/04/15,SKU00045,مایع ظرفشویی ۳.۷۵ لیتری,عدد,14,216615,172308,3032610,فروشگاه رفاه محلی
1405/04/15,SKU00046,پودر لباسشویی ۵ کیلویی,عدد,5,462769,379077,2313845,سوپر پروتئین سبز
1405/04/15,SKU00047,دستمال کاغذی ۳۰۰ برگ,بسته,19,83692,66954,1590148,فروشگاه زنجیره‌ای مهر
1405/04/15,SKU00048,شامپو ۹۰۰ میلی‌لیتری,عدد,6,263877,211692,1583262,فروشگاه زنجیره‌ای مهر
1405/04/15,SKU00049,خمیر دندان ۱۰۰ گرمی,عدد,9,90585,70892,815265,بوفه دانشگاه
1405/04/15,SKU00050,صابون بسته ۶ عددی,بسته,13,118154,94523,1536002,کافه رستوران ونک
1405/04/16,SKU00001,برنج ایرانی هاشمی ۱۰ کیلویی,کارتن,3,4434231,3744462,13302693,هایپر نیک
1405/04/16,SKU00027,برنج پاکستانی باسماتی ۱۰ کیلویی,کارتن,5,2611269,2069308,13056345,فروشگاه گلستان
1405/04/16,SKU00028,روغن آفتابگردان ۱.۸ لیتری,عدد,30,182296,147808,5468880,هایپر ستاره شهر
1405/04/16,SKU00029,روغن سرخ‌کردنی ۴.۵ لیتری,عدد,7,448350,374446,3138450,سوپرمارکت آفتاب
1405/04/16,SKU00030,شکر سفید ۹۰۰ گرمی,عدد,30,41386,34488,1241580,مینی‌مارکت شبانه
1405/04/16,SKU00031,چای کیسه‌ای ۱۰۰ عددی,عدد,13,241419,192150,3138447,هایپر ستاره شهر
1405/04/16,SKU00032,قهوه فوری ۲۰۰ گرمی,عدد,4,512400,413862,2049600,فروشگاه رفاه محلی
1405/04/16,SKU00033,نوشابه خانواده ۱.۵ لیتری,عدد,38,47298,37445,1797324,سوپرمارکت پارسیان
1405/04/16,SKU00034,آب معدنی ۱.۵ لیتری بسته ۶ عددی,بسته,28,94597,76860,2648716,سوپر پروتئین سبز
1405/04/16,SKU00035,ماکارونی ۷۰۰ گرمی,عدد,33,51240,41386,1690920,مینی‌مارکت نسیم
1405/04/16,SKU00036,رب گوجه ۸۰۰ گرمی,عدد,11,106422,86714,1170642,هایپر ستاره شهر
1405/04/16,SKU00037,تن ماهی ۱۸۰ گرمی,عدد,3,165545,133027,496635,فروشگاه امید
1405/04/16,SKU00038,لوبیا چیتی ۹۰۰ گرمی,عدد,11,139925,113319,1539175,فروشگاه امید
1405/04/16,SKU00039,عدس ۹۰۰ گرمی,عدد,12,120217,96568,1442604,فروشگاه امید
1405/04/16,SKU00040,نخود ۹۰۰ گرمی,عدد,6,128100,103465,768600,مینی‌مارکت شبانه
1405/04/16,SKU00041,پنیر سفید ۴۰۰ گرمی,عدد,20,108392,86714,2167840,فروشگاه زنجیره‌ای مهر
1405/04/16,SKU00042,شیر کم‌چرب ۱ لیتری,عدد,35,51240,41386,1793400,سوپر مارکت البرز
1405/04/16,SKU00043,ماست دبه ۲ کیلویی,عدد,23,202004,162588,4646092,سوپرمارکت آفتاب
1405/04/16,SKU00044,کره حیوانی ۱۰۰ گرمی,عدد,14,116275,93612,1627850,فروشگاه سپیدار
1405/04/16,SKU00045,مایع ظرفشویی ۳.۷۵ لیتری,عدد,12,216785,172442,2601420,هایپر ستاره شهر
1405/04/16,SKU00046,پودر لباسشویی ۵ کیلویی,عدد,6,463131,379373,2778786,هایپر ستاره شهر
1405/04/16,SKU00047,دستمال کاغذی ۳۰۰ برگ,بسته,22,83758,67006,1842676,کافه رستوران ونک
1405/04/16,SKU00048,شامپو ۹۰۰ میلی‌لیتری,عدد,3,264083,211858,792249,بقالی برادران احمدی
1405/04/16,SKU00049,خمیر دندان ۱۰۰ گرمی,عدد,7,90655,70948,634585,فروشگاه امید
1405/04/16,SKU00050,صابون بسته ۶ عددی,بسته,10,118246,94597,1182460,بوفه دانشگاه
1405/04/17,SKU00001,برنج ایرانی هاشمی ۱۰ کیلویی,کارتن,2,4437692,3747385,8875384,فروشگاه گلستان
1405/04/17,SKU00027,برنج پاکستانی باسماتی ۱۰ کیلویی,کارتن,3,2613308,2070923,7839924,بوفه دانشگاه
1405/04/17,SKU00028,روغن آفتابگردان ۱.۸ لیتری,عدد,21,182438,147923,3831198,مینی‌مارکت شبانه
1405/04/17,SKU00029,روغن سرخ‌کردنی ۴.۵ لیتری,عدد,4,448700,374738,1794800,سوپرمارکت پارسیان
1405/04/17,SKU00030,شکر سفید ۹۰۰ گرمی,عدد,48,41418,34515,1988064,کافه رستوران ونک
1405/04/17,SKU00031,چای کیسه‌ای ۱۰۰ عددی,عدد,14,241608,192300,3382512,سوپرمارکت پارسیان
1405/04/17,SKU00032,قهوه فوری ۲۰۰ گرمی,عدد,7,512800,414185,3589600,مینی‌مارکت شبانه
1405/04/17,SKU00033,نوشابه خانواده ۱.۵ لیتری,عدد,61,47335,37474,2887435,سوپر مارکت البرز
1405/04/17,SKU00034,آب معدنی ۱.۵ لیتری بسته ۶ عددی,بسته,21,94671,76920,1988091,فروشگاه سپیدار
1405/04/17,SKU00035,ماکارونی ۷۰۰ گرمی,عدد,15,51280,41418,769200,کافه رستوران ونک
1405/04/17,SKU00036,رب گوجه ۸۰۰ گرمی,عدد,15,106505,86782,1597575,کافه رستوران ونک
1405/04/17,SKU00037,تن ماهی ۱۸۰ گرمی,عدد,17,165674,133131,2816458,مینی‌مارکت نسیم
1405/04/17,SKU00038,لوبیا چیتی ۹۰۰ گرمی,عدد,11,140034,113408,1540374,مینی‌مارکت شبانه
1405/04/17,SKU00039,عدس ۹۰۰ گرمی,عدد,14,120311,96643,1684354,فروشگاه امید
1405/04/17,SKU00040,نخود ۹۰۰ گرمی,عدد,6,128200,103546,769200,هایپر نیک
1405/04/17,SKU00041,پنیر سفید ۴۰۰ گرمی,عدد,23,108477,86782,2494971,فروشگاه امید
1405/04/17,SKU00042,شیر کم‌چرب ۱ لیتری,عدد,42,51280,41418,2153760,سوپرمارکت آفتاب
1405/04/17,SKU00043,ماست دبه ۲ کیلویی,عدد,13,202162,162715,2628106,بوفه دانشگاه
1405/04/17,SKU00044,کره حیوانی ۱۰۰ گرمی,عدد,15,116366,93685,1745490,فروشگاه رفاه محلی
1405/04/17,SKU00045,مایع ظرفشویی ۳.۷۵ لیتری,عدد,15,216954,172577,3254310,سوپرمارکت پارسیان
1405/04/17,SKU00046,پودر لباسشویی ۵ کیلویی,عدد,4,463492,379669,1853968,فروشگاه یاس
1405/04/17,SKU00047,دستمال کاغذی ۳۰۰ برگ,بسته,34,83823,67058,2849982,کافه رستوران ونک
1405/04/17,SKU00048,شامپو ۹۰۰ میلی‌لیتری,عدد,6,264289,212023,1585734,بوفه دانشگاه
1405/04/17,SKU00049,خمیر دندان ۱۰۰ گرمی,عدد,9,90726,71003,816534,فروشگاه زنجیره‌ای مهر
1405/04/17,SKU00050,صابون بسته ۶ عددی,بسته,2,118338,94671,236676,کافه رستوران ونک
1405/04/18,SKU00001,برنج ایرانی هاشمی ۱۰ کیلویی,کارتن,2,4441154,3750308,8882308,فروشگاه گلستان
1405/04/18,SKU00027,برنج پاکستانی باسماتی ۱۰ کیلویی,کارتن,7,2615346,2072538,18307422,مینی‌مارکت نسیم
1405/04/18,SKU00028,روغن آفتابگردان ۱.۸ لیتری,عدد,25,182581,148038,4564525,فروشگاه زنجیره‌ای مهر
1405/04/18,SKU00029,روغن سرخ‌کردنی ۴.۵ لیتری,عدد,7,449050,375031,3143350,تعاونی مصرف کارکنان
1405/04/18,SKU00030,شکر سفید ۹۰۰ گرمی,عدد,59,41451,34542,2445609,هایپر ستاره شهر
1405/04/18,SKU00031,چای کیسه‌ای ۱۰۰ عددی,عدد,11,241796,192450,2659756,هایپر ستاره شهر
1405/04/18,SKU00032,قهوه فوری ۲۰۰ گرمی,عدد,9,513200,414508,4618800,سوپرمارکت آفتاب
1405/04/18,SKU00033,نوشابه خانواده ۱.۵ لیتری,عدد,80,47372,37503,3789760,فروشگاه امید
1405/04/18,SKU00034,آب معدنی ۱.۵ لیتری بسته ۶ عددی,بسته,28,94745,76980,2652860,فروشگاه سپیدار
1405/04/18,SKU00035,ماکارونی ۷۰۰ گرمی,عدد,43,51320,41451,2206760,مینی‌مارکت شبانه
1405/04/18,SKU00036,رب گوجه ۸۰۰ گرمی,عدد,14,106588,86849,1492232,فروشگاه زنجیره‌ای مهر
1405/04/18,SKU00037,تن ماهی ۱۸۰ گرمی,عدد,19,165803,133235,3150257,تعاونی مصرف کارکنان
1405/04/18,SKU00038,لوبیا چیتی ۹۰۰ گرمی,عدد,22,140143,113496,3083146,بقالی برادران احمدی
1405/04/18,SKU00039,عدس ۹۰۰ گرمی,عدد,17,120405,96718,2046885,فروشگاه امید
1405/04/18,SKU00040,نخود ۹۰۰ گرمی,عدد,6,128300,103627,769800,فروشگاه سپیدار
1405/04/18,SKU00041,پنیر سفید ۴۰۰ گرمی,عدد,31,108562,86849,3365422,فروشگاه گلستان
1405/04/18,SKU00042,شیر کم‌چرب ۱ لیتری,عدد,62,51320,41451,3181840,فروشگاه سپیدار
1405/04/18,SKU00043,ماست دبه ۲ کیلویی,عدد,18,202319,162842,3641742,سوپرمارکت پارسیان
1405/04/18,SKU00044,کره حیوانی ۱۰۰ گرمی,عدد,9,116457,93758,1048113,هایپر نیک
1405/04/18,SKU00045,مایع ظرفشویی ۳.۷۵ لیتری,عدد,15,217123,172712,3256845,مینی‌مارکت شبانه
1405/04/18,SKU00046,پودر لباسشویی ۵ کیلویی,عدد,4,463854,379965,1855416,تعاونی مصرف کارکنان
1405/04/18,SKU00047,دستمال کاغذی ۳۰۰ برگ,بسته,21,83888,67111,1761648,بوفه دانشگاه
1405/04/18,SKU00048,شامپو ۹۰۰ میلی‌لیتری,عدد,8,264495,212188,2115960,سوپر مارکت البرز
1405/04/18,SKU00049,خمیر دندان ۱۰۰ گرمی,عدد,24,90797,71058,2179128,کافه رستوران ونک
1405/04/18,SKU00050,صابون بسته ۶ عددی,بسته,14,118431,94745,1658034,فروشگاه امید
1405/04/19,SKU00001,برنج ایرانی هاشمی ۱۰ کیلویی,کارتن,2,4444615,3753231,8889230,سوپر پروتئین سبز
1405/04/19,SKU00027,برنج پاکستانی باسماتی ۱۰ کیلویی,کارتن,2,2617385,2074154,5234770,سوپر مارکت البرز
1405/04/19,SKU00028,روغن آفتابگردان ۱.۸ لیتری,عدد,14,182723,148154,2558122,هایپر نیک
1405/04/19,SKU00029,روغن سرخ‌کردنی ۴.۵ لیتری,عدد,5,449400,375323,2247000,کافه رستوران ونک
1405/04/19,SKU00030,شکر سفید ۹۰۰ گرمی,عدد,23,41483,34569,954109,مینی‌مارکت شبانه
1405/04/19,SKU00031,چای کیسه‌ای ۱۰۰ عددی,عدد,8,241985,192600,1935880,فروشگاه سپیدار
1405/04/19,SKU00032,قهوه فوری ۲۰۰ گرمی,عدد,3,513600,414831,1540800,فروشگاه یاس
1405/04/19,SKU00033,نوشابه خانواده ۱.۵ لیتری,عدد,34,47409,37532,1611906,فروشگاه رفاه محلی
1405/04/19,SKU00034,آب معدنی ۱.۵ لیتری بسته ۶ عددی,بسته,21,94818,77040,1991178,مینی‌مارکت نسیم
1405/04/19,SKU00035,ماکارونی ۷۰۰ گرمی,عدد,10,51360,41483,513600,سوپرمارکت پارسیان
1405/04/19,SKU00036,رب گوجه ۸۰۰ گرمی,عدد,6,106671,86917,640026,هایپر نیک
1405/04/19,SKU00037,تن ماهی ۱۸۰ گرمی,عدد,7,165932,133338,1161524,سوپرمارکت آفتاب
1405/04/19,SKU00038,لوبیا چیتی ۹۰۰ گرمی,عدد,6,140252,113585,841512,فروشگاه امید
1405/04/19,SKU00039,عدس ۹۰۰ گرمی,عدد,3,120498,96794,361494,فروشگاه رفاه محلی
1405/04/19,SKU00040,نخود ۹۰۰ گرمی,عدد,3,128400,103708,385200,سوپر پروتئین سبز
1405/04/19,SKU00041,پنیر سفید ۴۰۰ گرمی,عدد,11,108646,86917,1195106,سوپر مارکت البرز
1405/04/19,SKU00042,شیر کم‌چرب ۱ لیتری,عدد,21,51360,41483,1078560,فروشگاه سپیدار
1405/04/19,SKU00043,ماست دبه ۲ کیلویی,عدد,10,202477,162969,2024770,تعاونی مصرف کارکنان
1405/04/19,SKU00044,کره حیوانی ۱۰۰ گرمی,عدد,5,116548,93831,582740,سوپرمارکت پارسیان
1405/04/19,SKU00045,مایع ظرفشویی ۳.۷۵ لیتری,عدد,7,217292,172846,1521044,فروشگاه یاس
1405/04/19,SKU00046,پودر لباسشویی ۵ کیلویی,عدد,3,464215,380262,1392645,فروشگاه گلستان
1405/04/19,SKU00047,دستمال کاغذی ۳۰۰ برگ,بسته,21,83954,67163,1763034,مینی‌مارکت شبانه
1405/04/19,SKU00048,شامپو ۹۰۰ میلی‌لیتری,عدد,2,264702,212354,529404,هایپر نیک
1405/04/19,SKU00049,خمیر دندان ۱۰۰ گرمی,عدد,8,90868,71114,726944,سوپرمارکت آفتاب
1405/04/19,SKU00050,صابون بسته ۶ عددی,بسته,6,118523,94818,711138,سوپرمارکت آفتاب
1405/04/20,SKU00001,برنج ایرانی هاشمی ۱۰ کیلویی,کارتن,2,4448077,3756154,8896154,فروشگاه امید
1405/04/20,SKU00027,برنج پاکستانی باسماتی ۱۰ کیلویی,کارتن,3,2619423,2075769,7858269,سوپر پروتئین سبز
1405/04/20,SKU00028,روغن آفتابگردان ۱.۸ لیتری,عدد,38,182865,148269,6948870,تعاونی مصرف کارکنان
1405/04/20,SKU00029,روغن سرخ‌کردنی ۴.۵ لیتری,عدد,5,449750,375615,2248750,فروشگاه رفاه محلی
1405/04/20,SKU00030,شکر سفید ۹۰۰ گرمی,عدد,37,41515,34596,1536055,فروشگاه زنجیره‌ای مهر
1405/04/20,SKU00031,چای کیسه‌ای ۱۰۰ عددی,عدد,10,242173,192750,2421730,مینی‌مارکت شبانه
1405/04/20,SKU00032,قهوه فوری ۲۰۰ گرمی,عدد,6,514000,415154,3084000,سوپر مارکت البرز
1405/04/20,SKU00033,نوشابه خانواده ۱.۵ لیتری,عدد,40,47446,37562,1897840,فروشگاه سپیدار
1405/04/20,SKU00034,آب معدنی ۱.۵ لیتری بسته ۶ عددی,بسته,41,94892,77100,3890572,سوپرمارکت پارسیان
1405/04/20,SKU00035,ماکارونی ۷۰۰ گرمی,عدد,38,51400,41515,1953200,مینی‌مارکت شبانه
1405/04/20,SKU00036,رب گوجه ۸۰۰ گرمی,عدد,10,106754,86985,1067540,هایپر نیک
1405/04/20,SKU00037,تن ماهی ۱۸۰ گرمی,عدد,9,166062,133442,1494558,سوپرمارکت آفتاب
1405/04/20,SKU00038,لوبیا چیتی ۹۰۰ گرمی,عدد,12,140362,113673,1684344,فروشگاه زنجیره‌ای مهر
1405/04/20,SKU00039,عدس ۹۰۰ گرمی,عدد,8,120592,96869,964736,کافه رستوران ونک
1405/04/20,SKU00040,نخود ۹۰۰ گرمی,عدد,5,128500,103788,642500,سوپرمارکت آفتاب
1405/04/20,SKU00041,پنیر سفید ۴۰۰ گرمی,عدد,25,108731,86985,2718275,سوپرمارکت پارسیان
1405/04/20,SKU00042,شیر کم‌چرب ۱ لیتری,عدد,29,51400,41515,1490600,مینی‌مارکت نسیم
1405/04/20,SKU00043,ماست دبه ۲ کیلویی,عدد,15,202635,163096,3039525,فروشگاه رفاه محلی
1405/04/20,SKU00044,کره حیوانی ۱۰۰ گرمی,عدد,11,116638,93904,1283018,مینی‌مارکت نسیم
1405/04/20,SKU00045,مایع ظرفشویی ۳.۷۵ لیتری,عدد,13,217462,172981,2827006,فروشگاه رفاه محلی
1405/04/20,SKU00046,پودر لباسشویی ۵ کیلویی,عدد,5,464577,380558,2322885,بوفه دانشگاه
1405/04/20,SKU00047,دستمال کاغذی ۳۰۰ برگ,بسته,11,84019,67215,924209,فروشگاه یاس
1405/04/20,SKU00048,شامپو ۹۰۰ میلی‌لیتری,عدد,8,264908,212519,2119264,سوپر مارکت البرز
1405/04/20,SKU00049,خمیر دندان ۱۰۰ گرمی,عدد,19,90938,71169,1727822,بوفه دانشگاه
1405/04/20,SKU00050,صابون بسته ۶ عددی,بسته,10,118615,94892,1186150,مینی‌مارکت شبانه
1405/04/21,SKU00001,برنج ایرانی هاشمی ۱۰ کیلویی,کارتن,2,4451538,3759077,8903076,فروشگاه یاس
1405/04/21,SKU00027,برنج پاکستانی باسماتی ۱۰ کیلویی,کارتن,2,2621462,2077385,5242924,بوفه دانشگاه
1405/04/21,SKU00028,روغن آفتابگردان ۱.۸ لیتری,عدد,30,183008,148385,5490240,فروشگاه یاس
1405/04/21,SKU00029,روغن سرخ‌کردنی ۴.۵ لیتری,عدد,4,450100,375908,1800400,مینی‌مارکت نسیم
1405/04/21,SKU00030,شکر سفید ۹۰۰ گرمی,عدد,37,41548,34623,1537276,تعاونی مصرف کارکنان
1405/04/21,SKU00031,چای کیسه‌ای ۱۰۰ عددی,عدد,12,242362,192900,2908344,سوپر پروتئین سبز
1405/04/21,SKU00032,قهوه فوری ۲۰۰ گرمی,عدد,6,514400,415477,3086400,کافه رستوران ونک
1405/04/21,SKU00033,نوشابه خانواده ۱.۵ لیتری,عدد,25,47483,37591,1187075,فروشگاه گلستان
1405/04/21,SKU00034,آب معدنی ۱.۵ لیتری بسته ۶ عددی,بسته,22,94966,77160,2089252,سوپرمارکت پارسیان
1405/04/21,SKU00035,ماکارونی ۷۰۰ گرمی,عدد,33,51440,41548,1697520,سوپر مارکت البرز
1405/04/21,SKU00036,رب گوجه ۸۰۰ گرمی,عدد,13,106837,87052,1388881,بقالی برادران احمدی
1405/04/21,SKU00037,تن ماهی ۱۸۰ گرمی,عدد,27,166191,133546,4487157,سوپرمارکت پارسیان
1405/04/21,SKU00038,لوبیا چیتی ۹۰۰ گرمی,عدد,4,140471,113762,561884,مینی‌مارکت شبانه
1405/04/21,SKU00039,عدس ۹۰۰ گرمی,عدد,10,120686,96945,1206860,مینی‌مارکت شبانه
1405/04/21,SKU00040,نخود ۹۰۰ گرمی,عدد,4,128600,103869,514400,سوپر پروتئین سبز
1405/04/21,SKU00041,پنیر سفید ۴۰۰ گرمی,عدد,18,108815,87052,1958670,فروشگاه امید
1405/04/21,SKU00042,شیر کم‌چرب ۱ لیتری,عدد,25,51440,41548,1286000,سوپرمارکت آفتاب
1405/04/21,SKU00043,ماست دبه ۲ کیلویی,عدد,15,202792,163223,3041880,فروشگاه سپیدار
1405/04/21,SKU00044,کره حیوانی ۱۰۰ گرمی,عدد,11,116729,93977,1284019,فروشگاه یاس
1405/04/21,SKU00045,مایع ظرفشویی ۳.۷۵ لیتری,عدد,13,217631,173115,2829203,فروشگاه سپیدار
1405/04/21,SKU00046,پودر لباسشویی ۵ کیلویی,عدد,4,464938,380854,1859752,سوپرمارکت پارسیان
1405/04/21,SKU00047,دستمال کاغذی ۳۰۰ برگ,بسته,12,84085,67268,1009020,بقالی برادران احمدی
1405/04/21,SKU00048,شامپو ۹۰۰ میلی‌لیتری,عدد,5,265114,212685,1325570,سوپرمارکت آفتاب
1405/04/21,SKU00049,خمیر دندان ۱۰۰ گرمی,عدد,13,91009,71225,1183117,فروشگاه یاس
1405/04/21,SKU00050,صابون بسته ۶ عددی,بسته,3,118708,94966,356124,بقالی برادران احمدی
1405/04/22,SKU00001,برنج ایرانی هاشمی ۱۰ کیلویی,کارتن,3,4455000,3762000,13365000,فروشگاه امید
1405/04/22,SKU00027,برنج پاکستانی باسماتی ۱۰ کیلویی,کارتن,3,2623500,2079000,7870500,فروشگاه یاس
1405/04/22,SKU00028,روغن آفتابگردان ۱.۸ لیتری,عدد,20,183150,148500,3663000,مینی‌مارکت نسیم
1405/04/22,SKU00029,روغن سرخ‌کردنی ۴.۵ لیتری,عدد,6,450450,376200,2702700,مینی‌مارکت شبانه
1405/04/22,SKU00030,شکر سفید ۹۰۰ گرمی,عدد,10,41580,34650,415800,مینی‌مارکت نسیم
1405/04/22,SKU00031,چای کیسه‌ای ۱۰۰ عددی,عدد,16,242550,193050,3880800,تعاونی مصرف کارکنان
1405/04/22,SKU00032,قهوه فوری ۲۰۰ گرمی,عدد,4,514800,415800,2059200,بقالی برادران احمدی
1405/04/22,SKU00033,نوشابه خانواده ۱.۵ لیتری,عدد,52,47520,37620,2471040,کافه رستوران ونک
1405/04/22,SKU00034,آب معدنی ۱.۵ لیتری بسته ۶ عددی,بسته,16,95040,77220,1520640,فروشگاه زنجیره‌ای مهر
1405/04/22,SKU00035,ماکارونی ۷۰۰ گرمی,عدد,22,51480,41580,1132560,فروشگاه گلستان
1405/04/22,SKU00036,رب گوجه ۸۰۰ گرمی,عدد,9,106920,87120,962280,بقالی برادران احمدی
1405/04/22,SKU00037,تن ماهی ۱۸۰ گرمی,عدد,18,166320,133650,2993760,فروشگاه زنجیره‌ای مهر
1405/04/22,SKU00038,لوبیا چیتی ۹۰۰ گرمی,عدد,15,140580,113850,2108700,سوپرمارکت آفتاب
1405/04/22,SKU00039,عدس ۹۰۰ گرمی,عدد,7,120780,97020,845460,کافه رستوران ونک
1405/04/22,SKU00040,نخود ۹۰۰ گرمی,عدد,4,128700,103950,514800,فروشگاه امید
1405/04/22,SKU00041,پنیر سفید ۴۰۰ گرمی,عدد,16,108900,87120,1742400,مینی‌مارکت نسیم
1405/04/22,SKU00042,شیر کم‌چرب ۱ لیتری,عدد,32,51480,41580,1647360,سوپر مارکت البرز
1405/04/22,SKU00043,ماست دبه ۲ کیلویی,عدد,17,202950,163350,3450150,هایپر ستاره شهر
1405/04/22,SKU00044,کره حیوانی ۱۰۰ گرمی,عدد,10,116820,94050,1168200,هایپر نیک
1405/04/22,SKU00045,مایع ظرفشویی ۳.۷۵ لیتری,عدد,11,217800,173250,2395800,سوپر پروتئین سبز
1405/04/22,SKU00046,پودر لباسشویی ۵ کیلویی,عدد,5,465300,381150,2326500,فروشگاه رفاه محلی
1405/04/22,SKU00047,دستمال کاغذی ۳۰۰ برگ,بسته,27,84150,67320,2272050,کافه رستوران ونک
1405/04/22,SKU00048,شامپو ۹۰۰ میلی‌لیتری,عدد,4,265320,212850,1061280,هایپر نیک
1405/04/22,SKU00049,خمیر دندان ۱۰۰ گرمی,عدد,11,91080,71280,1001880,کافه رستوران ونک
1405/04/22,SKU00050,صابون بسته ۶ عددی,بسته,10,118800,95040,1188000,فروشگاه رفاه محلی
1405/04/23,SKU00001,برنج ایرانی هاشمی ۱۰ کیلویی,کارتن,3,4458462,3764923,13375386,فروشگاه گلستان
1405/04/23,SKU00027,برنج پاکستانی باسماتی ۱۰ کیلویی,کارتن,4,2625538,2080615,10502152,کافه رستوران ونک
1405/04/23,SKU00028,روغن آفتابگردان ۱.۸ لیتری,عدد,28,183292,148615,5132176,سوپرمارکت آفتاب
1405/04/23,SKU00029,روغن سرخ‌کردنی ۴.۵ لیتری,عدد,3,450800,376492,1352400,سوپرمارکت پارسیان
1405/04/23,SKU00030,شکر سفید ۹۰۰ گرمی,عدد,32,41612,34677,1331584,فروشگاه گلستان
1405/04/23,SKU00031,چای کیسه‌ای ۱۰۰ عددی,عدد,9,242738,193200,2184642,سوپرمارکت پارسیان
1405/04/23,SKU00032,قهوه فوری ۲۰۰ گرمی,عدد,2,515200,416123,1030400,سوپر مارکت البرز
1405/04/23,SKU00033,نوشابه خانواده ۱.۵ لیتری,عدد,61,47557,37649,2900977,سوپر مارکت البرز
1405/04/23,SKU00034,آب معدنی ۱.۵ لیتری بسته ۶ عددی,بسته,31,95114,77280,2948534,هایپر ستاره شهر
1405/04/23,SKU00035,ماکارونی ۷۰۰ گرمی,عدد,21,51520,41612,1081920,فروشگاه رفاه محلی
1405/04/23,SKU00036,رب گوجه ۸۰۰ گرمی,عدد,12,107003,87188,1284036,سوپر مارکت البرز
1405/04/23,SKU00037,تن ماهی ۱۸۰ گرمی,عدد,12,166449,133754,1997388,سوپرمارکت پارسیان
1405/04/23,SKU00038,لوبیا چیتی ۹۰۰ گرمی,عدد,5,140689,113938,703445,سوپرمارکت آفتاب
1405/04/23,SKU00039,عدس ۹۰۰ گرمی,عدد,10,120874,97095,1208740,بقالی برادران احمدی
1405/04/23,SKU00040,نخود ۹۰۰ گرمی,عدد,5,128800,104031,644000,سوپرمارکت پارسیان
1405/04/23,SKU00041,پنیر سفید ۴۰۰ گرمی,عدد,16,108985,87188,1743760,فروشگاه رفاه محلی
1405/04/23,SKU00042,شیر کم‌چرب ۱ لیتری,عدد,23,51520,41612,1184960,مینی‌مارکت نسیم
1405/04/23,SKU00043,ماست دبه ۲ کیلویی,عدد,11,203108,163477,2234188,فروشگاه زنجیره‌ای مهر
1405/04/23,SKU00044,کره حیوانی ۱۰۰ گرمی,عدد,7,116911,94123,818377,سوپر پروتئین سبز
1405/04/23,SKU00045,مایع ظرفشویی ۳.۷۵ لیتری,عدد,15,217969,173385,3269535,فروشگاه گلستان
1405/04/23,SKU00046,پودر لباسشویی ۵ کیلویی,عدد,6,465662,381446,2793972,فروشگاه رفاه محلی
1405/04/23,SKU00047,دستمال کاغذی ۳۰۰ برگ,بسته,17,84215,67372,1431655,فروشگاه امید
1405/04/23,SKU00048,شامپو ۹۰۰ میلی‌لیتری,عدد,5,265526,213015,1327630,فروشگاه گلستان
1405/04/23,SKU00049,خمیر دندان ۱۰۰ گرمی,عدد,10,91151,71335,911510,فروشگاه سپیدار
1405/04/23,SKU00050,صابون بسته ۶ عددی,بسته,10,118892,95114,1188920,فروشگاه گلستان
1405/04/24,SKU00001,برنج ایرانی هاشمی ۱۰ کیلویی,کارتن,3,4461923,3767846,13385769,کافه رستوران ونک
1405/04/24,SKU00027,برنج پاکستانی باسماتی ۱۰ کیلویی,کارتن,3,2627577,2082231,7882731,سوپرمارکت آفتاب
1405/04/24,SKU00028,روغن آفتابگردان ۱.۸ لیتری,عدد,31,183435,148731,5686485,سوپر پروتئین سبز
1405/04/24,SKU00029,روغن سرخ‌کردنی ۴.۵ لیتری,عدد,4,451150,376785,1804600,فروشگاه گلستان
1405/04/24,SKU00030,شکر سفید ۹۰۰ گرمی,عدد,30,41645,34704,1249350,فروشگاه امید
1405/04/24,SKU00031,چای کیسه‌ای ۱۰۰ عددی,عدد,17,242927,193350,4129759,هایپر ستاره شهر
1405/04/24,SKU00032,قهوه فوری ۲۰۰ گرمی,عدد,4,515600,416446,2062400,سوپر مارکت البرز
1405/04/24,SKU00033,نوشابه خانواده ۱.۵ لیتری,عدد,77,47594,37678,3664738,مینی‌مارکت نسیم
1405/04/24,SKU00034,آب معدنی ۱.۵ لیتری بسته ۶ عددی,بسته,28,95188,77340,2665264,سوپرمارکت پارسیان
1405/04/24,SKU00035,ماکارونی ۷۰۰ گرمی,عدد,35,51560,41645,1804600,سوپر مارکت البرز
1405/04/24,SKU00036,رب گوجه ۸۰۰ گرمی,عدد,14,107086,87255,1499204,فروشگاه گلستان
1405/04/24,SKU00037,تن ماهی ۱۸۰ گرمی,عدد,24,166578,133858,3997872,فروشگاه امید
1405/04/24,SKU00038,لوبیا چیتی ۹۰۰ گرمی,عدد,11,140798,114027,1548778,فروشگاه رفاه محلی
1405/04/24,SKU00039,عدس ۹۰۰ گرمی,عدد,8,120968,97171,967744,بوفه دانشگاه
1405/04/24,SKU00040,نخود ۹۰۰ گرمی,عدد,4,128900,104112,515600,بوفه دانشگاه
1405/04/24,SKU00041,پنیر سفید ۴۰۰ گرمی,عدد,30,109069,87255,3272070,سوپرمارکت پارسیان
1405/04/24,SKU00042,شیر کم‌چرب ۱ لیتری,عدد,31,51560,41645,1598360,هایپر نیک
1405/04/24,SKU00043,ماست دبه ۲ کیلویی,عدد,22,203265,163604,4471830,سوپر مارکت البرز
1405/04/24,SKU00044,کره حیوانی ۱۰۰ گرمی,عدد,12,117002,94196,1404024,سوپرمارکت پارسیان
1405/04/24,SKU00045,مایع ظرفشویی ۳.۷۵ لیتری,عدد,16,218138,173519,3490208,فروشگاه امید
1405/04/24,SKU00046,پودر لباسشویی ۵ کیلویی,عدد,7,466023,381742,3262161,فروشگاه گلستان
1405/04/24,SKU00047,دستمال کاغذی ۳۰۰ برگ,بسته,26,84281,67425,2191306,فروشگاه زنجیره‌ای مهر
1405/04/24,SKU00048,شامپو ۹۰۰ میلی‌لیتری,عدد,6,265732,213181,1594392,بوفه دانشگاه
1405/04/24,SKU00049,خمیر دندان ۱۰۰ گرمی,عدد,14,91222,71391,1277108,مینی‌مارکت نسیم
1405/04/24,SKU00050,صابون بسته ۶ عددی,بسته,9,118985,95188,1070865,سوپر پروتئین سبز
1405/04/25,SKU00001,برنج ایرانی هاشمی ۱۰ کیلویی,کارتن,3,4465385,3770769,13396155,سوپرمارکت آفتاب
1405/04/25,SKU00027,برنج پاکستانی باسماتی ۱۰ کیلویی,کارتن,7,2629615,2083846,18407305,هایپر نیک
1405/04/25,SKU00028,روغن آفتابگردان ۱.۸ لیتری,عدد,22,183577,148846,4038694,فروشگاه امید
1405/04/25,SKU00029,روغن سرخ‌کردنی ۴.۵ لیتری,عدد,14,451500,377077,6321000,تعاونی مصرف کارکنان
1405/04/25,SKU00030,شکر سفید ۹۰۰ گرمی,عدد,59,41677,34731,2458943,کافه رستوران ونک
1405/04/25,SKU00031,چای کیسه‌ای ۱۰۰ عددی,عدد,15,243115,193500,3646725,هایپر ستاره شهر
1405/04/25,SKU00032,قهوه فوری ۲۰۰ گرمی,عدد,9,516000,416769,4644000,فروشگاه یاس
1405/04/25,SKU00033,نوشابه خانواده ۱.۵ لیتری,عدد,59,47631,37708,2810229,سوپرمارکت پارسیان
1405/04/25,SKU00034,آب معدنی ۱.۵ لیتری بسته ۶ عددی,بسته,53,95262,77400,5048886,کافه رستوران ونک
1405/04/25,SKU00035,ماکارونی ۷۰۰ گرمی,عدد,41,51600,41677,2115600,فروشگاه سپیدار
1405/04/25,SKU00036,رب گوجه ۸۰۰ گرمی,عدد,9,107169,87323,964521,مینی‌مارکت شبانه
1405/04/25,SKU00037,تن ماهی ۱۸۰ گرمی,عدد,17,166708,133962,2834036,سوپر مارکت البرز
1405/04/25,SKU00038,لوبیا چیتی ۹۰۰ گرمی,عدد,11,140908,114115,1549988,سوپر مارکت البرز
1405/04/25,SKU00039,عدس ۹۰۰ گرمی,عدد,9,121062,97246,1089558,فروشگاه امید
1405/04/25,SKU00040,نخود ۹۰۰ گرمی,عدد,7,129000,104192,903000,بوفه دانشگاه
1405/04/25,SKU00041,پنیر سفید ۴۰۰ گرمی,عدد,37,109154,87323,4038698,مینی‌مارکت نسیم
1405/04/25,SKU00042,شیر کم‌چرب ۱ لیتری,عدد,49,51600,41677,2528400,هایپر ستاره شهر
1405/04/25,SKU00043,ماست دبه ۲ کیلویی,عدد,14,203423,163731,2847922,سوپرمارکت آفتاب
1405/04/25,SKU00044,کره حیوانی ۱۰۰ گرمی,عدد,16,117092,94269,1873472,سوپرمارکت آفتاب
1405/04/25,SKU00045,مایع ظرفشویی ۳.۷۵ لیتری,عدد,17,218308,173654,3711236,تعاونی مصرف کارکنان
1405/04/25,SKU00046,پودر لباسشویی ۵ کیلویی,عدد,6,466385,382038,2798310,فروشگاه سپیدار
1405/04/25,SKU00047,دستمال کاغذی ۳۰۰ برگ,بسته,43,84346,67477,3626878,مینی‌مارکت شبانه
1405/04/25,SKU00048,شامپو ۹۰۰ میلی‌لیتری,عدد,8,265938,213346,2127504,سوپرمارکت پارسیان
1405/04/25,SKU00049,خمیر دندان ۱۰۰ گرمی,عدد,23,91292,71446,2099716,بقالی برادران احمدی
1405/04/25,SKU00050,صابون بسته ۶ عددی,بسته,12,119077,95262,1428924,فروشگاه سپیدار
1405/04/26,SKU00001,برنج ایرانی هاشمی ۱۰ کیلویی,کارتن,1,4468846,3773692,4468846,بقالی برادران احمدی
1405/04/26,SKU00027,برنج پاکستانی باسماتی ۱۰ کیلویی,کارتن,3,2631654,2085462,7894962,فروشگاه گلستان
1405/04/26,SKU00028,روغن آفتابگردان ۱.۸ لیتری,عدد,22,183719,148962,4041818,مینی‌مارکت شبانه
1405/04/26,SKU00029,روغن سرخ‌کردنی ۴.۵ لیتری,عدد,4,451850,377369,1807400,مینی‌مارکت شبانه
1405/04/26,SKU00030,شکر سفید ۹۰۰ گرمی,عدد,20,41709,34758,834180,هایپر نیک
1405/04/26,SKU00031,چای کیسه‌ای ۱۰۰ عددی,عدد,7,243304,193650,1703128,سوپرمارکت آفتاب
1405/04/26,SKU00032,قهوه فوری ۲۰۰ گرمی,عدد,3,516400,417092,1549200,فروشگاه زنجیره‌ای مهر
1405/04/26,SKU00033,نوشابه خانواده ۱.۵ لیتری,عدد,25,47668,37737,1191700,هایپر نیک
1405/04/26,SKU00034,آب معدنی ۱.۵ لیتری بسته ۶ عددی,بسته,10,95335,77460,953350,فروشگاه یاس
1405/04/26,SKU00035,ماکارونی ۷۰۰ گرمی,عدد,13,51640,41709,671320,سوپرمارکت آفتاب
1405/04/26,SKU00036,رب گوجه ۸۰۰ گرمی,عدد,8,107252,87391,858016,سوپر مارکت البرز
1405/04/26,SKU00037,تن ماهی ۱۸۰ گرمی,عدد,11,166837,134065,1835207,سوپر مارکت البرز
1405/04/26,SKU00038,لوبیا چیتی ۹۰۰ گرمی,عدد,7,141017,114204,987119,فروشگاه رفاه محلی
1405/04/26,SKU00039,عدس ۹۰۰ گرمی,عدد,6,121155,97322,726930,فروشگاه امید
1405/04/26,SKU00040,نخود ۹۰۰ گرمی,عدد,4,129100,104273,516400,سوپر پروتئین سبز
1405/04/26,SKU00041,پنیر سفید ۴۰۰ گرمی,عدد,12,109238,87391,1310856,فروشگاه زنجیره‌ای مهر
1405/04/26,SKU00042,شیر کم‌چرب ۱ لیتری,عدد,19,51640,41709,981160,سوپر پروتئین سبز
1405/04/26,SKU00043,ماست دبه ۲ کیلویی,عدد,6,203581,163858,1221486,سوپر مارکت البرز
1405/04/26,SKU00044,کره حیوانی ۱۰۰ گرمی,عدد,9,117183,94342,1054647,سوپر پروتئین سبز
1405/04/26,SKU00045,مایع ظرفشویی ۳.۷۵ لیتری,عدد,6,218477,173788,1310862,فروشگاه رفاه محلی
1405/04/26,SKU00046,پودر لباسشویی ۵ کیلویی,عدد,3,466746,382335,1400238,فروشگاه زنجیره‌ای مهر
1405/04/26,SKU00047,دستمال کاغذی ۳۰۰ برگ,بسته,13,84412,67529,1097356,فروشگاه گلستان
1405/04/26,SKU00048,شامپو ۹۰۰ میلی‌لیتری,عدد,3,266145,213512,798435,فروشگاه یاس
1405/04/26,SKU00049,خمیر دندان ۱۰۰ گرمی,عدد,6,91363,71502,548178,فروشگاه زنجیره‌ای مهر
1405/04/26,SKU00050,صابون بسته ۶ عددی,بسته,3,119169,95335,357507,هایپر نیک
1405/04/27,SKU00001,برنج ایرانی هاشمی ۱۰ کیلویی,کارتن,2,4472308,3776615,8944616,بقالی برادران احمدی
1405/04/27,SKU00027,برنج پاکستانی باسماتی ۱۰ کیلویی,کارتن,4,2633692,2087077,10534768,سوپر پروتئین سبز
1405/04/27,SKU00028,روغن آفتابگردان ۱.۸ لیتری,عدد,10,183862,149077,1838620,فروشگاه یاس
1405/04/27,SKU00029,روغن سرخ‌کردنی ۴.۵ لیتری,عدد,6,452200,377662,2713200,فروشگاه رفاه محلی
1405/04/27,SKU00030,شکر سفید ۹۰۰ گرمی,عدد,23,41742,34785,960066,مینی‌مارکت نسیم
1405/04/27,SKU00031,چای کیسه‌ای ۱۰۰ عددی,عدد,8,243492,193800,1947936,فروشگاه امید
1405/04/27,SKU00032,قهوه فوری ۲۰۰ گرمی,عدد,9,516800,417415,4651200,مینی‌مارکت شبانه
1405/04/27,SKU00033,نوشابه خانواده ۱.۵ لیتری,عدد,28,47705,37766,1335740,هایپر ستاره شهر
1405/04/27,SKU00034,آب معدنی ۱.۵ لیتری بسته ۶ عددی,بسته,34,95409,77520,3243906,سوپرمارکت آفتاب
1405/04/27,SKU00035,ماکارونی ۷۰۰ گرمی,عدد,47,51680,41742,2428960,سوپر مارکت البرز
1405/04/27,SKU00036,رب گوجه ۸۰۰ گرمی,عدد,13,107335,87458,1395355,سوپر پروتئین سبز
1405/04/27,SKU00037,تن ماهی ۱۸۰ گرمی,عدد,12,166966,134169,2003592,فروشگاه زنجیره‌ای مهر
1405/04/27,SKU00038,لوبیا چیتی ۹۰۰ گرمی,عدد,14,141126,114292,1975764,هایپر نیک
1405/04/27,SKU00039,عدس ۹۰۰ گرمی,عدد,5,121249,97397,606245,سوپرمارکت آفتاب
1405/04/27,SKU00040,نخود ۹۰۰ گرمی,عدد,3,129200,104354,387600,سوپرمارکت پارسیان
1405/04/27,SKU00041,پنیر سفید ۴۰۰ گرمی,عدد,26,109323,87458,2842398,هایپر نیک
1405/04/27,SKU00042,شیر کم‌چرب ۱ لیتری,عدد,45,51680,41742,2325600,بوفه دانشگاه
1405/04/27,SKU00043,ماست دبه ۲ کیلویی,عدد,17,203738,163985,3463546,بقالی برادران احمدی
1405/04/27,SKU00044,کره حیوانی ۱۰۰ گرمی,عدد,13,117274,94415,1524562,فروشگاه سپیدار
1405/04/27,SKU00045,مایع ظرفشویی ۳.۷۵ لیتری,عدد,9,218646,173923,1967814,سوپر مارکت البرز
1405/04/27,SKU00046,پودر لباسشویی ۵ کیلویی,عدد,4,467108,382631,1868432,سوپر پروتئین سبز
1405/04/27,SKU00047,دستمال کاغذی ۳۰۰ برگ,بسته,33,84477,67582,2787741,فروشگاه سپیدار
1405/04/27,SKU00048,شامپو ۹۰۰ میلی‌لیتری,عدد,5,266351,213677,1331755,فروشگاه یاس
1405/04/27,SKU00049,خمیر دندان ۱۰۰ گرمی,عدد,18,91434,71557,1645812,سوپرمارکت پارسیان
1405/04/27,SKU00050,صابون بسته ۶ عددی,بسته,10,119262,95409,1192620,سوپر پروتئین سبز
1405/04/28,SKU00001,برنج ایرانی هاشمی ۱۰ کیلویی,کارتن,2,4475769,3779538,8951538,بوفه دانشگاه
1405/04/28,SKU00027,برنج پاکستانی باسماتی ۱۰ کیلویی,کارتن,3,2635731,2088692,7907193,هایپر ستاره شهر
1405/04/28,SKU00028,روغن آفتابگردان ۱.۸ لیتری,عدد,30,184004,149192,5520120,سوپرمارکت آفتاب
1405/04/28,SKU00029,روغن سرخ‌کردنی ۴.۵ لیتری,عدد,5,452550,377954,2262750,کافه رستوران ونک
1405/04/28,SKU00030,شکر سفید ۹۰۰ گرمی,عدد,20,41774,34812,835480,فروشگاه امید
1405/04/28,SKU00031,چای کیسه‌ای ۱۰۰ عددی,عدد,6,243681,193950,1462086,فروشگاه امید
1405/04/28,SKU00032,قهوه فوری ۲۰۰ گرمی,عدد,5,517200,417738,2586000,سوپرمارکت آفتاب
1405/04/28,SKU00033,نوشابه خانواده ۱.۵ لیتری,عدد,50,47742,37795,2387100,فروشگاه یاس
1405/04/28,SKU00034,آب معدنی ۱.۵ لیتری بسته ۶ عددی,بسته,29,95483,77580,2769007,بقالی برادران احمدی
1405/04/28,SKU00035,ماکارونی ۷۰۰ گرمی,عدد,27,51720,41774,1396440,فروشگاه سپیدار
1405/04/28,SKU00036,رب گوجه ۸۰۰ گرمی,عدد,9,107418,87526,966762,فروشگاه گلستان
1405/04/28,SKU00037,تن ماهی ۱۸۰ گرمی,عدد,12,167095,134273,2005140,فروشگاه زنجیره‌ای مهر
1405/04/28,SKU00038,لوبیا چیتی ۹۰۰ گرمی,عدد,11,141235,114381,1553585,فروشگاه رفاه محلی
1405/04/28,SKU00039,عدس ۹۰۰ گرمی,عدد,10,121343,97472,1213430,سوپر پروتئین سبز
1405/04/28,SKU00040,نخود ۹۰۰ گرمی,عدد,5,129300,104435,646500,فروشگاه سپیدار
1405/04/28,SKU00041,پنیر سفید ۴۰۰ گرمی,عدد,30,109408,87526,3282240,بقالی برادران احمدی
1405/04/28,SKU00042,شیر کم‌چرب ۱ لیتری,عدد,43,51720,41774,2223960,تعاونی مصرف کارکنان
1405/04/28,SKU00043,ماست دبه ۲ کیلویی,عدد,19,203896,164112,3874024,بوفه دانشگاه
1405/04/28,SKU00044,کره حیوانی ۱۰۰ گرمی,عدد,12,117365,94488,1408380,کافه رستوران ونک
1405/04/28,SKU00045,مایع ظرفشویی ۳.۷۵ لیتری,عدد,13,218815,174058,2844595,کافه رستوران ونک
1405/04/28,SKU00046,پودر لباسشویی ۵ کیلویی,عدد,5,467469,382927,2337345,تعاونی مصرف کارکنان
1405/04/28,SKU00047,دستمال کاغذی ۳۰۰ برگ,بسته,10,84542,67634,845420,فروشگاه زنجیره‌ای مهر
1405/04/28,SKU00048,شامپو ۹۰۰ میلی‌لیتری,عدد,4,266557,213842,1066228,مینی‌مارکت نسیم
1405/04/28,SKU00049,خمیر دندان ۱۰۰ گرمی,عدد,12,91505,71612,1098060,سوپر مارکت البرز
1405/04/28,SKU00050,صابون بسته ۶ عددی,بسته,8,119354,95483,954832,فروشگاه سپیدار
1405/04/29,SKU00001,برنج ایرانی هاشمی ۱۰ کیلویی,کارتن,3,4479231,3782462,13437693,سوپر مارکت البرز
1405/04/29,SKU00027,برنج پاکستانی باسماتی ۱۰ کیلویی,کارتن,2,2637769,2090308,5275538,مینی‌مارکت شبانه
1405/04/29,SKU00028,روغن آفتابگردان ۱.۸ لیتری,عدد,39,184146,149308,7181694,سوپرمارکت پارسیان
1405/04/29,SKU00029,روغن سرخ‌کردنی ۴.۵ لیتری,عدد,7,452900,378246,3170300,بوفه دانشگاه
1405/04/29,SKU00030,شکر سفید ۹۰۰ گرمی,عدد,22,41806,34838,919732,فروشگاه یاس
1405/04/29,SKU00031,چای کیسه‌ای ۱۰۰ عددی,عدد,15,243869,194100,3658035,سوپرمارکت پارسیان
1405/04/29,SKU00032,قهوه فوری ۲۰۰ گرمی,عدد,5,517600,418062,2588000,فروشگاه رفاه محلی
1405/04/29,SKU00033,نوشابه خانواده ۱.۵ لیتری,عدد,46,47778,37825,2197788,مینی‌مارکت شبانه
1405/04/29,SKU00034,آب معدنی ۱.۵ لیتری بسته ۶ عددی,بسته,12,95557,77640,1146684,هایپر نیک
1405/04/29,SKU00035,ماکارونی ۷۰۰ گرمی,عدد,35,51760,41806,1811600,کافه رستوران ونک
1405/04/29,SKU00036,رب گوجه ۸۰۰ گرمی,عدد,3,107502,87594,322506,فروشگاه زنجیره‌ای مهر
1405/04/29,SKU00037,تن ماهی ۱۸۰ گرمی,عدد,7,167225,134377,1170575,مینی‌مارکت شبانه
1405/04/29,SKU00038,لوبیا چیتی ۹۰۰ گرمی,عدد,4,141345,114469,565380,سوپر پروتئین سبز
1405/04/29,SKU00039,عدس ۹۰۰ گرمی,عدد,10,121437,97548,1214370,هایپر نیک
1405/04/29,SKU00040,نخود ۹۰۰ گرمی,عدد,6,129400,104515,776400,سوپر پروتئین سبز
1405/04/29,SKU00041,پنیر سفید ۴۰۰ گرمی,عدد,18,109492,87594,1970856,سوپر مارکت البرز
1405/04/29,SKU00042,شیر کم‌چرب ۱ لیتری,عدد,11,51760,41806,569360,سوپر مارکت البرز
1405/04/29,SKU00043,ماست دبه ۲ کیلویی,عدد,23,204054,164238,4693242,هایپر ستاره شهر
1405/04/29,SKU00044,کره حیوانی ۱۰۰ گرمی,عدد,9,117455,94562,1057095,سوپرمارکت آفتاب
1405/04/29,SKU00045,مایع ظرفشویی ۳.۷۵ لیتری,عدد,12,218985,174192,2627820,فروشگاه سپیدار
1405/04/29,SKU00046,پودر لباسشویی ۵ کیلویی,عدد,5,467831,383223,2339155,مینی‌مارکت نسیم
1405/04/29,SKU00047,دستمال کاغذی ۳۰۰ برگ,بسته,22,84608,67686,1861376,هایپر نیک
1405/04/29,SKU00048,شامپو ۹۰۰ میلی‌لیتری,عدد,2,266763,214008,533526,سوپرمارکت پارسیان
1405/04/29,SKU00049,خمیر دندان ۱۰۰ گرمی,عدد,9,91575,71668,824175,بقالی برادران احمدی
1405/04/29,SKU00050,صابون بسته ۶ عددی,بسته,8,119446,95557,955568,فروشگاه گلستان
1405/04/30,SKU00001,برنج ایرانی هاشمی ۱۰ کیلویی,کارتن,2,4482692,3785385,8965384,فروشگاه گلستان
1405/04/30,SKU00027,برنج پاکستانی باسماتی ۱۰ کیلویی,کارتن,3,2639808,2091923,7919424,بوفه دانشگاه
1405/04/30,SKU00028,روغن آفتابگردان ۱.۸ لیتری,عدد,33,184288,149423,6081504,هایپر نیک
1405/04/30,SKU00029,روغن سرخ‌کردنی ۴.۵ لیتری,عدد,5,453250,378538,2266250,هایپر ستاره شهر
1405/04/30,SKU00030,شکر سفید ۹۰۰ گرمی,عدد,25,41838,34865,1045950,سوپر مارکت البرز
1405/04/30,SKU00031,چای کیسه‌ای ۱۰۰ عددی,عدد,7,244058,194250,1708406,هایپر ستاره شهر
1405/04/30,SKU00032,قهوه فوری ۲۰۰ گرمی,عدد,5,518000,418385,2590000,فروشگاه سپیدار
1405/04/30,SKU00033,نوشابه خانواده ۱.۵ لیتری,عدد,40,47815,37854,1912600,سوپر مارکت البرز
1405/04/30,SKU00034,آب معدنی ۱.۵ لیتری بسته ۶ عددی,بسته,30,95631,77700,2868930,مینی‌مارکت شبانه
1405/04/30,SKU00035,ماکارونی ۷۰۰ گرمی,عدد,24,51800,41838,1243200,فروشگاه سپیدار
1405/04/30,SKU00036,رب گوجه ۸۰۰ گرمی,عدد,12,107585,87662,1291020,کافه رستوران ونک
1405/04/30,SKU00037,تن ماهی ۱۸۰ گرمی,عدد,22,167354,134481,3681788,فروشگاه زنجیره‌ای مهر
1405/04/30,SKU00038,لوبیا چیتی ۹۰۰ گرمی,عدد,9,141454,114558,1273086,هایپر ستاره شهر
1405/04/30,SKU00039,عدس ۹۰۰ گرمی,عدد,2,121531,97623,243062,مینی‌مارکت نسیم
1405/04/30,SKU00040,نخود ۹۰۰ گرمی,عدد,2,129500,104596,259000,فروشگاه سپیدار
1405/04/30,SKU00041,پنیر سفید ۴۰۰ گرمی,عدد,12,109577,87662,1314924,مینی‌مارکت نسیم
1405/04/30,SKU00042,شیر کم‌چرب ۱ لیتری,عدد,20,51800,41838,1036000,فروشگاه سپیدار
1405/04/30,SKU00043,ماست دبه ۲ کیلویی,عدد,22,204212,164365,4492664,کافه رستوران ونک
1405/04/30,SKU00044,کره حیوانی ۱۰۰ گرمی,عدد,13,117546,94635,1528098,تعاونی مصرف کارکنان
1405/04/30,SKU00045,مایع ظرفشویی ۳.۷۵ لیتری,عدد,6,219154,174327,1314924,مینی‌مارکت نسیم
1405/04/30,SKU00046,پودر لباسشویی ۵ کیلویی,عدد,3,468192,383519,1404576,هایپر ستاره شهر
1405/04/30,SKU00047,دستمال کاغذی ۳۰۰ برگ,بسته,18,84673,67738,1524114,هایپر نیک
1405/04/30,SKU00048,شامپو ۹۰۰ میلی‌لیتری,عدد,6,266969,214173,1601814,فروشگاه رفاه محلی
1405/04/30,SKU00049,خمیر دندان ۱۰۰ گرمی,عدد,13,91646,71723,1191398,سوپر پروتئین سبز
1405/04/30,SKU00050,صابون بسته ۶ عددی,بسته,8,119538,95631,956304,فروشگاه سپیدار
1405/04/31,SKU00001,برنج ایرانی هاشمی ۱۰ کیلویی,کارتن,2,4486154,3788308,8972308,هایپر نیک
1405/04/31,SKU00027,برنج پاکستانی باسماتی ۱۰ کیلویی,کارتن,3,2641846,2093538,7925538,مینی‌مارکت نسیم
1405/04/31,SKU00028,روغن آفتابگردان ۱.۸ لیتری,عدد,35,184431,149538,6455085,مینی‌مارکت شبانه
1405/04/31,SKU00029,روغن سرخ‌کردنی ۴.۵ لیتری,عدد,10,453600,378831,4536000,هایپر نیک
1405/04/31,SKU00030,شکر سفید ۹۰۰ گرمی,عدد,28,41871,34892,1172388,سوپر مارکت البرز
1405/04/31,SKU00031,چای کیسه‌ای ۱۰۰ عددی,عدد,13,244246,194400,3175198,فروشگاه سپیدار
1405/04/31,SKU00032,قهوه فوری ۲۰۰ گرمی,عدد,6,518400,418708,3110400,هایپر نیک
1405/04/31,SKU00033,نوشابه خانواده ۱.۵ لیتری,عدد,88,47852,37883,4210976,سوپر پروتئین سبز
1405/04/31,SKU00034,آب معدنی ۱.۵ لیتری بسته ۶ عددی,بسته,26,95705,77760,2488330,مینی‌مارکت نسیم
1405/04/31,SKU00035,ماکارونی ۷۰۰ گرمی,عدد,40,51840,41871,2073600,هایپر نیک
1405/04/31,SKU00036,رب گوجه ۸۰۰ گرمی,عدد,8,107668,87729,861344,مینی‌مارکت نسیم
1405/04/31,SKU00037,تن ماهی ۱۸۰ گرمی,عدد,13,167483,134585,2177279,مینی‌مارکت شبانه
1405/04/31,SKU00038,لوبیا چیتی ۹۰۰ گرمی,عدد,10,141563,114646,1415630,فروشگاه زنجیره‌ای مهر
1405/04/31,SKU00039,عدس ۹۰۰ گرمی,عدد,12,121625,97698,1459500,سوپر پروتئین سبز
1405/04/31,SKU00040,نخود ۹۰۰ گرمی,عدد,3,129600,104677,388800,سوپر مارکت البرز
1405/04/31,SKU00041,پنیر سفید ۴۰۰ گرمی,عدد,13,109662,87729,1425606,فروشگاه گلستان
1405/04/31,SKU00042,شیر کم‌چرب ۱ لیتری,عدد,27,51840,41871,1399680,فروشگاه زنجیره‌ای مهر
1405/04/31,SKU00043,ماست دبه ۲ کیلویی,عدد,16,204369,164492,3269904,سوپرمارکت پارسیان
1405/04/31,SKU00044,کره حیوانی ۱۰۰ گرمی,عدد,13,117637,94708,1529281,فروشگاه زنجیره‌ای مهر
1405/04/31,SKU00045,مایع ظرفشویی ۳.۷۵ لیتری,عدد,13,219323,174462,2851199,بقالی برادران احمدی
1405/04/31,SKU00046,پودر لباسشویی ۵ کیلویی,عدد,5,468554,383815,2342770,سوپر مارکت البرز
1405/04/31,SKU00047,دستمال کاغذی ۳۰۰ برگ,بسته,22,84738,67791,1864236,سوپرمارکت آفتاب
1405/04/31,SKU00048,شامپو ۹۰۰ میلی‌لیتری,عدد,1,267175,214338,267175,سوپرمارکت پارسیان
1405/04/31,SKU00049,خمیر دندان ۱۰۰ گرمی,عدد,17,91717,71778,1559189,هایپر نیک
1405/04/31,SKU00050,صابون بسته ۶ عددی,بسته,11,119631,95705,1315941,بوفه دانشگاه
1405/05/01,SKU00001,برنج ایرانی هاشمی ۱۰ کیلویی,کارتن,3,4489615,3791231,13468845,فروشگاه سپیدار
1405/05/01,SKU00027,برنج پاکستانی باسماتی ۱۰ کیلویی,کارتن,6,2643885,2095154,15863310,هایپر ستاره شهر
1405/05/01,SKU00028,روغن آفتابگردان ۱.۸ لیتری,عدد,41,184573,149654,7567493,هایپر نیک
1405/05/01,SKU00029,روغن سرخ‌کردنی ۴.۵ لیتری,عدد,12,453950,379123,5447400,مینی‌مارکت نسیم
1405/05/01,SKU00030,شکر سفید ۹۰۰ گرمی,عدد,26,41903,34919,1089478,فروشگاه رفاه محلی
1405/05/01,SKU00031,چای کیسه‌ای ۱۰۰ عددی,عدد,17,244435,194550,4155395,فروشگاه سپیدار
1405/05/01,SKU00032,قهوه فوری ۲۰۰ گرمی,عدد,6,518800,419031,3112800,فروشگاه رفاه محلی
1405/05/01,SKU00033,نوشابه خانواده ۱.۵ لیتری,عدد,81,47889,37912,3879009,سوپر مارکت البرز
1405/05/01,SKU00034,آب معدنی ۱.۵ لیتری بسته ۶ عددی,بسته,49,95778,77820,4693122,هایپر نیک
1405/05/01,SKU00035,ماکارونی ۷۰۰ گرمی,عدد,67,51880,41903,3475960,سوپرمارکت پارسیان
1405/05/01,SKU00036,رب گوجه ۸۰۰ گرمی,عدد,23,107751,87797,2478273,فروشگاه سپیدار
1405/05/01,SKU00037,تن ماهی ۱۸۰ گرمی,عدد,28,167612,134688,4693136,مینی‌مارکت شبانه
1405/05/01,SKU00038,لوبیا چیتی ۹۰۰ گرمی,عدد,15,141672,114735,2125080,سوپر پروتئین سبز
1405/05/01,SKU00039,عدس ۹۰۰ گرمی,عدد,9,121718,97774,1095462,فروشگاه زنجیره‌ای مهر
1405/05/01,SKU00040,نخود ۹۰۰ گرمی,عدد,9,129700,104758,1167300,فروشگاه امید
1405/05/01,SKU00041,پنیر سفید ۴۰۰ گرمی,عدد,16,109746,87797,1755936,سوپرمارکت پارسیان
1405/05/01,SKU00042,شیر کم‌چرب ۱ لیتری,عدد,52,51880,41903,2697760,مینی‌مارکت نسیم
1405/05/01,SKU00043,ماست دبه ۲ کیلویی,عدد,25,204527,164619,5113175,هایپر نیک
1405/05/01,SKU00044,کره حیوانی ۱۰۰ گرمی,عدد,7,117728,94781,824096,فروشگاه رفاه محلی
1405/05/01,SKU00045,مایع ظرفشویی ۳.۷۵ لیتری,عدد,20,219492,174596,4389840,مینی‌مارکت شبانه
1405/05/01,SKU00046,پودر لباسشویی ۵ کیلویی,عدد,14,468915,384112,6564810,بوفه دانشگاه
1405/05/01,SKU00047,دستمال کاغذی ۳۰۰ برگ,بسته,23,84804,67843,1950492,سوپر مارکت البرز
1405/05/01,SKU00048,شامپو ۹۰۰ میلی‌لیتری,عدد,13,267382,214504,3475966,فروشگاه سپیدار
1405/05/01,SKU00049,خمیر دندان ۱۰۰ گرمی,عدد,11,91788,71834,1009668,فروشگاه یاس
1405/05/01,SKU00050,صابون بسته ۶ عددی,بسته,14,119723,95778,1676122,بوفه دانشگاه
1405/05/02,SKU00001,برنج ایرانی هاشمی ۱۰ کیلویی,کارتن,1,4493077,3794154,4493077,بقالی برادران احمدی
1405/05/02,SKU00027,برنج پاکستانی باسماتی ۱۰ کیلویی,کارتن,3,2645923,2096769,7937769,فروشگاه زنجیره‌ای مهر
1405/05/02,SKU00028,روغن آفتابگردان ۱.۸ لیتری,عدد,18,184715,149769,3324870,فروشگاه سپیدار
1405/05/02,SKU00029,روغن سرخ‌کردنی ۴.۵ لیتری,عدد,5,454300,379415,2271500,سوپرمارکت پارسیان
1405/05/02,SKU00030,شکر سفید ۹۰۰ گرمی,عدد,17,41935,34946,712895,هایپر نیک
1405/05/02,SKU00031,چای کیسه‌ای ۱۰۰ عددی,عدد,8,244623,194700,1956984,مینی‌مارکت شبانه
1405/05/02,SKU00032,قهوه فوری ۲۰۰ گرمی,عدد,3,519200,419354,1557600,سوپرمارکت پارسیان
1405/05/02,SKU00033,نوشابه خانواده ۱.۵ لیتری,عدد,9,47926,37942,431334,فروشگاه سپیدار
1405/05/02,SKU00034,آب معدنی ۱.۵ لیتری بسته ۶ عددی,بسته,15,95852,77880,1437780,کافه رستوران ونک
1405/05/02,SKU00035,ماکارونی ۷۰۰ گرمی,عدد,14,51920,41935,726880,بوفه دانشگاه
1405/05/02,SKU00036,رب گوجه ۸۰۰ گرمی,عدد,9,107834,87865,970506,فروشگاه یاس
1405/05/02,SKU00037,تن ماهی ۱۸۰ گرمی,عدد,10,167742,134792,1677420,کافه رستوران ونک
1405/05/02,SKU00038,لوبیا چیتی ۹۰۰ گرمی,عدد,3,141782,114823,425346,هایپر نیک
1405/05/02,SKU00039,عدس ۹۰۰ گرمی,عدد,3,121812,97849,365436,فروشگاه یاس
1405/05/02,SKU00040,نخود ۹۰۰ گرمی,عدد,4,129800,104838,519200,سوپر پروتئین سبز
1405/05/02,SKU00041,پنیر سفید ۴۰۰ گرمی,عدد,12,109831,87865,1317972,فروشگاه زنجیره‌ای مهر
1405/05/02,SKU00042,شیر کم‌چرب ۱ لیتری,عدد,12,51920,41935,623040,فروشگاه یاس
1405/05/02,SKU00043,ماست دبه ۲ کیلویی,عدد,9,204685,164746,1842165,سوپرمارکت پارسیان
1405/05/02,SKU00044,کره حیوانی ۱۰۰ گرمی,عدد,10,117818,94854,1178180,هایپر ستاره شهر
1405/05/02,SKU00046,پودر لباسشویی ۵ کیلویی,عدد,3,469277,384408,1407831,کافه رستوران ونک
1405/05/02,SKU00047,دستمال کاغذی ۳۰۰ برگ,بسته,14,84869,67895,1188166,تعاونی مصرف کارکنان
1405/05/02,SKU00048,شامپو ۹۰۰ میلی‌لیتری,عدد,2,267588,214669,535176,فروشگاه گلستان
1405/05/02,SKU00049,خمیر دندان ۱۰۰ گرمی,عدد,9,91858,71889,826722,سوپر پروتئین سبز
1405/05/02,SKU00050,صابون بسته ۶ عددی,بسته,7,119815,95852,838705,سوپر مارکت البرز
1405/05/03,SKU00001,برنج ایرانی هاشمی ۱۰ کیلویی,کارتن,2,4496538,3797077,8993076,فروشگاه زنجیره‌ای مهر
1405/05/03,SKU00027,برنج پاکستانی باسماتی ۱۰ کیلویی,کارتن,5,2647962,2098385,13239810,فروشگاه رفاه محلی
1405/05/03,SKU00028,روغن آفتابگردان ۱.۸ لیتری,عدد,45,184858,149885,8318610,سوپر مارکت البرز
1405/05/03,SKU00029,روغن سرخ‌کردنی ۴.۵ لیتری,عدد,8,454650,379708,3637200,فروشگاه امید
1405/05/03,SKU00030,شکر سفید ۹۰۰ گرمی,عدد,30,41968,34973,1259040,فروشگاه سپیدار
1405/05/03,SKU00031,چای کیسه‌ای ۱۰۰ عددی,عدد,12,244812,194850,2937744,فروشگاه سپیدار
1405/05/03,SKU00032,قهوه فوری ۲۰۰ گرمی,عدد,4,519600,419677,2078400,مینی‌مارکت نسیم
1405/05/03,SKU00033,نوشابه خانواده ۱.۵ لیتری,عدد,77,47963,37971,3693151,کافه رستوران ونک
1405/05/03,SKU00034,آب معدنی ۱.۵ لیتری بسته ۶ عددی,بسته,38,95926,77940,3645188,فروشگاه رفاه محلی
1405/05/03,SKU00035,ماکارونی ۷۰۰ گرمی,عدد,46,51960,41968,2390160,فروشگاه زنجیره‌ای مهر
1405/05/03,SKU00036,رب گوجه ۸۰۰ گرمی,عدد,12,107917,87932,1295004,تعاونی مصرف کارکنان
1405/05/03,SKU00037,تن ماهی ۱۸۰ گرمی,عدد,19,167871,134896,3189549,کافه رستوران ونک
1405/05/03,SKU00038,لوبیا چیتی ۹۰۰ گرمی,عدد,10,141891,114912,1418910,هایپر نیک
1405/05/03,SKU00039,عدس ۹۰۰ گرمی,عدد,12,121906,97925,1462872,کافه رستوران ونک
1405/05/03,SKU00040,نخود ۹۰۰ گرمی,عدد,5,129900,104919,649500,فروشگاه سپیدار
1405/05/03,SKU00041,پنیر سفید ۴۰۰ گرمی,عدد,30,109915,87932,3297450,سوپر پروتئین سبز
1405/05/03,SKU00042,شیر کم‌چرب ۱ لیتری,عدد,33,51960,41968,1714680,فروشگاه سپیدار
1405/05/03,SKU00043,ماست دبه ۲ کیلویی,عدد,7,204842,164873,1433894,سوپرمارکت آفتاب
1405/05/03,SKU00044,کره حیوانی ۱۰۰ گرمی,عدد,10,117909,94927,1179090,فروشگاه امید
1405/05/03,SKU00045,مایع ظرفشویی ۳.۷۵ لیتری,عدد,15,219831,174865,3297465,فروشگاه زنجیره‌ای مهر
1405/05/03,SKU00046,پودر لباسشویی ۵ کیلویی,عدد,6,469638,384704,2817828,فروشگاه یاس
1405/05/03,SKU00047,دستمال کاغذی ۳۰۰ برگ,بسته,23,84935,67948,1953505,بقالی برادران احمدی
1405/05/03,SKU00048,شامپو ۹۰۰ میلی‌لیتری,عدد,4,267794,214835,1071176,هایپر نیک
1405/05/03,SKU00049,خمیر دندان ۱۰۰ گرمی,عدد,11,91929,71945,1011219,فروشگاه یاس
1405/05/03,SKU00050,صابون بسته ۶ عددی,بسته,14,119908,95926,1678712,مینی‌مارکت شبانه
1405/05/04,SKU00001,برنج ایرانی هاشمی ۱۰ کیلویی,کارتن,2,4500000,3800000,9000000,هایپر نیک
1405/05/04,SKU00027,برنج پاکستانی باسماتی ۱۰ کیلویی,کارتن,5,2650000,2100000,13250000,فروشگاه زنجیره‌ای مهر
1405/05/04,SKU00028,روغن آفتابگردان ۱.۸ لیتری,عدد,36,185000,150000,6660000,هایپر ستاره شهر
1405/05/04,SKU00029,روغن سرخ‌کردنی ۴.۵ لیتری,عدد,9,455000,380000,4095000,سوپرمارکت پارسیان
1405/05/04,SKU00030,شکر سفید ۹۰۰ گرمی,عدد,23,42000,35000,966000,فروشگاه یاس
1405/05/04,SKU00031,چای کیسه‌ای ۱۰۰ عددی,عدد,8,245000,195000,1960000,سوپر پروتئین سبز
1405/05/04,SKU00032,قهوه فوری ۲۰۰ گرمی,عدد,6,520000,420000,3120000,هایپر ستاره شهر
1405/05/04,SKU00033,نوشابه خانواده ۱.۵ لیتری,عدد,56,48000,38000,2688000,بقالی برادران احمدی
1405/05/04,SKU00034,آب معدنی ۱.۵ لیتری بسته ۶ عددی,بسته,35,96000,78000,3360000,سوپر مارکت البرز
1405/05/04,SKU00035,ماکارونی ۷۰۰ گرمی,عدد,19,52000,42000,988000,هایپر ستاره شهر
1405/05/04,SKU00036,رب گوجه ۸۰۰ گرمی,عدد,9,108000,88000,972000,فروشگاه رفاه محلی
1405/05/04,SKU00037,تن ماهی ۱۸۰ گرمی,عدد,22,168000,135000,3696000,تعاونی مصرف کارکنان
1405/05/04,SKU00038,لوبیا چیتی ۹۰۰ گرمی,عدد,12,142000,115000,1704000,فروشگاه امید
1405/05/04,SKU00039,عدس ۹۰۰ گرمی,عدد,11,122000,98000,1342000,سوپرمارکت پارسیان
1405/05/04,SKU00040,نخود ۹۰۰ گرمی,عدد,5,130000,105000,650000,بقالی برادران احمدی
1405/05/04,SKU00041,پنیر سفید ۴۰۰ گرمی,عدد,18,110000,88000,1980000,سوپرمارکت آفتاب
1405/05/04,SKU00042,شیر کم‌چرب ۱ لیتری,عدد,32,52000,42000,1664000,بوفه دانشگاه
1405/05/04,SKU00043,ماست دبه ۲ کیلویی,عدد,11,205000,165000,2255000,بوفه دانشگاه
1405/05/04,SKU00044,کره حیوانی ۱۰۰ گرمی,عدد,10,118000,95000,1180000,سوپرمارکت آفتاب
1405/05/04,SKU00045,مایع ظرفشویی ۳.۷۵ لیتری,عدد,11,220000,175000,2420000,فروشگاه زنجیره‌ای مهر
1405/05/04,SKU00046,پودر لباسشویی ۵ کیلویی,عدد,5,470000,385000,2350000,فروشگاه رفاه محلی
1405/05/04,SKU00047,دستمال کاغذی ۳۰۰ برگ,بسته,26,85000,68000,2210000,کافه رستوران ونک
1405/05/04,SKU00048,شامپو ۹۰۰ میلی‌لیتری,عدد,5,268000,215000,1340000,مینی‌مارکت نسیم
1405/05/04,SKU00049,خمیر دندان ۱۰۰ گرمی,عدد,16,92000,72000,1472000,بوفه دانشگاه
1405/05/04,SKU00050,صابون بسته ۶ عددی,بسته,9,120000,96000,1080000,سوپر پروتئین سبز
